Fecha,Libro,Autor,Género,Cantidad,Precio Unitario
2024/08/21,La teoría del todo,Frederick Wade,Romance,19,15.48
2023/11/16,El arte de la guerra,Amy Martin,Ciencia,11,33.82
2023/11/25,Crónicas de un viajero,Jose Campbell,Fantasía,7,49.17
2023/03/23,Crónicas de un viajero,Jennifer Miller,No Ficción,3,16.96
2022/06/02,El arte de la guerra,Christopher Weaver,No Ficción,9,48.72
2023/11/12,La teoría del todo,Brian Christensen,Terror,10,7.46
2025/03/03,La teoría del todo,Cindy Savage,Fantasía,8,9.66
2023/05/28,Secretos ocultos,Anna Hayes,Ciencia,14,49.35
2024/07/12,El arte de la guerra,Breanna Berry,Romance,6,36.51
2022/12/01,Bajo la luna roja,Maria Young,Ciencia,13,21.91
2024/03/19,El enigma de la cueva,Ricky Liu,Misterio,8,5.93
2024/04/08,Sombras en la ciudad,Tanya Griffin DDS,Misterio,10,28.77
2022/10/02,Secretos ocultos,Toni Richardson,Historia,7,9.15
2023/05/28,La teoría del todo,Tonya Prince,Fantasía,13,48.35
2023/09/29,Mentes brillantes,Desiree Bird,Terror,19,5.45
2021/09/19,Sombras en la ciudad,Tiffany Williams,Romance,11,31.67
2024/04/11,Sombras en la ciudad,Tiffany Rodriguez,Fantasía,12,14.56
2022/09/02,Crónicas de un viajero,William Pacheco,Autoayuda,9,42.78
2024/12/26,Sombras en la ciudad,Richard Banks,No Ficción,19,10.05
2022/09/09,El enigma de la cueva,Austin Carpenter,Ficción,15,7.07
2022/07/07,Secretos ocultos,Mary Ortega,No Ficción,4,18.95
2023/12/27,El misterio del tiempo,Joseph Alvarado,Romance,19,32.31
2022/04/10,El misterio del tiempo,Keith White,Fantasía,2,22.46
2022/02/19,Bajo la luna roja,Shane Kennedy,Romance,4,20.38
2024/10/01,El arte de la guerra,Paula Jackson,Ficción,14,31.84
2024/08/07,La sombra del viento,Lori Strickland,Fantasía,13,20.53
2023/12/30,Crónicas de un viajero,Christopher Liu,Autoayuda,14,13.98
2022/08/08,El alquimista,Michael Ingram,Terror,2,17.91
2023/09/08,La sombra del viento,William Mckinney,Misterio,16,25.42
2023/07/25,El alquimista,Brian Meyers,Ficción,19,22.69
2022/09/22,El último amanecer,Amanda Stewart,Misterio,13,12.82
2022/02/28,Mentes brillantes,Kristina Rodriguez DVM,Misterio,2,34.82
2022/02/16,Crónicas de un viajero,Stephanie Schmidt,Terror,6,21.65
2023/10/29,Secretos ocultos,Timothy Martinez,No Ficción,12,31.41
2023/01/13,El enigma de la cueva,Marc Austin,Ficción,10,17.47
2024/04/23,Las voces del pasado,Madison Mcbride,No Ficción,1,46.48
2023/08/04,El arte de la guerra,Charles Joyce,Romance,16,18.71
2024/11/16,El arte de la guerra,Mary Hill,Autoayuda,16,5.5
2024/01/15,Sombras en la ciudad,Carrie Young,Fantasía,15,5.2
2022/12/24,Las voces del pasado,David May,Ficción,1,38.35
2022/04/06,El último amanecer,Jessica Williams,Fantasía,10,40.16
2023/08/15,La sombra del viento,John Clark,Historia,1,40.92
2022/06/17,El misterio del tiempo,Angel Fletcher,Ciencia,18,41.82
2023/12/17,La teoría del todo,Gail Galvan,Ficción,9,10.18
2024/05/21,Sombras en la ciudad,Laura Lowe,Misterio,3,37.18
2023/01/08,El arte de la guerra,Mrs. Emily Day,Misterio,8,43.49
2024/03/16,La sombra del viento,Kelly Smith,Ficción,13,16.96
2025/03/25,Crónicas de un viajero,Jesse Riggs,Ficción,20,18.12
2024/05/12,El enigma de la cueva,Gary Cordova,Autoayuda,14,43.18
2022/09/22,Las voces del pasado,Megan Torres,No Ficción,17,13.47
2024/05/14,Destino incierto,Katherine Webb,Autoayuda,2,21.94
2022/08/29,Destino incierto,Stephanie Rodriguez,Terror,8,28.47
2021/07/29,Las voces del pasado,Charles Hopkins,Autoayuda,13,14.9
2023/07/12,Sombras en la ciudad,Bill Bell,Autoayuda,12,31.8
2021/12/19,Destino incierto,Charles Martin,Autoayuda,2,15.28
2025/03/17,Bajo la luna roja,Ashley Mack,Autoayuda,2,47.46
2025/01/17,El misterio del tiempo,Brittany Dennis,Autoayuda,15,38.23
2022/02/11,La sombra del viento,Lisa Perez,Ciencia,3,5.75
2021/12/21,Cien años de soledad,Christopher Brown,Historia,11,41.65
2025/01/23,Mentes brillantes,Lisa Hudson,Ficción,1,42.03
2021/05/14,Cien años de soledad,James Baldwin,Ficción,2,32.84
2021/08/17,Destino incierto,Clinton Turner,Terror,7,17.92
2023/02/06,Bajo la luna roja,Jimmy Moody,Terror,6,27.38
2024/08/20,El enigma de la cueva,Timothy Harvey,Romance,14,27.15
2021/10/07,Sombras en la ciudad,Mark Dixon,Terror,8,30.78
2023/05/25,Crónicas de un viajero,James Johnson,Ciencia,20,8.36
2023/02/19,Sombras en la ciudad,Erin Todd,Autoayuda,6,23.22
2021/05/28,El enigma de la cueva,Robert Cooper,Terror,9,14.7
2021/10/20,El misterio del tiempo,Lori Kelly,Terror,10,16.82
2024/01/09,La sombra del viento,Cassidy Ramirez,No Ficción,7,6.19
2022/08/01,Cien años de soledad,Pamela Drake,Autoayuda,9,45.89
2022/07/20,El misterio del tiempo,Rebekah Peterson,Fantasía,20,28.33
2023/03/29,Crónicas de un viajero,Jonathan Reed,Ciencia,4,24.42
2024/02/12,El arte de la guerra,Jonathan May,Misterio,15,24.69
2023/10/01,Secretos ocultos,Lorraine Johnson,No Ficción,3,26.86
2022/06/19,La sombra del viento,Kelly Rojas,Romance,7,20.7
2021/07/17,Secretos ocultos,Jennifer Floyd,No Ficción,12,30.45
2023/12/14,El alquimista,Monica Rivera,Romance,4,13.13
2024/04/10,Sombras en la ciudad,Hayley Harris,Romance,11,22.74
2023/11/10,La teoría del todo,Sandra Young,No Ficción,1,13.97
2024/05/29,Cien años de soledad,Ashley Eaton,Ciencia,19,20.93
2024/01/19,Cien años de soledad,John Lewis,Ficción,14,8.59
2021/06/22,El último amanecer,Ashley Cox,No Ficción,17,32.23
2023/06/17,El misterio del tiempo,Robert Kent,Fantasía,15,28.6
2023/09/08,Bajo la luna roja,Sharon Ballard,Ciencia,19,31.71
2024/05/13,Crónicas de un viajero,Daniel Wood,Misterio,16,41.2
2024/04/19,Sombras en la ciudad,Samuel Trevino,Fantasía,4,22.35
2024/06/13,El arte de la guerra,Valerie Stevenson,Autoayuda,16,26.25
2022/04/01,Sombras en la ciudad,Harold Perez,Ciencia,12,36.86
2022/07/02,Secretos ocultos,Sandra Clark,Romance,3,22.16
2022/08/06,Mentes brillantes,Mary Mckinney,Ficción,13,28.17
2022/06/23,El enigma de la cueva,Christine Wilson,No Ficción,5,46.69
2022/08/26,La sombra del viento,Kimberly Beasley,No Ficción,12,44.87
2023/04/11,La teoría del todo,Kristin Pham,Misterio,5,37.1
2022/01/30,Mentes brillantes,Doris Walker,Misterio,14,13.94
2021/07/05,El último amanecer,Johnny Adams,Fantasía,13,27.14
2023/05/20,La teoría del todo,Lisa Lee,Autoayuda,14,14.01
2022/09/15,La teoría del todo,Gregory Carr,Autoayuda,5,7.31
2021/06/30,Secretos ocultos,Anthony Drake,Ficción,3,40.29
2023/07/24,Las voces del pasado,Heather Calhoun,Romance,19,18.14
2022/04/26,Sombras en la ciudad,Janet Green,Misterio,14,17.64
2022/02/21,Sombras en la ciudad,Sheila Bradley,Misterio,16,22.32
2021/08/31,Destino incierto,Amanda Wood MD,Misterio,5,40.27
2023/03/11,Bajo la luna roja,Jerry Riley,Ficción,7,28.55
2023/06/04,El misterio del tiempo,Jason West,Terror,3,47.06
2022/05/25,Mentes brillantes,Marissa Perry,Terror,20,42.67
2021/05/06,El último amanecer,Jill Martinez,Romance,14,9.22
2022/01/10,El enigma de la cueva,Pamela White,Historia,16,21.64
2021/06/17,La teoría del todo,Amy Rivera,Autoayuda,18,24.63
2024/02/11,La teoría del todo,Ryan Lee,Ficción,3,36.12
2023/11/25,El alquimista,Larry Salinas,Terror,9,37.62
2024/07/29,La sombra del viento,Donna Cooper,No Ficción,5,21.03
2023/09/27,La teoría del todo,Amanda Diaz,Ficción,20,28.18
2024/08/25,Crónicas de un viajero,Stephanie Santos,Misterio,15,13.07
2023/12/06,El arte de la guerra,Angela Moore,Historia,10,48.31
2021/10/18,El enigma de la cueva,Nathaniel Greene,Fantasía,13,15.65
2024/11/12,Cien años de soledad,Brittany Lopez,Terror,16,16.14
2022/06/09,El alquimista,Molly Holmes,Historia,10,7.74
2023/11/05,Mentes brillantes,Mary Little,Ficción,17,29.16
2024/01/02,Mentes brillantes,Brian Pittman,Misterio,10,45.24
2022/09/25,El enigma de la cueva,Elizabeth Wright,Historia,4,34.19
2024/09/08,Secretos ocultos,Jill Parker,No Ficción,16,49.05
2022/05/04,Secretos ocultos,Robert Armstrong,Autoayuda,20,37.68
2024/12/06,Destino incierto,Ashley Gonzalez,Autoayuda,15,30.62
2024/08/13,Destino incierto,Keith Lawrence,Fantasía,10,32.3
2025/01/01,El arte de la guerra,Jessica Rosario,No Ficción,2,46.55
2024/05/05,El misterio del tiempo,April Long,Ciencia,1,46.75
2022/12/31,La teoría del todo,Julie Owen,No Ficción,8,35.12
2023/05/31,El arte de la guerra,Claudia Castro,Fantasía,15,33.91
2024/08/12,El último amanecer,James Perez,Romance,11,24.3
2024/08/13,Bajo la luna roja,Melissa Patrick,Misterio,10,44.48
2023/05/19,La teoría del todo,Anthony Allen,Romance,19,42.56
2024/05/07,El alquimista,David Clark,Misterio,1,26.2
2024/01/22,Bajo la luna roja,Monique Tanner,Misterio,14,41
2022/10/25,Sombras en la ciudad,Rhonda Collins,Ciencia,15,9.38
2023/04/02,Mentes brillantes,Megan Ryan,Romance,10,37.92
2021/07/20,Bajo la luna roja,Zachary Mack,Autoayuda,17,49.37
2022/03/20,La teoría del todo,Rachel Mullen,Romance,8,26.61
2021/06/06,Crónicas de un viajero,Jorge Campbell,No Ficción,19,18.64
2023/07/21,Crónicas de un viajero,Daniel Kennedy DDS,Historia,15,18.21
2023/08/27,La teoría del todo,William Mccarty,Historia,15,11.93
2022/10/19,Sombras en la ciudad,Michael Patton,Romance,12,31.03
2024/08/20,El arte de la guerra,Anthony Pitts,Romance,4,37.08
2025/03/23,El último amanecer,Christine Fields,Terror,5,37.44
2023/04/10,Bajo la luna roja,Hector Hughes,Misterio,7,15.79
2025/01/15,El misterio del tiempo,Mark Harrison,Fantasía,9,27.98
2022/09/11,Mentes brillantes,Melinda Oneal,Romance,9,44.2
2024/05/06,Destino incierto,Karen Alexander,Autoayuda,1,7.07
2023/02/24,Bajo la luna roja,Matthew Glover,Ciencia,15,35.29
2022/10/17,El enigma de la cueva,Tyrone Johnson,Fantasía,16,35.88
2021/08/23,Cien años de soledad,Dr. Leslie Peters,Misterio,9,28.51
2024/03/26,El misterio del tiempo,Shannon Garcia,Ciencia,17,24.24
2025/03/29,El arte de la guerra,Ryan Moreno,Ciencia,19,22.87
2023/08/09,El enigma de la cueva,Shannon Gordon,Historia,13,42.76
2023/01/09,El arte de la guerra,Christopher Walker,Romance,12,23
2025/03/04,Bajo la luna roja,Melissa Bryant,Ciencia,3,29.22
2023/04/06,El misterio del tiempo,Catherine Jones,Misterio,7,21.29
2022/11/05,Destino incierto,Jamie Frank,Autoayuda,1,38.11
2022/08/18,El arte de la guerra,Juan Collins,Ciencia,19,24.89
2023/01/27,El misterio del tiempo,Mark Gibson,Misterio,4,18.95
2024/12/31,Mentes brillantes,Marc Carroll,Misterio,11,11.82
2022/12/21,Secretos ocultos,Annette Graham,Terror,10,42.62
2021/05/18,Bajo la luna roja,Mary Cunningham,Romance,18,35.98
2021/10/25,La teoría del todo,Stephanie Oconnor,No Ficción,10,27.37
2023/02/21,Sombras en la ciudad,Melissa Alexander,Historia,13,47.32
2023/09/19,Bajo la luna roja,Kristina Stokes,No Ficción,12,16.08
2022/08/06,Crónicas de un viajero,Carla Tran,Autoayuda,1,34.59
2021/04/15,Secretos ocultos,Shari Davis,Misterio,2,15.01
2023/10/05,Cien años de soledad,Gary Mullins,Ficción,9,36.38
2024/03/23,Crónicas de un viajero,Kayla Cortez,No Ficción,10,38.68
2021/12/22,El arte de la guerra,Cameron Martin,Misterio,10,26.4
2021/06/22,Destino incierto,James Terry,Historia,18,31.22
2023/02/15,Mentes brillantes,Chelsea Crawford,Terror,8,19.95
2024/12/24,El alquimista,Emily Novak,Ciencia,12,44.74
2024/12/06,Crónicas de un viajero,Paige Ramos,Misterio,10,23.28
2024/10/09,Destino incierto,Michael Hester,No Ficción,7,8.6
2022/12/24,La teoría del todo,Katie Griffin,Ficción,16,26.01
2023/07/25,El último amanecer,Stephanie Manning,Terror,16,22.95
2024/12/28,Crónicas de un viajero,Eric Patton,Historia,17,31.82
2023/08/10,Sombras en la ciudad,Mark Coleman,Ciencia,4,24.37
2022/09/27,Sombras en la ciudad,Cynthia Gardner,Historia,13,45.99
2024/04/01,Destino incierto,Kathy Howard,Romance,1,35.81
2025/03/14,Bajo la luna roja,Julie Murray,Romance,6,33.81
2024/06/29,La sombra del viento,Caroline Miller,Ciencia,13,31.24
2024/06/23,Cien años de soledad,Mathew Hartman,Terror,13,17.62
2024/07/14,Las voces del pasado,Nicholas Miller,Misterio,4,6.25
2021/08/23,Crónicas de un viajero,Nicole Mcdaniel,Fantasía,1,12.76
2024/10/17,Mentes brillantes,Jeffrey Owens,Historia,13,13.82
2023/02/23,El alquimista,Justin West,Fantasía,19,25.27
2024/02/10,El alquimista,Tyler Allen,Autoayuda,18,49.9
2024/09/12,La teoría del todo,Matthew Smith,Ciencia,3,24.05
2021/07/23,El misterio del tiempo,Stephen York,Terror,12,20.4
2022/01/26,Crónicas de un viajero,Edward Jacobson,No Ficción,8,29.38
2024/12/30,El enigma de la cueva,Shannon Rodgers,Autoayuda,13,42.64
2022/04/08,Secretos ocultos,Lauren Marshall,Romance,4,30.77
2022/06/23,El alquimista,Mrs. Cynthia Young MD,Terror,18,18.32
2021/08/18,El enigma de la cueva,Heather Johnson,Fantasía,17,28.94
2022/12/15,Crónicas de un viajero,Anthony Woods,Autoayuda,15,49.46
2021/04/05,El alquimista,Sharon Bryant,Romance,12,46.43
2024/02/09,Las voces del pasado,Emily Dixon,Ficción,8,43.86
2022/06/21,El enigma de la cueva,Austin Mcdowell,Ciencia,18,10.46
2022/10/18,Mentes brillantes,Mary Herring,Terror,1,43.49
2024/11/26,La sombra del viento,Brandy Cruz,Fantasía,1,48.65
2025/03/24,Sombras en la ciudad,Victoria Holmes,Ficción,7,19.6
2024/05/05,Las voces del pasado,Nathan Calderon,No Ficción,12,12.25
2022/06/26,Destino incierto,Sonya Hale,Romance,9,13.37
2023/01/13,Cien años de soledad,Jason Wheeler,Historia,20,31.41
2021/09/13,Crónicas de un viajero,Olivia Baker,Ficción,4,40.35
2024/10/22,Mentes brillantes,Matthew Barnes,Historia,1,7.42
2021/12/30,Mentes brillantes,Jamie Munoz,Ciencia,15,27.12
2022/01/21,El alquimista,Cynthia Cole,Fantasía,16,11.75
2022/09/28,Destino incierto,Jason Williams,Ciencia,2,28.98
2021/05/31,Secretos ocultos,Benjamin Kirby,Autoayuda,14,31.8
2021/04/09,El misterio del tiempo,Grace Watts,Historia,20,13.14
2024/02/16,La sombra del viento,Hannah Johnson,Romance,2,11.36
2023/10/08,Cien años de soledad,Kimberly Oneill,Terror,19,46.68
2022/02/21,Bajo la luna roja,Gina Garcia,No Ficción,20,11.67
2022/12/26,El misterio del tiempo,Peter Ortega,Misterio,19,39.11
2023/05/03,El alquimista,Shari Paul,Ficción,3,19.66
2022/01/27,Las voces del pasado,Misty James,Misterio,19,6.64
2023/01/25,Cien años de soledad,Christopher Mathis,Ficción,12,29.73
2021/10/09,Las voces del pasado,Olivia Garrison,Historia,18,39.87
2021/08/02,El alquimista,Gregory Brown,No Ficción,9,6.19
2023/12/19,El enigma de la cueva,Michael Lucero,Historia,9,24.27
2021/09/27,Mentes brillantes,Daniel Haley,Ciencia,17,35.61
2023/07/06,Cien años de soledad,Jessica Herrera,Misterio,19,27.03
2024/08/26,Bajo la luna roja,Destiny Webster,Ficción,12,13.38
2022/03/02,La sombra del viento,Charles Wong,Historia,20,45.98
2023/02/06,El misterio del tiempo,Ann Perez,Autoayuda,14,19.91
2022/10/13,El misterio del tiempo,William Dixon,Autoayuda,12,37.12
2023/09/28,El arte de la guerra,Mitchell Johns,Terror,6,14.38
2025/03/11,Crónicas de un viajero,Clayton Schwartz,Historia,19,16.39
2023/02/14,Cien años de soledad,Sherri Alvarado,Historia,12,20.97
2021/10/10,Sombras en la ciudad,Chelsea Fernandez,Ciencia,1,49.81
2023/04/19,La teoría del todo,Anna Davis,Ciencia,13,25.86
2023/04/28,Destino incierto,Harold Turner,Historia,15,20.24
2025/02/23,Secretos ocultos,Katrina Mooney,Autoayuda,14,35.53
2024/11/02,Cien años de soledad,Hannah Huffman,No Ficción,12,8.08
2023/05/18,El arte de la guerra,Tiffany Lewis,Ciencia,16,14.21
2022/04/14,Mentes brillantes,Monica Deleon DVM,Ciencia,8,5.43
2022/02/07,Secretos ocultos,Angela Cortez,Misterio,8,27.72
2021/04/30,El enigma de la cueva,Matthew Davenport,Fantasía,20,34.79
2024/10/14,Crónicas de un viajero,April Vasquez,Autoayuda,20,42.18
2024/12/03,El enigma de la cueva,Carolyn Gonzales,Misterio,5,44.44
2023/12/26,El arte de la guerra,William Douglas,No Ficción,8,7.66
2023/10/18,Sombras en la ciudad,Ashley Brown,Ciencia,5,36.53
2022/05/28,El misterio del tiempo,Thomas Cantu,Historia,9,21.07
2023/04/04,El misterio del tiempo,Evan Williamson,Ciencia,6,34.32
2022/11/19,Destino incierto,Charlene Rojas,Fantasía,10,7.24
2024/05/01,El misterio del tiempo,Christopher Arnold,Historia,7,14.53
2023/03/10,El alquimista,Keith Jackson,Historia,18,23.11
2025/02/20,La sombra del viento,Jennifer Burton,Fantasía,9,39.78
2021/09/15,Secretos ocultos,Tina Cooper,Historia,19,35.42
2022/08/08,Mentes brillantes,Debra Downs,Terror,13,35.42
2023/02/09,Las voces del pasado,William Cabrera,Romance,19,31.4
2023/11/20,El enigma de la cueva,Kristina Obrien,Ficción,14,49.54
2021/11/23,Mentes brillantes,Corey Brown,No Ficción,18,26.57
2023/01/18,El arte de la guerra,Michelle Jones,Historia,1,9.46
2023/09/19,Bajo la luna roja,William Bryant,Misterio,10,16.42
2024/03/26,La teoría del todo,Kevin Huffman,Ficción,1,40.33
2021/11/20,Mentes brillantes,Jennifer Ellis,Autoayuda,12,26.49
2025/03/15,Las voces del pasado,Dawn Anderson,Romance,2,48.87
2021/10/23,Mentes brillantes,Christopher Williams,Ciencia,1,19.48
2022/07/21,Crónicas de un viajero,Mark Williams,Autoayuda,4,8.9
2022/09/01,Destino incierto,Daniel Carter,Ficción,7,7.48
2024/04/05,Bajo la luna roja,Daniel Grant,Ficción,8,12.04
2022/06/10,El alquimista,Patrick Reyes,No Ficción,14,17.05
2022/06/07,Las voces del pasado,Clinton Barron,Romance,1,17.04
2023/02/01,El alquimista,Kristen Brown,Romance,15,5.54
2023/07/20,Bajo la luna roja,Richard Strickland,Autoayuda,8,9.24
2022/01/24,Secretos ocultos,Hayley Robbins,Fantasía,5,18.46
2021/12/23,El misterio del tiempo,Tammy Horne,No Ficción,5,41.34
2024/02/16,Crónicas de un viajero,Michael Johnson,Ciencia,18,5.17
2022/06/16,El arte de la guerra,John Martin,Autoayuda,2,16.71
2022/10/25,Mentes brillantes,Nathan Gardner,Autoayuda,2,29.02
2022/12/02,Las voces del pasado,Amy Sanchez,Misterio,6,30.12
2023/02/10,Cien años de soledad,Amanda Anderson,Misterio,13,45.4
2021/05/14,Mentes brillantes,Dwayne Hunt,Fantasía,2,34.81
2024/08/05,El arte de la guerra,Jeffrey Christensen,Fantasía,13,22.71
2024/01/11,La sombra del viento,Joseph Parker,Historia,4,15.66
2022/06/21,El último amanecer,Margaret Peterson,Terror,6,32.34
2022/01/16,Destino incierto,Karen Nguyen,Ciencia,3,27.15
2022/10/11,Cien años de soledad,Daniel Gutierrez,Historia,7,25.93
2021/12/26,Sombras en la ciudad,Michelle Powell,Historia,11,30.03
2022/10/21,Destino incierto,Jeffrey Ramirez,Terror,1,16.59
2022/06/19,Las voces del pasado,Thomas Sanchez,Ficción,13,22.31
2022/12/10,Sombras en la ciudad,Jaclyn Ford,Autoayuda,2,10
2022/10/26,La sombra del viento,Eric House,Misterio,15,18.06
2024/06/15,Las voces del pasado,Shelby Flores,Historia,6,19.65
2022/02/11,El último amanecer,Marcus Thompson,Ciencia,13,44.57
2024/10/12,Las voces del pasado,Jamie Nelson,Autoayuda,2,8.34
2024/11/29,El misterio del tiempo,David Hobbs,Historia,11,13.6
2021/10/05,La teoría del todo,Micheal Martin,Ficción,7,5.44
2024/02/16,Las voces del pasado,Morgan Riddle,Historia,16,23.99
2023/02/10,Cien años de soledad,Julie Edwards,Autoayuda,3,20
2024/07/24,El último amanecer,Mary Hall,Ciencia,15,8.2
2021/04/19,Secretos ocultos,Elizabeth Gonzalez,Autoayuda,18,42.93
2022/08/04,Bajo la luna roja,Lisa Jones,Ficción,8,22.27
2023/12/22,Cien años de soledad,Todd Brown,Ficción,6,32.47
2024/10/09,La teoría del todo,Sarah Lambert,Misterio,11,39.63
2024/01/02,El último amanecer,Mark Jimenez,Romance,11,46.64
2022/10/02,Sombras en la ciudad,Matthew Tucker,Ciencia,3,46.83
2023/06/20,Secretos ocultos,Katherine Marsh,Terror,12,24.34
2022/12/12,El misterio del tiempo,Heather Hill,Romance,14,28.52
2022/01/17,El misterio del tiempo,Crystal Walker,Fantasía,15,6.63
2023/10/30,Bajo la luna roja,Jessica James,Autoayuda,7,28.54
2023/01/06,Crónicas de un viajero,Rachel Rodriguez,Terror,9,25.25
2023/02/20,Las voces del pasado,Rebecca Schroeder,Ciencia,3,9.21
2024/04/09,Mentes brillantes,Max Diaz,Autoayuda,15,39.98
2022/03/20,Mentes brillantes,Jason Owens,Historia,2,29.64
2025/03/27,La teoría del todo,Andrea Larson,Terror,7,16.6
2022/03/10,Destino incierto,Natalie Lopez,Romance,19,5.97
2022/11/14,El alquimista,Abigail Peterson,Historia,19,49.11
2024/03/21,La teoría del todo,Jessica Bean,Historia,4,32.33
2024/05/01,Destino incierto,Jeffrey Rojas,Ficción,18,16.66
2025/02/01,Crónicas de un viajero,Maria Smith,Terror,10,22.51
2021/12/06,Bajo la luna roja,Cynthia Fischer,Misterio,9,21.15
2021/09/08,Mentes brillantes,Melissa Koch,Ciencia,4,34.59
2023/11/17,El enigma de la cueva,Scott Wallace,No Ficción,13,28.9
2024/12/16,Bajo la luna roja,Amanda Cole,Ciencia,2,34.96
2024/07/20,Cien años de soledad,Jennifer Haas,Autoayuda,9,38.31
2023/04/13,Crónicas de un viajero,Andrea Wells,Fantasía,14,43.86
2024/05/21,El arte de la guerra,Mary Smith,Autoayuda,14,7.33
2021/08/18,Crónicas de un viajero,Alyssa Collier,Autoayuda,9,18.2
2024/03/11,Bajo la luna roja,David Hill,Terror,14,49.09
2023/05/31,Destino incierto,James Davis,Autoayuda,18,45.24
2021/11/08,El misterio del tiempo,Chad Green,Historia,10,39.26
2022/11/29,El enigma de la cueva,Nicole Flores,Autoayuda,15,12.24
2024/12/12,El enigma de la cueva,John Young,Autoayuda,18,17.29
2023/08/12,El arte de la guerra,Patrick Patterson,Terror,9,41.85
2023/10/17,Mentes brillantes,Michael Rivera,Ficción,11,45.5
2024/11/07,El alquimista,Courtney Park,Fantasía,9,14.51
2021/10/10,El último amanecer,Richard Powell,Romance,14,9.23
2022/06/04,Crónicas de un viajero,Jeffrey Kerr,Autoayuda,15,37.14
2024/03/19,El misterio del tiempo,James Conway,Terror,12,34.56
2023/05/06,Las voces del pasado,Anthony Hall,Ciencia,12,14.46
2023/11/18,El último amanecer,Andrea Tate,Ficción,17,16.86
2023/02/13,Las voces del pasado,Kayla Sanchez,No Ficción,18,29.37
2022/11/25,Mentes brillantes,Rhonda Roberts,Autoayuda,18,20.03
2022/01/24,El misterio del tiempo,Meagan Wolfe,Terror,18,38.66
2021/08/08,Cien años de soledad,Roger Reed,Historia,4,9
2022/11/15,Secretos ocultos,Alexander Jackson,Ficción,9,32.32
2025/01/23,El alquimista,Anthony Anderson,Ciencia,4,5.48
2022/08/21,Cien años de soledad,Deborah Ramirez,No Ficción,18,44.61
2021/07/07,El enigma de la cueva,Melissa Roberts,Terror,19,32.24
2024/02/15,Secretos ocultos,Denise Soto,Ficción,6,7
2022/10/09,Mentes brillantes,Joseph Campos,Historia,8,5.78
2024/09/05,El enigma de la cueva,Mr. Adam Mendoza,Ciencia,14,42.3
2024/09/16,El enigma de la cueva,Elizabeth Frye,Ficción,14,11
2023/03/13,El misterio del tiempo,Sandra Goodman,Terror,1,29.53
2022/05/03,Las voces del pasado,Joseph Vang,Fantasía,10,6.46
2023/08/27,El arte de la guerra,David Cook,Fantasía,10,37.81
2021/10/08,El alquimista,Brittany Figueroa,Romance,7,26.76
2025/03/21,Destino incierto,Gwendolyn Adams,No Ficción,1,14.44
2024/07/13,Secretos ocultos,Regina Payne,Ciencia,3,6.55
2024/11/27,Secretos ocultos,Tony Santana,Romance,16,15.94
2023/04/11,Las voces del pasado,James Brady,Ficción,7,48.23
2024/01/01,El misterio del tiempo,Nancy Dean,Ficción,4,16.93
2024/06/30,Bajo la luna roja,Nicholas Foster,Fantasía,10,39.83
2022/05/14,Cien años de soledad,Denise Payne DVM,Terror,15,18.92
2023/09/22,Bajo la luna roja,Mrs. Priscilla Miranda,Misterio,20,26.49
2022/09/09,El arte de la guerra,Eric Harmon,Historia,3,17.36
2021/09/06,El último amanecer,Kyle Barr,No Ficción,20,5.41
2025/01/08,El alquimista,Aaron Rollins,Autoayuda,1,31.13
2021/10/30,Sombras en la ciudad,Regina Lawrence,Misterio,6,39.18
2021/10/08,El enigma de la cueva,Renee Brooks,Misterio,2,8.87
2022/03/27,Secretos ocultos,Mario Swanson,Terror,3,14.9
2023/04/19,El último amanecer,James Barton,Fantasía,15,25.96
2024/11/05,El último amanecer,Denise Williams,No Ficción,10,49.09
2024/07/03,El arte de la guerra,Mary Holt,Misterio,11,44.99
2022/10/05,La teoría del todo,Jacqueline Duarte,Autoayuda,2,37.67
2022/03/14,Cien años de soledad,Christine Kane,Terror,7,20.27
2024/09/23,Mentes brillantes,Wesley Parrish,Ciencia,4,39.74
2024/05/12,Secretos ocultos,Erika Ayala,Ficción,8,25.37
2021/08/11,El arte de la guerra,Ashlee Johnson,Romance,1,16.77
2021/12/13,Destino incierto,Sean Carpenter,Ciencia,13,36.8
2022/09/13,Bajo la luna roja,Brandon Ibarra,Historia,8,49.51
2024/04/30,Bajo la luna roja,James Russell,Historia,5,24.84
2022/09/28,Bajo la luna roja,Kathleen Livingston,Ciencia,4,35.14
2022/07/10,Sombras en la ciudad,Wanda Porter,No Ficción,12,11.95
2022/12/03,La teoría del todo,Richard Jackson,Historia,5,34.98
2024/06/07,La sombra del viento,Melanie Jackson,Autoayuda,1,16.36
2023/09/25,Destino incierto,Jordan Mcgee,Terror,8,42.63
2024/07/06,Sombras en la ciudad,Justin Parker,Fantasía,3,28.31
2021/04/02,Secretos ocultos,Rhonda Gonzalez,Ficción,1,32
2024/12/28,La sombra del viento,Tracey Thornton,Terror,4,37.91
2023/08/17,Crónicas de un viajero,Catherine Robinson,No Ficción,14,38.56
2024/12/23,El arte de la guerra,Courtney Dominguez,Historia,20,42.79
2022/02/14,Sombras en la ciudad,Brent May,Historia,17,46.6
2025/02/16,La sombra del viento,Bethany Solomon,Fantasía,19,26.4
2025/01/18,Destino incierto,Rhonda Adams,Autoayuda,20,28.38
2024/10/17,Crónicas de un viajero,James Crosby,No Ficción,8,12.57
2021/11/16,Bajo la luna roja,Michelle Green,Autoayuda,11,6.2
2024/11/05,Bajo la luna roja,William Lee,No Ficción,8,27.85
2023/04/04,El alquimista,Aaron Jackson,Terror,11,20.31
2023/11/10,La sombra del viento,John Gregory,Fantasía,11,25.92
2022/08/19,El último amanecer,Timothy Brown,Ficción,20,8.76
2022/11/21,Bajo la luna roja,Lucas Castro,No Ficción,6,19.16
2024/10/30,La teoría del todo,Sara Allen,Historia,10,18.11
2024/11/09,Las voces del pasado,Christopher Reid,Terror,11,40.93
2024/03/12,Mentes brillantes,Ashley Young MD,No Ficción,15,13.43
2021/06/17,La teoría del todo,Lori Robinson,Ficción,15,37.49
2023/12/29,El alquimista,Joseph Higgins,Terror,18,44.91
2024/06/09,Bajo la luna roja,April Collins,Ciencia,18,48.19
2024/11/30,Sombras en la ciudad,Jeffrey Juarez,Ficción,3,24.95
2023/11/08,La sombra del viento,Chelsey Flores,Historia,19,21.95
2025/01/06,La sombra del viento,Ryan Brown,Misterio,15,35.76
2023/05/27,El arte de la guerra,Kendra White,Historia,7,29.16
2023/11/14,La sombra del viento,Todd Sanders,Autoayuda,4,43.13
2023/05/31,El arte de la guerra,Sherry Hardy,Misterio,5,48.27
2022/10/14,Secretos ocultos,Laura Barnes,Historia,12,29.53
2025/01/06,El enigma de la cueva,Kenneth Cross,Fantasía,1,15.18
2024/09/12,El arte de la guerra,Randall Bond,Ciencia,7,47.3
2022/09/28,El misterio del tiempo,Dakota Best,Ciencia,16,5.11
2024/07/30,Bajo la luna roja,Louis Munoz,Romance,9,31.83
2023/05/18,Crónicas de un viajero,Sandra Yu,Terror,1,38.1
2022/05/10,El último amanecer,Heather Davis,Historia,17,10.71
2022/03/04,Sombras en la ciudad,Dennis Moore,Historia,14,40.11
2024/11/11,La teoría del todo,Maria Scott,Autoayuda,8,24.5
2022/11/04,El misterio del tiempo,Diane Martin,Historia,17,31.9
2023/11/20,Cien años de soledad,George Jones,Terror,15,31.05
2023/03/31,El misterio del tiempo,Theresa Morse,Romance,4,7.29
2024/07/28,Sombras en la ciudad,Bruce Ramirez,Romance,5,23.46
2024/11/06,La teoría del todo,Natalie Nicholson,Romance,12,42.47
2023/04/20,Crónicas de un viajero,Donald Odonnell,Historia,1,20.72
2022/02/09,Cien años de soledad,Joseph Myers,Misterio,3,37.24
2024/11/23,Bajo la luna roja,Kimberly Norman,Romance,19,28.97
2021/07/19,El último amanecer,Ryan Williams,Autoayuda,3,25.34
2023/08/01,Secretos ocultos,James Silva,Fantasía,7,6.23
2024/01/05,Crónicas de un viajero,Katherine Moore,Terror,9,24.53
2022/06/11,Destino incierto,Gregory Carroll,Misterio,15,43.8
2021/05/19,La sombra del viento,Natalie Rice,Autoayuda,16,21.1
2024/07/06,Crónicas de un viajero,Tony Hall,Historia,11,5.42
2023/01/20,El último amanecer,Renee Rogers,Fantasía,13,16.23
2024/12/17,El arte de la guerra,Mrs. Michelle Diaz,Historia,19,28.43
2024/06/23,El alquimista,Pamela Thomas DDS,Historia,14,29.44
2022/06/25,El arte de la guerra,Michael Wood,Ciencia,19,40.95
2024/08/03,Sombras en la ciudad,Christina Farrell,No Ficción,12,7.44
2024/07/12,El alquimista,Jennifer Johnson,Misterio,17,21.69
2022/12/03,Cien años de soledad,Gerald Lopez,Misterio,14,47.32
2021/10/21,Bajo la luna roja,Stephen Wright,Ficción,18,11.89
2022/06/24,La teoría del todo,Danielle Evans,Fantasía,12,14.54
2024/02/09,El alquimista,Shelby Harper,No Ficción,3,43.09
2025/02/28,El misterio del tiempo,Jeffrey Nelson,Ficción,3,26.45
2021/06/02,El último amanecer,Maria James,Misterio,15,48.24
2023/04/20,El alquimista,Heather Hernandez,Romance,4,33.84
2023/08/08,El último amanecer,Kyle Williams,Autoayuda,3,9.07
2022/12/09,Mentes brillantes,James Cunningham,Misterio,13,49.44
2024/01/11,Bajo la luna roja,Michael Green,Misterio,2,10.09
2021/05/23,Sombras en la ciudad,Terry Matthews,Fantasía,15,39.31
2022/03/03,Las voces del pasado,David Lawson,Historia,1,6.37
2023/02/10,El misterio del tiempo,Jordan Williams,No Ficción,19,41.71
2024/11/03,Las voces del pasado,Diane Johnson,Ciencia,1,25.71
2023/03/16,Las voces del pasado,Brandon Schwartz,Misterio,18,10.03
2021/10/01,Mentes brillantes,Jonathan Perez,Historia,6,14.08
2024/02/19,La teoría del todo,James Johnson,Ficción,4,25.02
2022/08/26,La teoría del todo,Sara Conrad,Ficción,20,8.57
2023/01/24,El misterio del tiempo,Alisha Harvey,Ficción,18,22.45
2022/03/25,El último amanecer,James Rojas,No Ficción,20,7.35
2024/06/03,La sombra del viento,Tracy Curry,Terror,8,24.4
2024/02/18,Secretos ocultos,Robert Roberson,Ciencia,12,6.81
2022/05/11,El último amanecer,Brian Daniels,Ciencia,17,44.4
2022/07/29,El arte de la guerra,Teresa Williams,Historia,20,27.9
2024/07/16,El misterio del tiempo,Dawn May,Autoayuda,16,8.4
2022/05/23,El enigma de la cueva,Teresa Riggs,Historia,3,11.45
2023/04/19,Las voces del pasado,Elizabeth Salazar,Fantasía,8,31.73
2025/01/22,La teoría del todo,Richard Edwards,Romance,20,36.23
2022/11/20,La sombra del viento,Elizabeth Adams,Ciencia,16,40.3
2022/07/14,Sombras en la ciudad,James Marshall,Fantasía,6,39.19
2023/01/12,El misterio del tiempo,Madeline Gregory,Historia,9,40.45
2021/12/24,Cien años de soledad,John Mitchell,Misterio,16,28.84
2021/04/20,El alquimista,Ashley Townsend,Terror,17,13.6
2022/03/28,Bajo la luna roja,Zachary Smith,Misterio,13,13.51
2022/07/03,Bajo la luna roja,Paul Newman,Ciencia,20,5.49
2023/05/04,Cien años de soledad,Amber Myers,Fantasía,20,7.31
2021/04/10,El arte de la guerra,Matthew Collins,Historia,9,35.4
2023/11/09,La teoría del todo,Eric Norris,Ciencia,14,17.06
2022/03/24,Las voces del pasado,Rebecca Valdez,Historia,10,19.79
2023/02/24,Destino incierto,Tonya Clark,Terror,1,28.62
2022/04/06,El alquimista,Thomas Griffith,Ciencia,16,41.25
2024/01/11,Sombras en la ciudad,Eric Thomas,Fantasía,13,27.86
2023/10/03,Las voces del pasado,Molly Burke,Fantasía,1,27.51
2024/11/08,Destino incierto,Jacqueline Tucker,No Ficción,3,12.09
2022/12/04,Crónicas de un viajero,Denise Watson,No Ficción,1,33.19
2022/10/03,El último amanecer,Paul Underwood,Fantasía,7,38.08
2022/09/29,Cien años de soledad,Justin Harris,Romance,3,44.01
2023/03/10,El último amanecer,David Vaughan,No Ficción,20,6.94
2024/01/23,El arte de la guerra,Linda Johnson,Autoayuda,6,23.36
2024/07/16,El arte de la guerra,Shannon Kim,Terror,15,37.43
2024/09/21,El último amanecer,Christine Rodriguez,No Ficción,16,12.82
2021/08/01,Destino incierto,William Vazquez,Ficción,15,40.97
2024/06/10,El misterio del tiempo,Tiffany Allen,No Ficción,3,47.97
2023/08/09,El misterio del tiempo,Christian Lewis,Misterio,3,11.51
2021/06/24,Bajo la luna roja,Amy Buckley,Fantasía,1,47.51
2022/03/25,La teoría del todo,George Novak,Historia,5,25.62
2021/09/27,El enigma de la cueva,Darrell Price,Fantasía,20,23.36
2024/12/17,Crónicas de un viajero,Martin Mckinney,No Ficción,8,5.09
2022/09/14,Sombras en la ciudad,Jennifer Church,Autoayuda,7,21.98
2025/01/30,Destino incierto,Danny Terrell,Autoayuda,19,15.44
2023/10/18,Cien años de soledad,Brandy Gonzalez,Romance,12,13.3
2023/10/14,Sombras en la ciudad,Samantha Williams,Autoayuda,18,32.12
2022/08/29,El enigma de la cueva,Ricky Ramirez,Autoayuda,13,17.04
2021/12/23,La teoría del todo,Autumn Ruiz,Historia,3,16.04
2023/10/13,El misterio del tiempo,Susan Becker,Ciencia,8,49.59
2024/11/01,Las voces del pasado,Dr. Kevin Rogers,Terror,6,49.7
2022/01/08,Crónicas de un viajero,Joshua Ellis,Autoayuda,8,45.92
2022/07/21,El enigma de la cueva,Robert Miranda,Ficción,16,43.43
2024/04/12,El último amanecer,Donna Smith,Historia,6,34.64
2024/09/25,El enigma de la cueva,Deborah Hawkins,Misterio,13,10.21
2024/01/11,Secretos ocultos,Kerri Williams,No Ficción,15,18.29
2022/04/18,La sombra del viento,Julia Long,Ficción,4,37.59
2023/08/18,El misterio del tiempo,Erika Garcia,Ficción,11,34.71
2021/12/12,Cien años de soledad,Amy Paul,Historia,18,10.53
2024/06/21,El último amanecer,Melissa Mckinney,Misterio,20,5.13
2023/11/22,La sombra del viento,Debra Mendez,Ciencia,1,44.92
2024/04/24,Las voces del pasado,Jamie Anderson,Historia,14,14.08
2023/02/28,La teoría del todo,Stephanie Taylor,Misterio,6,31.16
2024/10/18,La teoría del todo,Pamela Stone,Misterio,10,6.8
2023/10/16,Secretos ocultos,Brenda Cobb,Misterio,7,44.17
2022/04/30,Sombras en la ciudad,Patricia Morris,Autoayuda,19,34.84
2022/05/10,Crónicas de un viajero,Jamie Cummings MD,Ficción,7,30.8
2023/02/18,Crónicas de un viajero,Willie Mckenzie,Terror,17,10.91
2021/12/28,Destino incierto,Juan Ramos,Terror,18,36.77
2022/01/02,La sombra del viento,Micheal Schmidt,Romance,12,42.72
2024/08/29,El misterio del tiempo,Ashley Fuller,Autoayuda,13,25.11
2023/10/31,Mentes brillantes,Lisa Perry,Ciencia,14,6.21
2022/08/06,La sombra del viento,Nancy Rubio,Misterio,8,29.65
2021/07/27,El misterio del tiempo,Kevin Young,Fantasía,19,12.31
2023/09/03,El misterio del tiempo,George Nguyen,Fantasía,4,33.58
2024/07/27,El arte de la guerra,David Murphy,Romance,9,36.44
2021/05/12,Mentes brillantes,Kyle Dyer,Fantasía,19,10.63
2023/02/11,Crónicas de un viajero,Renee White,Terror,19,40.4
2021/06/03,La sombra del viento,Deborah Davis,No Ficción,12,41.12
2024/12/19,El arte de la guerra,Kathleen Benson,Autoayuda,12,25.3
2021/07/16,La teoría del todo,Michael Adams,Terror,8,5.67
2025/03/02,El misterio del tiempo,Penny Adams,No Ficción,9,8.71
2024/07/11,El misterio del tiempo,Thomas Jones,Ficción,16,46.83
2023/03/30,El alquimista,Nicole Davis,Misterio,16,29.92
2024/08/22,Cien años de soledad,Erica Miller,Romance,5,35.21
2024/05/08,Sombras en la ciudad,Anthony Juarez,Historia,15,30.18
2024/08/13,La sombra del viento,Sean Mccarty,Misterio,4,25.94
2024/07/12,Secretos ocultos,Dale Lawrence,No Ficción,1,35.88
2023/06/08,El alquimista,James Fuller,No Ficción,8,26.81
2021/08/01,El alquimista,Stephanie Miller,Ficción,4,16.24
2024/07/25,El misterio del tiempo,Allison Smith,Ciencia,1,20.56
2023/08/18,Mentes brillantes,Gabriella Murphy,No Ficción,16,20.32
2022/09/24,El alquimista,Michael Martinez,Romance,9,12.16
2024/12/29,Crónicas de un viajero,Alexander Mason,No Ficción,2,17.99
2022/05/13,El alquimista,Andrew Hubbard,Autoayuda,10,24.72
2023/11/16,Secretos ocultos,Danielle Santiago MD,No Ficción,5,13.92
2021/06/28,El arte de la guerra,Tyler Perez,Romance,9,21.08
2023/12/25,El arte de la guerra,Jesse Zuniga,Ciencia,4,33.07
2024/04/11,La sombra del viento,John Wells,Historia,9,16.85
2024/01/30,La teoría del todo,Joshua Brown,Terror,1,27.49
2024/12/17,El misterio del tiempo,Jeffrey Johnson,Misterio,20,25.17
2021/12/10,El arte de la guerra,Rebecca Peterson,Misterio,8,37.62
2024/01/07,El enigma de la cueva,David Brown,Ciencia,5,33.97
2023/05/21,El alquimista,Christopher Watson,Ciencia,12,35.84
2021/05/15,El último amanecer,Sean Andrews,No Ficción,18,39.1
2024/12/22,Mentes brillantes,Jason Collins,Historia,10,49.49
2022/04/05,El enigma de la cueva,Hannah Wilson MD,Terror,16,39.71
2024/11/10,Mentes brillantes,Pamela Webster,Misterio,16,35.97
2022/12/21,El último amanecer,Michelle Brown,Fantasía,13,41.98
2022/08/29,Sombras en la ciudad,Matthew Harrison,Misterio,18,45.53
2024/06/27,Secretos ocultos,Brian Terry,Autoayuda,3,6.44
2022/10/13,El último amanecer,Jeffrey Woodard,Autoayuda,3,41.46
2022/04/21,El enigma de la cueva,Yvonne Reynolds,Fantasía,4,18.26
2021/11/11,Las voces del pasado,Colleen Tucker,Autoayuda,9,10.98
2023/08/15,Destino incierto,Steven Cruz,Historia,7,30.81
2024/01/31,El enigma de la cueva,Katelyn Harrison,Historia,5,13.59
2022/09/28,El alquimista,Heather Matthews,Misterio,8,27.12
2024/05/08,Bajo la luna roja,Timothy Schroeder PhD,Terror,4,40.16
2022/06/12,La teoría del todo,Daniel Flores,Ficción,20,11.08
2022/10/20,La sombra del viento,Kara Smith,Ciencia,2,5.54
2022/07/04,La teoría del todo,Nicholas Walters,Historia,10,25.42
2021/04/09,El misterio del tiempo,Deborah Johnson,Ciencia,11,35.96
2025/03/06,Secretos ocultos,Anita Mccarthy,Misterio,5,24.02
2023/05/16,Destino incierto,Denise Mitchell,Autoayuda,6,42.13
2023/07/13,La teoría del todo,Aaron Owens,Romance,12,29.66
2024/11/26,La teoría del todo,Brad Young,No Ficción,8,43.58
2023/05/03,La sombra del viento,Laura Paul,Terror,12,42.93
2021/11/14,La sombra del viento,Jacob Crawford,No Ficción,19,16.87
2023/02/07,El misterio del tiempo,George Shaw,Autoayuda,9,44.3
2022/04/03,Destino incierto,Melissa Dean,Romance,14,32.06
2024/12/28,Sombras en la ciudad,Stacey Decker,No Ficción,20,12.57
2024/10/10,El enigma de la cueva,Andrew Mitchell,Fantasía,20,16.88
2022/08/04,El último amanecer,Billy Dyer,No Ficción,20,13.03
2021/07/25,El último amanecer,Lauren Holmes,Autoayuda,9,7.18
2022/10/03,Mentes brillantes,Jeffery Nunez,Romance,12,31.5
2024/07/13,Destino incierto,Brandon Garza,Ciencia,7,13.52
2024/05/27,Crónicas de un viajero,Megan Gray,Terror,12,14.47
2024/03/19,Cien años de soledad,Jeffrey Good,Historia,7,5.35
2024/07/21,La sombra del viento,Travis Murphy,Misterio,14,45.78
2023/04/12,Secretos ocultos,Rachel Owens DVM,Historia,20,11.19
2021/11/22,Bajo la luna roja,Whitney Blanchard,Ficción,17,42.5
2024/11/03,Sombras en la ciudad,William Griffin,No Ficción,10,30.93
2025/02/27,Bajo la luna roja,Ethan Deleon,Romance,18,12.37
2023/06/29,La sombra del viento,Denise Santos,Ciencia,10,16.49
2024/12/27,Crónicas de un viajero,Cole Nelson,Historia,5,6.64
2021/05/11,La sombra del viento,Kathleen Bentley,Fantasía,12,33.83
2021/06/22,La sombra del viento,Justin Flores,Fantasía,15,24.95
2022/06/18,Sombras en la ciudad,David Conway,Ciencia,15,11.71
2022/05/12,La teoría del todo,April Hansen,Misterio,10,23.72
2023/02/15,La sombra del viento,Michael Rivas,No Ficción,13,36.89
2022/06/07,Sombras en la ciudad,Manuel Willis,Ficción,9,8.97
2021/08/08,Bajo la luna roja,Stephanie Watson,Terror,17,49.38
2024/04/10,La teoría del todo,Susan Fuller,Romance,20,24.23
2021/08/01,Crónicas de un viajero,James Knight,Terror,20,22.84
2022/08/01,Las voces del pasado,Nicholas Robinson,No Ficción,10,19.21
2021/11/02,Las voces del pasado,Thomas Walker,Historia,20,42.96
2023/11/20,Crónicas de un viajero,Roy Johnson,Misterio,1,18.34
2021/09/19,El alquimista,Jacob Mcdonald,No Ficción,8,33.59
2022/08/03,La sombra del viento,Hannah Robinson,Ficción,10,11.99
2024/12/22,Bajo la luna roja,Scott Anderson,Autoayuda,16,40.89
2022/07/03,Cien años de soledad,James Warren,Misterio,1,45.78
2022/08/08,La teoría del todo,William Cox,Ficción,5,30.88
2021/06/22,El enigma de la cueva,Miranda Wolfe,Misterio,4,6.76
2024/09/28,El último amanecer,Sean Flores,Misterio,5,32.45
2022/10/19,La teoría del todo,Janice Mcclain,Terror,12,10.29
2024/01/01,Bajo la luna roja,Fred Love,Ciencia,5,18.18
2021/05/12,El alquimista,Steven Young,Ficción,4,39.47
2023/06/08,El enigma de la cueva,Eric Jackson,Historia,8,43.75
2021/06/29,Mentes brillantes,Marvin Davis,Terror,4,43.8
2024/09/17,El alquimista,Vincent Smith,Romance,14,16.05
2022/04/11,El enigma de la cueva,Michael Jordan,Romance,14,19.76
2022/03/01,Crónicas de un viajero,Mark Montgomery,Historia,18,13.47
2022/12/24,El alquimista,Todd Giles,Romance,13,47.97
2024/04/03,El alquimista,Danielle Mahoney DDS,Autoayuda,5,17.91
2022/03/09,Sombras en la ciudad,Jason Oneill,Terror,11,46.02
2024/08/17,Bajo la luna roja,Joseph Barnes,Terror,10,11.27
2022/04/15,La teoría del todo,Carl Smith,Ciencia,16,29.31
2022/08/20,El último amanecer,Tony Osborne,Fantasía,12,8.93
2024/12/02,Cien años de soledad,Anthony Mitchell,Historia,16,36.39
2023/07/03,Mentes brillantes,Carl Leblanc,Fantasía,2,11.93
2023/12/03,El último amanecer,Kendra Berry,Historia,4,36.75
2023/02/16,La teoría del todo,Sandra Tucker MD,Romance,20,28.68
2025/03/03,El último amanecer,Jeffrey Hardy,Autoayuda,11,34.43
2025/03/17,Bajo la luna roja,Jorge Collier,Romance,11,44.26
2023/03/17,El misterio del tiempo,Anna Garcia,Romance,19,33.84
2025/02/24,El último amanecer,Robert Stevens,Autoayuda,7,36.26
2021/10/08,El misterio del tiempo,Susan Arias,Historia,11,16.78
2021/07/27,El arte de la guerra,James Rocha,Autoayuda,1,27.7
2024/11/23,El alquimista,Jose Austin,Autoayuda,12,8.98
2024/04/23,Crónicas de un viajero,Lisa Wilson,Fantasía,13,41.7
2021/11/07,El alquimista,Stephen Keith,Ficción,12,13.03
2024/12/16,El misterio del tiempo,Carla Hughes,Ciencia,3,47.72
2022/02/08,La sombra del viento,Cheryl Sanchez,Ciencia,18,16.71
2024/12/19,La teoría del todo,Susan Gibson,Fantasía,10,42.89
2024/08/09,La teoría del todo,Andrea Mueller,Ciencia,10,20.6
2022/04/06,La sombra del viento,Robert Johnson,No Ficción,3,32.55
2021/12/27,La sombra del viento,Kathy Robinson,Terror,3,48.51
2023/10/17,Las voces del pasado,Zachary Luna,Terror,18,27.36
2023/11/14,Cien años de soledad,Paula Arnold,Fantasía,17,42.36
2021/12/03,Mentes brillantes,Chelsea Thomas,Fantasía,20,30.29
2024/03/02,Crónicas de un viajero,Jessica Jones,Ficción,14,35.25
2025/01/05,Crónicas de un viajero,Joseph Watson,Misterio,20,28.5
2024/02/20,Destino incierto,Valerie Sullivan,Terror,17,37.8
2024/09/10,El alquimista,Renee Yates,Historia,20,37.97
2022/08/12,Las voces del pasado,Christopher Carr,Ficción,1,9.84
2021/10/23,El misterio del tiempo,Lauren Higgins,Terror,15,49.81
2024/02/07,El último amanecer,Blake Shelton,Ciencia,15,28.68
2023/12/20,Crónicas de un viajero,Pamela Juarez,Terror,17,24.02
2022/01/01,El misterio del tiempo,Paige Davis PhD,Terror,20,41.25
2022/03/21,Sombras en la ciudad,Samantha Keller,Historia,9,16.39
2022/05/09,Destino incierto,Juan Vasquez,Historia,8,33.14
2024/05/12,Las voces del pasado,Michael Rogers,Ciencia,8,23.99
2025/02/25,La teoría del todo,Emily Baker,Misterio,7,23.54
2022/09/04,Crónicas de un viajero,Gerald Wright,Fantasía,16,38.44
2024/07/19,El enigma de la cueva,James Brown,Ficción,15,11.51
2023/08/14,Las voces del pasado,Jason Caldwell,Autoayuda,9,37.18
2022/07/30,El alquimista,Judy Castro,Terror,5,13.13
2021/06/11,El arte de la guerra,Daniel Stevens,Fantasía,2,12.08
2022/06/16,Cien años de soledad,Laura Chavez,No Ficción,14,19.99
2023/11/27,El alquimista,Alexandra Sanchez,Romance,19,38.71
2024/03/14,Destino incierto,Mrs. Becky King,Fantasía,19,34.07
2022/11/10,La sombra del viento,Wendy Jenkins,No Ficción,20,13.41
2023/06/16,El alquimista,Jessica Carney,Terror,10,9
2024/01/12,Crónicas de un viajero,Jennifer Ellis,Terror,2,35.11
2021/12/13,Mentes brillantes,Gilbert Lopez,Historia,15,46.17
2022/02/17,La sombra del viento,Karen Smith,Ficción,14,9.3
2021/12/13,El alquimista,Denise Davis,Romance,16,20.43
2022/08/21,La teoría del todo,Dakota Long,Romance,11,45.22
2021/07/02,Bajo la luna roja,Travis Palmer,No Ficción,18,22.6
2022/07/24,Sombras en la ciudad,Cynthia Jones,Ciencia,10,43.87
2021/12/12,Secretos ocultos,Joshua Wilkerson,Fantasía,19,43.58
2025/03/16,El arte de la guerra,Jason Shepherd,Ciencia,9,38.66
2023/06/10,El enigma de la cueva,James Kerr,Romance,15,18.14
2023/06/12,El enigma de la cueva,Pamela Scott,No Ficción,1,47.3
2022/10/24,Bajo la luna roja,Lori Forbes,Fantasía,1,18.7
2024/05/21,Destino incierto,Sarah Villanueva,No Ficción,3,47
2024/08/20,Mentes brillantes,Marcus Andersen,Historia,1,41.72
2022/12/12,La sombra del viento,Jacqueline Price DDS,Ciencia,3,11.61
2022/02/17,Crónicas de un viajero,John Jones,Ciencia,4,21.73
2025/03/11,Destino incierto,Dr. Crystal Small,Autoayuda,11,23.46
2021/07/04,La teoría del todo,Katelyn Nelson,Autoayuda,15,29.01
2024/01/03,El enigma de la cueva,Abigail Taylor,Ficción,2,34.25
2023/10/15,El misterio del tiempo,Shawn Nixon,Fantasía,14,6.33
2023/06/15,El alquimista,Danielle Day,Misterio,11,7.69
2022/10/26,Cien años de soledad,Nicole Martin,Terror,16,19.04
2023/09/24,Crónicas de un viajero,Thomas Smith,Autoayuda,13,11
2024/03/16,Las voces del pasado,Heather Zamora,Autoayuda,9,22.75
2023/06/14,El misterio del tiempo,Alison Santos,Ficción,4,39.68
2022/03/05,El misterio del tiempo,Amy Stephens,Misterio,20,25.73
2024/03/31,Secretos ocultos,Beth Mathis MD,Fantasía,2,32.34
2023/11/23,Las voces del pasado,Lindsay Turner,Ciencia,9,34.97
2024/10/12,Las voces del pasado,Anna Murray,Misterio,11,34.02
2023/09/01,El enigma de la cueva,Thomas Davis,Historia,7,17.17
2022/06/07,El último amanecer,Kelly Wilson,No Ficción,2,40.96
2023/02/05,Crónicas de un viajero,Kyle Rodriguez,Ficción,9,5.76
2022/01/04,El arte de la guerra,Rachel Chambers,Misterio,16,11.64
2024/10/17,Secretos ocultos,Courtney Johnson,Autoayuda,12,20.19
2022/03/05,El último amanecer,Peggy Ellis,Romance,18,38.97
2023/03/22,El alquimista,Marcia Schmidt,Romance,12,31.06
2024/07/29,El último amanecer,Bryan Taylor,Terror,12,19.28
2024/09/28,Mentes brillantes,Craig Wright,Ficción,10,19.59
2024/05/01,Las voces del pasado,Francisco Alexander,Autoayuda,18,17.47
2024/05/25,Crónicas de un viajero,Gina Zuniga,Fantasía,15,46.32
2021/08/28,El misterio del tiempo,Whitney Moran,Misterio,8,7.23
2021/06/14,Cien años de soledad,Stacey Griffith,Terror,11,9.32
2021/07/28,Las voces del pasado,Jamie Nguyen,Romance,12,5.61
2022/05/20,Secretos ocultos,Vanessa Love,Terror,9,21.75
2024/08/18,Secretos ocultos,Jose Morris,Misterio,18,30.16
2024/10/31,El enigma de la cueva,Angel Chung,Misterio,13,31.11
2021/10/10,Destino incierto,Kevin Thomas,Fantasía,11,25.52
2021/11/06,La teoría del todo,Abigail Clay,Historia,19,34.26
2024/10/16,La sombra del viento,Emily Caldwell,Ciencia,20,20.31
2023/02/07,Las voces del pasado,Rebecca Gonzales,Ficción,9,14.45
2023/12/25,Cien años de soledad,Heidi Boone,Terror,18,38.91
2024/10/31,La teoría del todo,Nicole Bishop,No Ficción,7,49.98
2021/07/06,Cien años de soledad,Juan Collins,Historia,1,7.8
2021/10/29,El último amanecer,Regina Weiss,Misterio,13,38.12
2023/09/10,El enigma de la cueva,Sydney Tate,Historia,13,43.97
2023/02/17,El arte de la guerra,Oscar Campbell,Historia,14,32.46
2023/10/05,El misterio del tiempo,Jason King,Misterio,15,41.3
2023/10/04,El misterio del tiempo,Cynthia Fowler,Ciencia,17,23.42
2023/02/17,Destino incierto,Kenneth Brady,Ciencia,13,13.24
2025/02/23,El alquimista,Jesse Herrera MD,No Ficción,18,37.9
2021/04/17,El último amanecer,Michael Decker,Fantasía,1,36.83
2024/08/16,La sombra del viento,Justin Smith,Misterio,17,23.73
2024/09/10,El último amanecer,David Riley,Historia,3,12.34
2022/11/30,La sombra del viento,Jeremy Calhoun,Ficción,8,8.36
2023/08/16,Crónicas de un viajero,Kelly Brown,Misterio,16,49.65
2021/09/15,La teoría del todo,Edward Garcia,Misterio,1,36.35
2023/05/19,El último amanecer,Eric Johnson,Historia,12,47.92
2024/02/28,Secretos ocultos,Molly Bailey,Fantasía,8,12.25
2023/10/15,El misterio del tiempo,Michael Swanson,Romance,16,33.39
2023/08/03,La sombra del viento,Jaclyn Edwards,Terror,20,44.69
2021/04/26,El último amanecer,Crystal Smith,Ciencia,20,49.93
2023/02/11,La teoría del todo,Ryan Lopez,Fantasía,8,33.31
2023/10/15,Destino incierto,Christian Cortez,Ciencia,3,30.73
2022/10/29,Mentes brillantes,Barbara Campbell,Historia,7,10.69
2024/03/09,Las voces del pasado,Elijah Butler,No Ficción,5,41.63
2023/11/04,Las voces del pasado,Travis Butler,Autoayuda,11,28.32
2022/07/28,Secretos ocultos,Martin Ray,Terror,4,5.35
2025/01/24,Crónicas de un viajero,Amanda Johnson,Fantasía,12,37.82
2021/08/09,El misterio del tiempo,Steve Wise,Ficción,2,39.6
2023/07/09,Bajo la luna roja,Cynthia Hall,Misterio,16,12.23
2022/03/23,Mentes brillantes,Darren Hart,Terror,9,19.95
2021/05/02,Cien años de soledad,Susan Thompson,Terror,5,26.38
2024/02/03,El alquimista,Anthony Smith,Romance,18,44.62
2022/11/09,La teoría del todo,Michael Davis,Ciencia,5,24.26
2022/12/01,Cien años de soledad,Michelle Harrington,Misterio,2,8.12
2023/01/25,Cien años de soledad,Megan Jackson,Fantasía,6,17.65
2022/07/27,El arte de la guerra,Michelle Martin,Autoayuda,19,35.61
2023/06/04,Cien años de soledad,Stephanie Donaldson,Romance,20,21.14
2024/07/19,La teoría del todo,Micheal Williams,Historia,12,49.59
2024/06/07,El último amanecer,Amber Marsh,Terror,18,6.14
2022/09/14,La sombra del viento,Desiree Yang,Misterio,1,34.06
2023/06/17,El arte de la guerra,Michael Stanley,Historia,5,33.84
2024/07/25,El arte de la guerra,Lisa Cuevas,Ciencia,18,41.38
2021/10/29,Secretos ocultos,Cindy Torres,Romance,6,23.94
2024/08/27,El arte de la guerra,Megan Li,Ficción,19,18.22
2021/11/23,El misterio del tiempo,Michael Henry,Historia,17,12.76
2024/10/11,La sombra del viento,Richard Gutierrez,Misterio,5,38.61
2025/01/20,Bajo la luna roja,Nathaniel Acosta,Autoayuda,19,34.25
2023/07/12,Bajo la luna roja,John Johnson,Fantasía,4,28.29
2022/09/10,Crónicas de un viajero,Carol Brown,Misterio,18,17.79
2021/12/30,El último amanecer,Brianna Horne,Ciencia,2,10.19
2022/02/08,La teoría del todo,Michael Davis,Romance,4,24.76
2024/01/31,El arte de la guerra,Tammy Smith PhD,Terror,15,21.39
2025/03/24,Bajo la luna roja,Shannon Kelly,Fantasía,5,8.85
2022/12/19,El último amanecer,John Nelson,Historia,19,48.96
2022/01/16,Cien años de soledad,Katrina Dawson,Misterio,10,5.97
2021/04/25,El arte de la guerra,Lisa Ramirez,Autoayuda,9,34.34
2024/07/05,El último amanecer,Brenda Kim,Autoayuda,3,16.43
2024/03/06,La sombra del viento,Sandra Webb,Terror,20,28.41
2021/11/29,Cien años de soledad,Justin Ochoa,Fantasía,9,39.84
2021/09/11,Bajo la luna roja,Melissa Brown,Fantasía,7,17.15
2023/01/19,El arte de la guerra,William Snyder,Autoayuda,12,34.39
2024/07/18,Mentes brillantes,Kevin Willis,Fantasía,17,45.69
2021/10/04,El último amanecer,John Houston,Romance,5,46.06
2023/09/01,Crónicas de un viajero,David Davis,No Ficción,13,42.7
2023/09/16,El alquimista,Kristi Santiago,Fantasía,14,31.52
2024/02/09,El enigma de la cueva,Kimberly Wilson,Misterio,11,19.47
2023/12/15,Secretos ocultos,Laura Nichols,Misterio,15,44.32
2024/02/15,Cien años de soledad,Vanessa Day,Terror,2,26.19
2024/11/22,Mentes brillantes,Michelle Brown,Fantasía,11,38.75
2024/10/16,Bajo la luna roja,Sarah Smith,Ciencia,11,34.06
2022/04/26,Crónicas de un viajero,Daryl Wright,Terror,12,9.14
2021/04/28,La teoría del todo,Phillip Watts,Ficción,6,29.88
2024/07/26,Destino incierto,David Vaughn,Ficción,15,35
2023/08/01,El misterio del tiempo,Jamie Meyer,Historia,9,6.71
2022/11/07,Crónicas de un viajero,Kristen Myers,Romance,12,30.58
2021/09/04,El arte de la guerra,James Rogers,Ciencia,15,40.56
2021/07/18,El alquimista,Shelia Potter,Historia,1,27.38
2022/06/05,Las voces del pasado,Rachel Yang,Fantasía,18,5.42
2021/10/29,La teoría del todo,Emma Erickson,Historia,8,33.88
2022/07/24,Secretos ocultos,Jennifer Smith,Romance,5,7.75
2022/01/21,El alquimista,Joshua Welch,Terror,2,37.83
2025/03/05,El alquimista,Eric Larson,Romance,16,11.94
2023/04/06,Crónicas de un viajero,Andrew Adams,Romance,11,34.06
2024/06/15,Las voces del pasado,Heidi Cruz,Terror,20,41.52
2023/01/21,Sombras en la ciudad,Shawn Estrada,Romance,6,35.98
2022/08/18,El último amanecer,Kendra Brown,Autoayuda,2,45.58
2023/01/24,Destino incierto,Joy Pham,Ciencia,17,46.55
2022/07/03,Las voces del pasado,Justin Tucker,Historia,10,28.36
2024/11/06,Cien años de soledad,Leslie Brown,No Ficción,8,20.13
2025/01/03,Crónicas de un viajero,Katherine Powell,Autoayuda,1,13.46
2024/02/20,Sombras en la ciudad,Gregory Jackson,Misterio,4,12.44
2024/02/23,El último amanecer,Austin Alvarez,Terror,13,24.16
2022/01/07,El último amanecer,Brian Harris,Misterio,9,43.62
2021/11/27,El alquimista,Reginald Smith,Ficción,6,30.8
2023/06/17,La sombra del viento,Leslie Hodge,Fantasía,18,38.16
2022/04/16,Destino incierto,Luis Johnson,Autoayuda,12,39.33
2025/01/23,El alquimista,Megan Cherry,Misterio,10,7.95
2022/03/18,El misterio del tiempo,Derek Cox,Terror,6,20.4
2024/08/22,El arte de la guerra,Steven Greer,Terror,12,6.51
2025/01/29,Sombras en la ciudad,Kayla Taylor,Misterio,18,22.7
2023/06/07,El arte de la guerra,Christopher Phillips,Historia,18,41.46
2025/01/11,Las voces del pasado,Sandra Byrd,Misterio,11,31.78
2024/04/24,El arte de la guerra,Kayla Stanley,Ficción,13,49.32
2022/12/16,El misterio del tiempo,Elizabeth Moreno,Romance,3,39.03
2025/01/28,Bajo la luna roja,Gabrielle Stevenson,Ciencia,12,25.29
2021/08/24,El alquimista,Clinton Ross,Romance,8,41.41
2021/09/09,El misterio del tiempo,Joseph Wise,Historia,13,47.06
2024/07/04,El arte de la guerra,Joseph Duncan,Terror,17,44.92
2024/04/25,Las voces del pasado,Jason Sanders,Historia,4,22.7
2024/05/09,El arte de la guerra,Nicole Medina,Historia,11,19.34
2023/07/01,El arte de la guerra,Yvonne Rivera PhD,Fantasía,8,12.54
2024/02/02,La sombra del viento,Tiffany Castaneda,No Ficción,10,32.01
2021/10/21,La teoría del todo,Patrick Wagner,Fantasía,4,7.06
2023/08/28,Las voces del pasado,Darin Kline,Fantasía,5,25.67
2024/07/23,Cien años de soledad,Karen Vaughan,Ciencia,7,9.8
2022/09/06,Cien años de soledad,Jessica Johnson,Ciencia,19,25.43
2022/08/19,Las voces del pasado,Robert Alvarez,Misterio,13,9.76
2023/07/01,El enigma de la cueva,Ashley Walker,Fantasía,2,42.51
2021/05/04,Crónicas de un viajero,Joshua Day,Fantasía,10,5.59
2025/01/27,Las voces del pasado,Gerald Lewis,Historia,16,29.71
2022/07/14,El arte de la guerra,Tracey Payne DDS,Autoayuda,2,14.64
2024/10/13,La teoría del todo,Robert Estrada,Autoayuda,20,31.73
2022/02/24,El enigma de la cueva,Courtney Ryan,Historia,7,29.61
2021/08/15,La teoría del todo,Mary Lawrence,Romance,12,11.5
2023/02/17,El misterio del tiempo,Dana Alvarez,Romance,7,36.78
2022/09/12,La teoría del todo,Rhonda Long,Autoayuda,12,15.79
2024/09/07,La teoría del todo,Regina Alexander,Romance,13,31.58
2022/07/04,El último amanecer,Diana Rios,Fantasía,19,18.79
2021/10/24,Cien años de soledad,Shannon Duncan,No Ficción,10,20.34
2024/01/23,La sombra del viento,Mary Parrish,Autoayuda,2,45.35
2022/12/25,La sombra del viento,Nathaniel Fields,Romance,4,9.24
2023/06/10,La teoría del todo,Bradley Wagner,Misterio,12,11.97
2023/09/02,El arte de la guerra,Amy Bass,Fantasía,17,40.51
2022/05/06,Las voces del pasado,Daniel Marshall,No Ficción,5,32.05
2023/05/29,El último amanecer,Tony Miller,No Ficción,19,17.24
2023/10/04,El misterio del tiempo,Veronica Williams,Ficción,2,13.89
2023/01/25,Sombras en la ciudad,Michael Bennett,Historia,16,7.71
2021/09/12,Cien años de soledad,Elizabeth Barrera,Romance,7,26.72
2023/11/01,El alquimista,Monica Taylor,Terror,7,11.95
2022/11/17,El enigma de la cueva,Christine Kirby,Ficción,2,17.53
2024/10/11,Bajo la luna roja,Ellen Charles,Misterio,7,33.14
2021/11/22,El arte de la guerra,Jo Stanley,Misterio,1,5.65
2023/09/17,Destino incierto,James Lindsey,Ficción,20,29.22
2024/01/12,Secretos ocultos,Charles Graham,Terror,7,10.98
2023/10/11,Crónicas de un viajero,Shaun Farley,Ciencia,15,26.21
2024/07/27,Destino incierto,Anthony Wall,Fantasía,7,36.64
2025/03/21,El enigma de la cueva,David Richards,Autoayuda,19,38.28
2022/03/22,Secretos ocultos,Michael Barrett,Terror,11,5.49
2021/08/24,El arte de la guerra,Teresa Nunez,No Ficción,16,45.9
2021/10/31,El enigma de la cueva,Trevor Richardson,Ficción,19,25.88
2021/04/14,El enigma de la cueva,Antonio Medina,No Ficción,1,36.33
2022/11/24,El enigma de la cueva,Kaitlyn Castro,Fantasía,15,6.19
2024/03/25,El misterio del tiempo,Victoria Rivera,Fantasía,5,24.93
2023/04/19,La sombra del viento,Jasmine Decker,Autoayuda,2,12.23
2024/02/29,Mentes brillantes,Jennifer Phillips,Ciencia,5,33.65
2021/09/04,Las voces del pasado,Jane Wagner,Autoayuda,8,16.62
2021/10/12,Destino incierto,Nicholas Garcia,Historia,12,5.51
2022/06/07,El arte de la guerra,Heidi Carey,Ciencia,8,43.5
2024/12/20,Bajo la luna roja,Katherine Green,Misterio,17,49.72
2021/09/16,Bajo la luna roja,Scott Long,Fantasía,10,26.08
2024/01/31,Secretos ocultos,Christopher Kelley,Terror,4,40.71
2021/05/29,El alquimista,Beverly Harris,Misterio,13,40.14
2022/08/23,El misterio del tiempo,Katherine Case,Fantasía,3,13.08
2022/01/17,El alquimista,Kyle Oneal,Romance,7,31.3
2022/12/13,El misterio del tiempo,Peter Shepard,Fantasía,13,6.6
2022/01/20,Las voces del pasado,Lori Bryant,Misterio,6,36.51
2024/08/02,Cien años de soledad,Ashley Williams,No Ficción,12,43.17
2021/08/27,Cien años de soledad,Sarah Bennett,Autoayuda,11,14.65
2022/11/06,Destino incierto,Patrick Powers,Ficción,13,35.55
2021/10/05,La teoría del todo,Linda Hale,Autoayuda,18,48.2
2024/02/01,El misterio del tiempo,Kristen Smith,Historia,20,24.6
2022/10/14,Mentes brillantes,Vincent Watson,Autoayuda,7,35.06
2021/06/03,El último amanecer,Anna Maddox,No Ficción,19,40.51
2021/05/19,Las voces del pasado,Stephen Johns,Fantasía,16,26.35
2024/04/06,El arte de la guerra,Christopher Wheeler,Ciencia,2,47.08
2021/12/29,Secretos ocultos,Frank Stone,Historia,4,11.89
2023/09/18,Cien años de soledad,David Vance,Terror,1,36.16
2023/07/03,La teoría del todo,Eric Sweeney,No Ficción,13,27.6
2024/07/26,El enigma de la cueva,Alicia Brown,Historia,8,47.18
2024/06/19,El enigma de la cueva,Ashley Melton DDS,Fantasía,1,36.14
2021/06/19,Secretos ocultos,Timothy Moore,Terror,13,17.36
2024/09/10,Las voces del pasado,Michelle Howard,Misterio,11,20.99
2022/05/08,Bajo la luna roja,Joseph Harris,Fantasía,16,25.97
2023/05/11,Bajo la luna roja,Ruth Sanchez,Terror,15,32.63
2022/06/13,La sombra del viento,Ashlee Osborn,Romance,8,16.53
2023/10/10,Sombras en la ciudad,Jeffrey Jones,No Ficción,3,24.63
2023/03/30,Mentes brillantes,Vanessa Quinn,Ficción,9,5.15
2021/05/07,Las voces del pasado,Mary Foster,Historia,19,20.94
2024/01/01,Sombras en la ciudad,Daniel Acevedo,No Ficción,11,25.2
2021/07/02,Secretos ocultos,Heather Taylor,Autoayuda,7,15.39
2024/04/11,Las voces del pasado,Parker Cunningham,Misterio,6,26.85
2021/04/23,Secretos ocultos,Jared Clark,Ciencia,19,18.03
2025/01/26,La teoría del todo,Maurice Torres,Historia,9,46.24
2021/11/10,Sombras en la ciudad,Mark Welch,Ciencia,2,13.57
2021/07/22,El enigma de la cueva,Suzanne Leblanc,Misterio,3,34.12
2021/12/19,El alquimista,John Cunningham,Ciencia,2,5.2
2024/01/18,Bajo la luna roja,Mr. Henry Thompson,Autoayuda,5,5.33
2022/04/20,Destino incierto,Kevin Baker,Historia,14,42.62
2023/06/07,Destino incierto,Kelsey Quinn,Romance,17,32
2023/01/14,Sombras en la ciudad,Sandra Santana,Romance,3,11.1
2024/02/03,El arte de la guerra,Eric Burke,Autoayuda,6,37.43
2023/02/27,Bajo la luna roja,Lauren Hayes,Fantasía,9,12.35
2024/08/18,Cien años de soledad,Joshua Jones,No Ficción,10,37.48
2024/04/14,Sombras en la ciudad,Krystal Turner,Terror,16,28.8
2023/12/01,El arte de la guerra,Troy Smith,Misterio,13,7.11
2023/01/30,Crónicas de un viajero,Holly Fisher,Misterio,11,43.54
2021/05/11,Mentes brillantes,Dr. Harry Hubbard,Historia,19,20.23
2023/12/16,Cien años de soledad,Jeffrey Wilson,Autoayuda,8,12.69
2022/04/10,Sombras en la ciudad,Samantha Morris,Romance,5,14.88
2023/04/06,El enigma de la cueva,Samantha Kim,Fantasía,16,27.01
2024/11/29,Cien años de soledad,Stephanie Melton,Terror,10,12.85
2023/07/28,Bajo la luna roja,Cody Hooper,Autoayuda,9,34.51
2024/04/02,El enigma de la cueva,Alex Jones,Romance,1,7.43
2024/04/12,Mentes brillantes,Michael Russell,Ficción,15,23.75
2023/04/08,El último amanecer,Stephanie Simpson,Ficción,4,44.86
2022/02/25,La sombra del viento,Claudia Anderson,Romance,14,49.56
2023/05/25,Sombras en la ciudad,James Lewis,No Ficción,12,46.66
2022/09/10,Crónicas de un viajero,James Day,Ficción,3,34.38
2024/09/29,Crónicas de un viajero,Jeff Ingram,Misterio,16,48.88
2023/01/10,Bajo la luna roja,Jacqueline Young,Fantasía,19,36.03
2022/10/29,El último amanecer,Kevin Gomez,Historia,19,24.1
2022/09/19,Sombras en la ciudad,Sean Nixon,No Ficción,15,29.65
2021/10/06,El enigma de la cueva,Andrew Mcguire,Autoayuda,10,46.89
2023/06/16,Bajo la luna roja,Gregory Stewart,Terror,16,9.7
2023/12/24,Cien años de soledad,Heather Crosby,No Ficción,9,42.79
2023/02/16,Sombras en la ciudad,Anna Miller,Misterio,6,31.72
2021/04/06,Destino incierto,Donald Aguilar,Fantasía,2,36.26
2023/12/15,Crónicas de un viajero,Scott Anderson,No Ficción,3,17.37
2022/11/23,Cien años de soledad,Lisa Carter,No Ficción,19,21.08
2024/10/29,Crónicas de un viajero,Carolyn Cook,Ciencia,11,5
2024/08/26,El enigma de la cueva,Scott Leach,Historia,18,45.49
2023/03/21,Mentes brillantes,Jeremiah Alexander,Autoayuda,3,8.15
2023/06/14,Mentes brillantes,Dana Wood,Fantasía,11,24.29
2021/10/04,Crónicas de un viajero,Stephen Ortiz,Autoayuda,11,32.12
2021/09/30,La sombra del viento,Brent Cross,Ficción,12,20.06
2022/11/14,Destino incierto,Julia Klein,Fantasía,20,36.17
2024/09/18,Sombras en la ciudad,Jonathan Diaz,Ciencia,12,14.37
2023/05/16,El último amanecer,Amanda Gomez,Ciencia,2,38.4
2022/10/29,La sombra del viento,Victoria Hurley,Romance,10,45.06
2024/07/31,El último amanecer,Kelly Scott,Terror,14,47.29
2023/04/23,Cien años de soledad,Cynthia Hernandez,Ciencia,11,49.33
2023/12/24,Bajo la luna roja,Jermaine Arnold,Fantasía,7,45.4
2024/02/24,La sombra del viento,Timothy Carrillo,Romance,18,43.89
2024/02/03,El alquimista,Alyssa Mcbride,Fantasía,14,34.23
2024/03/29,El arte de la guerra,Janet Powell,No Ficción,1,35.9
2022/11/10,El enigma de la cueva,Lori Lucero,Misterio,19,36.96
2021/12/29,El misterio del tiempo,Michael Castaneda,Ciencia,5,37.59
2023/10/16,Sombras en la ciudad,Emily Roberts,Ficción,20,28.09
2022/02/11,Crónicas de un viajero,Andrew Patterson,Romance,17,7.94
2022/01/16,Destino incierto,Cheryl Dixon,Historia,17,39.77
2023/02/21,Destino incierto,Joshua Marshall,Ficción,13,9.72
2023/04/21,Sombras en la ciudad,Richard Escobar,No Ficción,1,48.28
2021/08/22,Secretos ocultos,Miss Carla Marshall,Romance,14,16.64
2021/06/18,Crónicas de un viajero,Stephanie Johnson,No Ficción,7,18.05
2025/01/28,Cien años de soledad,Cynthia Flores,Romance,8,11.14
2022/04/14,La teoría del todo,Charles Peck,Romance,8,48.85
2022/10/31,El misterio del tiempo,Paul Mckenzie,Romance,1,19.18
2024/05/20,El misterio del tiempo,Sean Silva,Romance,15,17.9
2023/07/11,El misterio del tiempo,Benjamin Gregory,Ficción,19,21.45
2023/04/09,Crónicas de un viajero,Brian Moore,Romance,14,32.04
2023/03/30,Bajo la luna roja,Katherine Adams,No Ficción,12,15.66
2021/10/04,Mentes brillantes,Shawn Smith,Ciencia,15,26.73
2022/11/11,La teoría del todo,Rebecca Wade,Ficción,8,17.77
2021/05/31,La teoría del todo,Edwin Delacruz,Autoayuda,11,35.32
2024/02/25,Crónicas de un viajero,Paula Lopez,Misterio,8,41.66
2021/09/09,Sombras en la ciudad,Cody Ware,Autoayuda,8,32.13
2022/02/02,El último amanecer,Samuel Hicks,Ficción,2,31.71
2023/08/01,El alquimista,Michele Rubio,Romance,4,5.32
2024/07/20,El arte de la guerra,Julie James,No Ficción,12,20.22
2022/11/12,El arte de la guerra,Antonio Kelly,Terror,15,35.68
2023/11/06,El misterio del tiempo,Mitchell Adams,Autoayuda,16,10.19
2024/10/13,El misterio del tiempo,Deborah Delgado,Autoayuda,11,46.92
2025/03/26,Secretos ocultos,Mark Kent,Fantasía,19,20.14
2025/01/06,Crónicas de un viajero,Kevin White,Autoayuda,1,23.03
2023/09/16,El misterio del tiempo,Lisa Lopez,Romance,5,34.81
2023/09/21,Cien años de soledad,Candace Donaldson,Autoayuda,18,29.17
2022/04/22,Las voces del pasado,Erin Miller,Historia,19,35.68
2024/03/22,El último amanecer,Heidi Lutz,Ciencia,6,27.92
2022/03/06,Secretos ocultos,Erika Rangel,Ciencia,15,30
2023/04/12,Mentes brillantes,Thomas Ryan,Autoayuda,1,9.81
2022/03/04,El enigma de la cueva,Nancy Mccarthy,Romance,11,47.08
2025/02/12,La sombra del viento,Kathleen Mclaughlin,Historia,14,9.41
2021/05/16,El alquimista,Christina Sanchez,Terror,15,44.77
2024/07/24,Secretos ocultos,Sarah Rodriguez,Terror,13,31.09
2022/12/22,Bajo la luna roja,Justin Luna,Ficción,8,26.41
2025/01/02,El misterio del tiempo,Natalie Jones,Terror,17,35.08
2022/06/17,Cien años de soledad,Jay Reynolds,Autoayuda,1,19.41
2021/06/12,La teoría del todo,Veronica Young,Ciencia,17,37.45
2023/04/17,El último amanecer,Brian Bender,Ciencia,6,38.49
2022/08/10,Mentes brillantes,Megan Hendricks,Romance,2,14.04
2022/02/02,La teoría del todo,Miss Bianca Powers,Romance,1,24.62
2024/06/20,La sombra del viento,Justin Wilson,Misterio,1,18
2021/10/26,El enigma de la cueva,Cassidy Davis,Ciencia,15,36.92
2021/10/13,Bajo la luna roja,Nancy Thompson,Historia,20,38.95
2021/10/30,El enigma de la cueva,Connie Campbell,Historia,12,31.72
2023/05/20,Bajo la luna roja,Lisa Meyer,Misterio,17,38.97
2024/04/18,El misterio del tiempo,James Nguyen,Romance,1,31.94
2024/11/03,Crónicas de un viajero,Matthew Rogers,Ficción,15,5.76
2023/03/18,Secretos ocultos,Johnathan Trujillo,Terror,9,50
2023/04/21,Bajo la luna roja,Brenda Arroyo,Misterio,16,22.8
2022/05/27,Bajo la luna roja,Michele Garcia,Ficción,12,12.21
2024/08/05,Secretos ocultos,Jose Herrera,Autoayuda,11,19.04
2023/05/03,El misterio del tiempo,Joseph Lawson,Ficción,6,40.09
2022/11/20,El último amanecer,Annette Watkins,Fantasía,11,20.15
2021/04/18,El último amanecer,Emily Petersen,Terror,5,45.12
2022/03/28,El enigma de la cueva,Danny Smith,Historia,5,37.67
2024/09/04,Cien años de soledad,Linda Contreras,Misterio,3,5.65
2023/06/15,Bajo la luna roja,Jane Villanueva,Misterio,1,11.55
2021/08/17,El misterio del tiempo,Rachel Garcia,Romance,11,43.75
2024/04/13,El alquimista,John Wright,Historia,8,45.29
2022/03/06,Destino incierto,Cody Flores,Ficción,20,38.1
2022/10/23,Sombras en la ciudad,Jason Mckinney,Fantasía,5,25.63
2025/02/10,Mentes brillantes,Catherine Harris,Ficción,17,5.2
2023/01/02,El alquimista,Rita Evans,Autoayuda,2,12.18
2021/11/13,Destino incierto,Jonathan Pittman,Fantasía,10,34.4
2022/05/16,Bajo la luna roja,Mrs. Angela Mcdonald MD,Terror,9,38.1
2024/09/14,Sombras en la ciudad,Cathy Kirby,Ficción,4,10.04
2023/04/01,Sombras en la ciudad,Theresa Perez DDS,Historia,10,24.77
2024/03/12,La sombra del viento,Jay Warren,Historia,13,25.28
2024/10/24,El enigma de la cueva,Joel Everett,Fantasía,14,10.48
2024/11/27,El misterio del tiempo,Brianna Gray,Autoayuda,13,32.14
2021/07/20,Secretos ocultos,Ryan Mitchell,Misterio,16,34.69
2024/03/31,Las voces del pasado,Robert Rodriguez DDS,Ficción,13,46.9
2023/07/02,Bajo la luna roja,Kaitlin Castro,Autoayuda,18,5.58
2022/11/06,Destino incierto,Bradley Madden,Autoayuda,16,5.57
2021/08/07,La sombra del viento,James Olson,Autoayuda,13,8.17
2021/07/26,El arte de la guerra,Michael Ibarra,Terror,9,43.84
2023/07/17,Destino incierto,Jonathan Wilson,Autoayuda,11,44.16
2021/06/02,El misterio del tiempo,John Day,Historia,2,18.68
2021/05/19,Sombras en la ciudad,Anne Coleman,Ficción,6,8.04
2022/05/15,La sombra del viento,Michelle Cox,Terror,11,24.21
2024/10/03,Secretos ocultos,Stephen Heath,Terror,15,9.97
2022/02/22,La sombra del viento,Brian Maddox,Fantasía,5,23.2
2021/05/25,Cien años de soledad,Kelly Casey,Ciencia,11,49.35
2021/05/23,La sombra del viento,Matthew Hill,Ficción,5,6.97
2023/04/09,Secretos ocultos,Christopher Avery,Fantasía,12,28.08
2022/04/27,La teoría del todo,Christina Lowe,Terror,18,42.71
2024/06/21,Sombras en la ciudad,Kenneth Stevenson,Ficción,4,25.78
2024/09/05,Las voces del pasado,Angela Smith,Fantasía,1,44.02
2024/03/12,La teoría del todo,David Nelson,Historia,3,23.36
2021/09/24,Mentes brillantes,Don Holt,Misterio,14,14.06
2022/06/29,El arte de la guerra,Ann Rivera,Terror,8,5.15
2022/03/05,Cien años de soledad,Glenn Lucas,Historia,16,10.55
2023/11/07,Sombras en la ciudad,Deborah Pollard,No Ficción,12,5.48
2024/09/08,El alquimista,Joy Lopez,Autoayuda,15,22.48
2024/06/01,Sombras en la ciudad,Lisa Bowman,Romance,2,14
2023/01/10,El último amanecer,Todd Boyd,Fantasía,8,17.95
2023/01/14,Secretos ocultos,Michael Snyder,No Ficción,14,26.73
2021/08/08,Secretos ocultos,Lori Le,Autoayuda,4,9.49
2022/06/15,El enigma de la cueva,Angela Hanna,Fantasía,20,13.44
2021/04/16,Bajo la luna roja,Summer Marshall,Ficción,6,5.47
2021/07/03,El enigma de la cueva,Kevin Cruz,Autoayuda,13,8.01
2023/11/14,Sombras en la ciudad,Matthew Williams,Terror,5,40.84
2023/10/01,El enigma de la cueva,Daniel Freeman,Historia,19,5.53
2022/10/10,Cien años de soledad,Yolanda Perez,Autoayuda,14,15.2
2024/02/18,Las voces del pasado,Joseph Bradshaw,Ciencia,13,47.62
2024/12/03,La teoría del todo,William Meyer,Ciencia,20,13.75
2022/08/11,Sombras en la ciudad,Dylan Casey,Romance,15,31.28
2022/12/02,Crónicas de un viajero,Sonya Nelson,Terror,4,37.76
2022/12/21,El misterio del tiempo,John Jones,Ficción,18,14.85
2021/07/07,El misterio del tiempo,Michael Holmes,Romance,20,17.79
2021/10/01,Destino incierto,Cameron Espinoza,Ciencia,6,34.88
2022/07/28,El arte de la guerra,Rebecca Davis,Misterio,17,13.16
2022/07/07,El enigma de la cueva,Joshua Norman,Fantasía,1,16.26
2024/08/22,Sombras en la ciudad,Robert Ross,Misterio,17,22.29
2021/03/30,El último amanecer,Manuel Sellers,Historia,6,36.32
2022/04/22,El último amanecer,Fernando Harvey,No Ficción,11,44.18
2023/06/29,Las voces del pasado,Angela Ward,Fantasía,8,21.07
2024/01/17,Bajo la luna roja,Tanya Mason,Fantasía,18,16.89
2025/02/03,Destino incierto,Austin Smith,Ciencia,12,40.69
2023/05/01,Destino incierto,Theresa Nichols,Romance,18,39.98
2021/06/16,Bajo la luna roja,Chad Ward,Fantasía,17,23.75
2024/06/03,La sombra del viento,Tracey Diaz,No Ficción,6,12.62
2024/10/24,El último amanecer,Paul Holt,Ciencia,17,25.27
2023/01/12,Cien años de soledad,Thomas Smith,Ciencia,11,45.15
2023/01/27,El último amanecer,Timothy Fitzgerald,Ficción,20,46.8
2022/04/24,El enigma de la cueva,Kayla Chapman,Autoayuda,8,49.16
2023/02/24,El enigma de la cueva,Raymond Glenn,Autoayuda,16,24.6
2022/10/15,Cien años de soledad,Ricky Gallagher,Terror,7,6.96
2022/01/15,El misterio del tiempo,Alyssa Thomas,Ciencia,10,11.66
2022/12/08,Mentes brillantes,Sarah Hill,Ciencia,15,34.39
2022/12/06,El misterio del tiempo,Wendy Villegas,Misterio,2,15.07
2021/12/08,Mentes brillantes,Susan Romero MD,Terror,15,7.67
2023/09/27,Sombras en la ciudad,Julie Duncan,Romance,8,22.44
2024/11/09,Cien años de soledad,Pamela Schwartz,Terror,7,8.32
2023/04/17,Secretos ocultos,Michelle Sharp,Misterio,16,11.32
2022/09/29,El misterio del tiempo,Mark Jones,Romance,13,9.35
2022/02/08,La teoría del todo,Ashley Gray,Autoayuda,17,15.65
2022/11/27,Mentes brillantes,Victoria Thomas,Autoayuda,8,34.97
2022/08/10,El alquimista,Michelle Estrada,Ciencia,6,18.25
2021/09/30,El alquimista,Aaron Murray PhD,Historia,17,27.53
2022/01/21,El arte de la guerra,Jamie Shaw,Terror,8,16.39
2025/01/12,Las voces del pasado,Meredith Wilson,Misterio,13,14.66
2024/01/14,El alquimista,Jamie Reid,Autoayuda,17,38.4
2021/07/16,El alquimista,Sheila Edwards,Ficción,12,47.25
2024/12/05,Mentes brillantes,Sarah Blake,Misterio,19,36.21
2023/06/19,Cien años de soledad,Michele Freeman,Ciencia,16,37.25
2022/06/20,Cien años de soledad,Cheryl Austin,Ficción,10,34.38
2023/06/22,Crónicas de un viajero,William Mcclure,Historia,4,9.52
2024/08/04,El último amanecer,Bobby Andrews,Fantasía,2,14.9
2023/04/13,La teoría del todo,Kevin Hayes,Fantasía,13,25.27
2021/07/04,El enigma de la cueva,Sarah Newman,Misterio,20,10.23
2025/01/01,Crónicas de un viajero,Jennifer Gibbs,Terror,10,33.93
2022/10/13,Mentes brillantes,Regina Ferguson,Terror,1,44.45
2021/07/08,Las voces del pasado,James French,No Ficción,9,46.51
2022/10/07,Mentes brillantes,Steven Brown,Romance,4,21.62
2024/08/31,El misterio del tiempo,Deborah Hamilton,Fantasía,12,17.96
2022/01/23,Destino incierto,Amy Young,Terror,13,33.88
2023/01/31,El misterio del tiempo,Alexis Singleton,Ficción,9,26.84
2024/02/22,Crónicas de un viajero,Mark Holland,Terror,12,33.15
2023/06/16,El enigma de la cueva,Ms. Mary Hall PhD,Historia,9,14.26
2022/05/27,El último amanecer,Nicole Hall,Misterio,9,34.56
2021/05/27,Secretos ocultos,Daniel Craig,Misterio,18,13.94
2024/01/07,El misterio del tiempo,Bradley Lloyd,Romance,14,31.8
2025/02/19,Destino incierto,Jamie Casey,Ciencia,3,37.05
2022/09/03,Sombras en la ciudad,Travis Schultz,Historia,10,13.99
2023/11/15,Cien años de soledad,Angela Jenkins,Misterio,19,39.67
2021/12/23,Bajo la luna roja,Ronald Sullivan,Misterio,6,7.43
2023/05/12,Mentes brillantes,Caitlin Cole,Historia,14,29.92
2023/09/19,El último amanecer,Brittany Alvarez,Fantasía,16,23.57
2023/12/17,La sombra del viento,Nathan Nelson,No Ficción,4,19.42
2024/04/07,Las voces del pasado,Bobby Sanchez,Autoayuda,18,10.83
2024/05/23,La teoría del todo,Karen Brown,No Ficción,10,10.41
2022/03/29,Bajo la luna roja,Joseph Davidson,No Ficción,3,41.2
2022/10/13,Las voces del pasado,Ann Phillips,Ciencia,16,31.27
2025/02/04,El enigma de la cueva,Ronnie Salinas,Historia,19,13.05
2023/11/29,La teoría del todo,Gary Baxter,Autoayuda,9,39.85
2024/02/19,El enigma de la cueva,Steven Wright,Romance,17,39.3
2022/04/28,Secretos ocultos,Susan Martinez,No Ficción,8,9.36
2022/03/04,Las voces del pasado,Alexandra Cunningham,Misterio,17,37.95
2022/03/09,Mentes brillantes,Daniel Wilson,Historia,17,26.44
2022/12/05,La sombra del viento,Dana Contreras,Autoayuda,15,40.39
2024/12/17,La teoría del todo,Christopher Graham,Romance,10,49.31
2021/04/07,El enigma de la cueva,Jeffrey Henderson,Misterio,14,22.55
2022/12/22,Sombras en la ciudad,John Wilkinson,No Ficción,6,29.58
2021/12/12,El misterio del tiempo,Nicholas Burton,Ciencia,5,28.88
2024/06/21,La teoría del todo,Donna Jackson,No Ficción,19,32.29
2023/02/20,El arte de la guerra,Cody Dean,Fantasía,15,29.43
2024/12/07,Mentes brillantes,Karen Lopez,Romance,12,27.73
2025/03/02,Mentes brillantes,Donna Wong,Terror,6,12.22
2021/06/04,El misterio del tiempo,Tiffany Hughes,Ficción,15,24.16
2022/10/10,El alquimista,Michelle Sims,Romance,19,49.86
2024/04/29,El alquimista,Debra Griffin,Ficción,13,25.36
2024/01/26,El enigma de la cueva,Stacey Brady,Misterio,7,9.69
2023/05/29,Crónicas de un viajero,Angela Williams,Fantasía,10,42.61
2023/07/23,Las voces del pasado,Mark Roberts,Autoayuda,14,5.7
2022/10/19,Mentes brillantes,Betty Robertson,Historia,14,41.22
2024/04/28,Bajo la luna roja,Charles Melendez,Autoayuda,19,41.15
2022/04/14,El arte de la guerra,Jesse Fox,Misterio,16,7.07
2023/03/16,Secretos ocultos,Amanda Choi,Ficción,12,17.09
2024/07/08,Las voces del pasado,Joshua Vasquez,Ciencia,18,13.27
2024/07/13,El enigma de la cueva,Amanda Hill,Historia,15,33.3
2024/06/12,Las voces del pasado,Lonnie Khan,Terror,13,45.18
2022/12/27,Crónicas de un viajero,Kathryn Simpson,Ciencia,9,21.98
2021/11/04,El arte de la guerra,Briana Parker,No Ficción,15,46.57
2024/08/02,El misterio del tiempo,Stephen Foley,No Ficción,8,45.13
2021/11/27,Cien años de soledad,Daniel Smith,Autoayuda,8,45.1
2021/08/31,Las voces del pasado,Daniel Fischer,Historia,5,33.64
2022/12/31,El misterio del tiempo,Madeline Chapman,No Ficción,10,38.27
2024/03/17,El enigma de la cueva,Stanley Harrington,Terror,1,33.42
2023/02/20,Las voces del pasado,Sandra Jacobs,Historia,13,17.32
2023/10/28,Crónicas de un viajero,Charles Kelly,Autoayuda,14,45.48
2021/06/06,El arte de la guerra,Paul Vega,No Ficción,5,27.59
2025/01/16,La sombra del viento,Joshua Griffith PhD,Misterio,15,30.31
2022/10/23,La sombra del viento,Leslie Robertson,Ficción,9,15.07
2025/03/03,Mentes brillantes,Robin Khan,Romance,8,29.22
2024/06/10,El arte de la guerra,Julie Snyder,Romance,6,29.9
2024/02/18,Bajo la luna roja,Bianca Ingram,Ciencia,19,5.97
2021/09/23,El alquimista,Megan Bennett,Ficción,20,15.81
2025/03/07,El misterio del tiempo,Jessica Jones,Ficción,6,32.19
2022/11/23,La sombra del viento,Billy Harris,Autoayuda,1,13.31
2023/07/28,El alquimista,Robert Ellis,Romance,2,30.83
2021/04/27,El enigma de la cueva,Sarah Adams,Misterio,7,26.04
2022/03/25,Destino incierto,Keith Pierce,Ficción,18,26.95
2021/12/16,Destino incierto,Sharon Stuart,Fantasía,6,5.06
2023/09/28,El arte de la guerra,Stephanie Terry,No Ficción,2,31.88
2022/06/08,Crónicas de un viajero,Sheila Sutton,Ciencia,2,34.09
2024/10/03,El enigma de la cueva,Tyler Douglas,Ciencia,18,43.21
2024/10/17,La sombra del viento,Brandon Haynes,No Ficción,15,7.27
2022/10/21,El alquimista,Javier Smith,Misterio,8,36.54
2021/08/08,La sombra del viento,Veronica Lawrence,Ciencia,14,40.59
2024/08/05,Bajo la luna roja,Jessica Wilson,Fantasía,1,28.69
2022/12/02,Secretos ocultos,Chelsea Beard,Autoayuda,10,48.52
2024/04/13,Cien años de soledad,Ashley Snyder,Autoayuda,14,8.17
2021/05/05,La teoría del todo,Anne Wong,Misterio,1,18.08
2025/01/06,Cien años de soledad,Samuel Harris,Autoayuda,4,12.52
2022/07/06,Bajo la luna roja,Joseph Marks,Terror,19,40.01
2023/03/01,El alquimista,Adrian Mckenzie,Autoayuda,16,16.98
2024/09/28,El alquimista,Travis Davis,Autoayuda,8,39.31
2024/01/19,Crónicas de un viajero,Tina Williams,Terror,15,43.29
2023/12/06,Bajo la luna roja,Stephen Walton,Fantasía,10,9.94
2023/07/18,Mentes brillantes,David Nelson,Romance,16,12.94
2022/08/26,El enigma de la cueva,Madison Clayton,Romance,5,28.8
2023/08/30,El enigma de la cueva,Stuart Jones,Fantasía,20,44.39
2022/05/07,Bajo la luna roja,Paul Yates,No Ficción,19,15.92
2023/01/17,Cien años de soledad,Amanda Ramirez,Terror,17,15.01
2024/08/17,El misterio del tiempo,David Hurst,Misterio,10,35.25
2024/11/29,La teoría del todo,Megan Navarro,Ficción,11,23.87
2022/12/22,Crónicas de un viajero,Robert Krueger,Autoayuda,11,32.87
2021/04/04,Sombras en la ciudad,John Preston,Misterio,17,47.97
2023/08/14,La teoría del todo,Robert Thornton,Historia,2,11.54
2024/07/15,El alquimista,Ronald Patrick,Misterio,4,10.12
2024/08/05,Bajo la luna roja,Scott Cook,Autoayuda,12,31.69
2022/06/26,Bajo la luna roja,Rebecca Roberts,Fantasía,8,38.3
2022/12/02,Las voces del pasado,Amber Sanchez,Terror,12,41.72
2022/08/17,Las voces del pasado,Kevin Casey,Romance,16,28.32
2022/02/17,La teoría del todo,Brian Downs,Terror,16,29.2
2021/07/21,Destino incierto,Frederick Lyons,No Ficción,20,5.25
2021/06/29,Destino incierto,Shannon Jones,No Ficción,20,23.92
2024/06/12,Secretos ocultos,Melissa Stone,Autoayuda,9,26.81
2021/11/01,Cien años de soledad,Joseph Mayer,Ciencia,4,7.83
2021/11/16,La sombra del viento,Shannon Hayes,Historia,2,13.59
2022/06/23,El último amanecer,Kathy Adams,Autoayuda,1,26.03
2023/06/19,El arte de la guerra,Sarah Glenn,Historia,17,6.52
2022/05/15,La teoría del todo,Brooke Estrada,Misterio,11,22.52
2022/04/27,La sombra del viento,Billy Rodgers,Fantasía,5,44.31
2022/06/07,El último amanecer,Ronald Cox,Misterio,7,48.61
2025/01/27,Secretos ocultos,Jacqueline Hickman,No Ficción,19,5.99
2025/03/09,Destino incierto,Steven Rivas,Terror,18,31.45
2025/03/29,El alquimista,Joan Lewis,Fantasía,2,30.1
2022/02/02,Secretos ocultos,Paul Hernandez,Autoayuda,9,20.05
2022/06/25,Mentes brillantes,David Mueller,Autoayuda,20,11.61
2023/08/08,Sombras en la ciudad,Thomas Whitehead,Misterio,12,22.96
2022/05/19,Secretos ocultos,Miguel Dean,Historia,18,30.75
2024/07/26,Mentes brillantes,Alan Martinez,Terror,9,30.59
2024/10/06,El alquimista,Jeff Gordon,Romance,8,35.66
2025/03/12,Cien años de soledad,April Thomas,Romance,5,30.56
2023/02/14,Mentes brillantes,Ryan Payne,Fantasía,13,23.98
2024/08/20,El arte de la guerra,Amy Wood,Fantasía,18,40.51
2024/07/24,La sombra del viento,Jennifer Page,Autoayuda,2,11.58
2023/07/13,El último amanecer,Kimberly Sexton,Fantasía,2,14.49
2023/10/20,Bajo la luna roja,Eric Herrera,Romance,13,29.87
2024/12/18,Sombras en la ciudad,Karen Beasley,Ciencia,12,9.5
2021/10/21,Las voces del pasado,Crystal Harris,Fantasía,7,40.54
2022/05/15,El alquimista,Andrea Roberts MD,Ficción,16,29.83
2023/01/08,Secretos ocultos,Nicole Garcia MD,Historia,1,27.2
2023/08/17,Bajo la luna roja,Whitney May,Ciencia,9,29.57
2023/12/24,El misterio del tiempo,Daniel Salas,Historia,20,18.11
2024/08/13,Crónicas de un viajero,Eric Adams,Romance,11,6.21
2023/02/25,Bajo la luna roja,Kathryn Acevedo,Ciencia,4,18.55
2022/08/18,Destino incierto,Ronald Logan,Ciencia,3,23.79
2022/05/13,Destino incierto,James Miller,Autoayuda,18,10.23
2023/02/11,El misterio del tiempo,Kyle Marks,Fantasía,12,47.13
2021/10/18,Crónicas de un viajero,Nancy Graham,Ficción,6,24.86
2021/05/05,Las voces del pasado,Kristina Jordan,No Ficción,19,30.83
2021/11/02,La sombra del viento,Laurie Reyes,No Ficción,2,15.14
2023/05/01,El último amanecer,Vanessa Jones,Ficción,12,40.16
2023/12/04,El último amanecer,Mark Torres,No Ficción,20,37.68
2024/11/12,Destino incierto,Christine Hill,Ciencia,2,42.48
2021/06/03,Sombras en la ciudad,Melissa Hudson,Terror,18,32.62
2024/06/11,El alquimista,Michael Simmons,Ficción,16,25.52
2024/07/07,El enigma de la cueva,Dr. Kayla Baker,Autoayuda,3,9
2023/02/01,Crónicas de un viajero,Robert Davis,Misterio,1,30.94
2022/10/29,El enigma de la cueva,Danielle Burns,Historia,2,17.44
2021/09/12,El último amanecer,Lauren Adams,Ciencia,19,40.68
2022/03/05,Sombras en la ciudad,Jason Poole,Historia,1,11.17
2023/05/21,El misterio del tiempo,Kara Parker,Terror,12,33.95
2021/08/12,El enigma de la cueva,Mary Arias,No Ficción,18,26.14
2022/06/06,Mentes brillantes,Lori Jones,Terror,4,29.81
2021/11/27,Bajo la luna roja,Justin Marshall,No Ficción,10,38.08
2023/05/08,El último amanecer,Diana Hopkins,No Ficción,17,14.23
2025/03/23,El último amanecer,Tara Logan,No Ficción,13,41.02
2024/07/19,La teoría del todo,Jeremy Hughes,Ficción,2,13.74
2024/06/07,Cien años de soledad,Joshua Benjamin,Historia,6,26.13
2023/04/29,Cien años de soledad,William Sims,Autoayuda,2,8.76
2021/11/25,El misterio del tiempo,Lynn Allen,Terror,2,8.7
2024/04/17,El enigma de la cueva,Henry Moreno,Misterio,14,33.33
2023/05/14,El último amanecer,Benjamin Gutierrez,Historia,7,10.22
2022/07/05,Crónicas de un viajero,Sarah Gallagher,Romance,7,18.01
2022/05/13,Mentes brillantes,Benjamin Jones,Autoayuda,11,40.23
2023/08/16,Bajo la luna roja,Bradley Diaz,Autoayuda,7,29.91
2021/10/02,El arte de la guerra,Spencer Wright,Ciencia,2,41.63
2022/01/05,El arte de la guerra,Michelle Williams,Ficción,7,31.55
2024/10/23,Sombras en la ciudad,Katherine Olson,Terror,2,38.14
2022/11/18,La sombra del viento,Christopher Prince,Romance,14,30.91
2021/10/11,El misterio del tiempo,Mrs. Erin Lopez,Fantasía,8,49.99
2023/11/26,Crónicas de un viajero,Alexis Davis,No Ficción,9,12.14
2022/02/23,Bajo la luna roja,Cindy Garcia,Fantasía,5,42.11
2025/03/27,El arte de la guerra,Zachary Hensley,Autoayuda,10,20.42
2022/02/28,El alquimista,Leslie Fisher,Misterio,20,49.89
2021/08/13,La sombra del viento,Christopher Chandler,Terror,19,47.29
2024/10/24,El enigma de la cueva,Dana Greene,Terror,9,40.68
2021/12/06,Las voces del pasado,Jessica Johnson,Misterio,15,13.12
2024/01/11,Destino incierto,Pam Harris,Romance,3,10.85
2023/05/16,La teoría del todo,Gabriel Fernandez,Misterio,14,20.01
2022/05/03,Crónicas de un viajero,Cheryl Robinson,Terror,6,26.48
2024/06/29,El alquimista,Cynthia Oconnor,Historia,3,45.82
2021/06/03,El alquimista,April Anderson,Misterio,18,13.82
2022/06/15,El enigma de la cueva,Cassandra Buchanan,No Ficción,11,20.59
2021/09/23,Mentes brillantes,Gina Martinez,Ciencia,3,38.99
2023/03/18,Cien años de soledad,David Lane,Terror,3,41.38
2023/07/03,La teoría del todo,Laura Aguirre,Ciencia,19,44.23
2021/05/26,La teoría del todo,Jonathan Lowery,Ciencia,10,24.22
2021/04/24,Secretos ocultos,Monica Turner,Misterio,3,24.36
2023/01/18,El enigma de la cueva,Wayne Bell,Romance,3,32.31
2022/02/27,El arte de la guerra,Lori King,Fantasía,4,44.5
2022/06/25,Sombras en la ciudad,Jonathan Salazar,No Ficción,19,32.63
2022/11/29,El último amanecer,Joseph Black,Romance,15,32.9
2023/08/02,El enigma de la cueva,Stephanie Miller,Autoayuda,3,23.33
2022/03/21,Bajo la luna roja,Jessica Rodriguez,Misterio,6,16.44
2024/08/07,El enigma de la cueva,Andrew Williams,Ciencia,8,32.29
2022/08/08,Las voces del pasado,Michelle Adams,Fantasía,13,17.46
2023/11/11,Sombras en la ciudad,Jessica Johnson,Ficción,11,35.3
2021/04/04,Destino incierto,Samuel Jacobson,Romance,2,31.94
2023/02/22,Crónicas de un viajero,Mr. Dennis Johnson,No Ficción,6,36.64
2023/09/09,Secretos ocultos,Jeffery Scott,Historia,1,36.85
2023/01/30,El alquimista,Amanda Lowe,No Ficción,17,33.77
2022/10/12,Bajo la luna roja,Roy Willis,Romance,11,22.93
2023/12/10,Secretos ocultos,Shane Hopkins Jr.,Historia,20,7.29
2024/12/23,El enigma de la cueva,Shaun White,Ciencia,17,31.22
2023/04/20,El misterio del tiempo,Annette Lawson,Autoayuda,4,27.82
2024/09/27,El arte de la guerra,Rebecca Walker,Fantasía,20,18.85
2023/04/11,Cien años de soledad,Michael Glover,Misterio,5,42.98
2024/10/19,Sombras en la ciudad,Jason Russell,Ficción,4,44.46
2022/12/07,La sombra del viento,Adam Mendoza,Ciencia,8,43.55
2022/12/08,El misterio del tiempo,Jonathan Stevenson,Misterio,10,20.44
2023/09/05,Destino incierto,Amber Willis,Misterio,1,6.1
2025/01/09,Sombras en la ciudad,Tyler Wagner,Ficción,8,7.48
2024/01/10,El último amanecer,Dustin Fox,Autoayuda,19,26.15
2024/03/04,El último amanecer,Joanne Smith,Autoayuda,18,12.27
2023/01/20,El enigma de la cueva,Natasha Hansen,Historia,5,37.26
2022/05/23,Destino incierto,Brandon Lewis,Romance,8,12.36
2021/12/24,Mentes brillantes,Joshua Franklin,Misterio,12,7.87
2021/05/06,La sombra del viento,James Schroeder,Fantasía,17,28.01
2024/12/09,La teoría del todo,Michael Glass,Autoayuda,19,29.08
2022/01/20,El alquimista,Stephen Larson,Ciencia,19,47.32
2024/07/02,El alquimista,Jasmine Mendez,Ficción,9,38.39
2022/02/11,El alquimista,Randall Humphrey,Fantasía,17,15.57
2023/11/10,El arte de la guerra,Karen French,Romance,3,28.55
2025/02/22,El último amanecer,John Sawyer,Fantasía,18,47.75
2022/01/19,El arte de la guerra,Kyle Adams,Fantasía,20,30.55
2023/08/24,El arte de la guerra,Jennifer Watkins,No Ficción,20,30.85
2023/04/06,Secretos ocultos,Matthew Ray,Autoayuda,12,18.7
2022/08/29,El último amanecer,Erica Garcia,Terror,2,25.8
2023/01/16,Mentes brillantes,David Patton,Ficción,8,23.54
2023/01/17,Mentes brillantes,Abigail Weaver,Ciencia,18,5.2
2021/11/17,El enigma de la cueva,Beth Ruiz,Ciencia,17,18.49
2024/10/29,Las voces del pasado,Hannah Barker,No Ficción,20,28.21
2024/09/23,Cien años de soledad,Lisa Moody,Fantasía,20,41.81
2023/06/17,Sombras en la ciudad,Jacqueline Lewis,Historia,13,28.69
2021/12/13,El misterio del tiempo,Timothy Fuller,Misterio,17,32.12
2023/01/03,Crónicas de un viajero,Steven Harvey,Historia,5,39.22
2023/07/19,Destino incierto,Doris Berry,Historia,7,18.17
2021/09/10,Mentes brillantes,Nicholas Johnson,Terror,15,42.49
2024/03/11,Las voces del pasado,Peter Thompson,Autoayuda,4,41.66
2025/02/05,Crónicas de un viajero,Gregory Calderon,No Ficción,12,8.66
2024/02/10,Destino incierto,Carrie Haynes,Terror,16,45.14
2023/06/22,El último amanecer,Nicole Johnson,No Ficción,19,36.06
2022/09/05,Destino incierto,Robert Jackson,Romance,20,46.41
2022/12/25,La sombra del viento,Robert Steele,No Ficción,12,11.12
2024/06/06,Bajo la luna roja,Lynn Grimes,Fantasía,1,44.69
2023/08/28,La teoría del todo,Andrew Keith,Misterio,6,48.83
2024/05/18,El misterio del tiempo,Karen Guzman,Ficción,1,48.24
2023/03/20,Cien años de soledad,Donald Ball,Ficción,15,24.24
2024/02/14,La teoría del todo,Amanda Ferguson,Ficción,4,7.29
2021/07/19,Sombras en la ciudad,Diane Meyers,Terror,3,30.58
2022/11/13,Bajo la luna roja,Daniel Castillo,Terror,3,28.86
2024/01/04,Sombras en la ciudad,Abigail Thompson,Ficción,19,24.52
2023/08/10,Las voces del pasado,Casey Love,Autoayuda,20,42.44
2023/04/18,Crónicas de un viajero,Stephanie Carter,Terror,2,17.87
2023/06/20,Cien años de soledad,Andrew Barrera,Autoayuda,12,44.77
2021/10/09,Cien años de soledad,Thomas Arias,Ficción,13,43.84
2024/07/09,Sombras en la ciudad,Courtney Hayes,Autoayuda,7,33.15
2021/11/01,Secretos ocultos,Rita Jones,Terror,12,5.77
2023/06/07,Secretos ocultos,Gwendolyn Hogan,Romance,3,7.19
2022/10/04,Destino incierto,Kevin Blair,Romance,4,49.99
2022/09/24,La teoría del todo,Christina Johnson,Fantasía,17,48.16
2023/01/23,Bajo la luna roja,Amanda Gardner,Romance,3,32.83
2021/05/24,El alquimista,James Lowe,Misterio,16,5.21
2023/01/13,Las voces del pasado,Mark Anderson,Ciencia,19,41.2
2022/05/04,Crónicas de un viajero,Brian Harris,Ficción,3,33.32
2021/09/24,El alquimista,Melissa Sweeney,Fantasía,17,18.35
2023/11/05,Bajo la luna roja,Susan Sandoval,Autoayuda,5,5.48
2022/05/10,El enigma de la cueva,Audrey Atkins,Autoayuda,14,45.11
2023/07/06,El último amanecer,Daniel Mata,No Ficción,11,38.58
2021/08/03,Las voces del pasado,Edward Lee,Ficción,19,40.82
2025/01/15,Crónicas de un viajero,Kenneth Huffman,Ciencia,3,11.76
2025/01/16,El último amanecer,Raymond Wells,Ficción,19,16.4
2024/03/29,La teoría del todo,Julia Richardson,Historia,10,22.55
2021/04/08,El arte de la guerra,Nicholas Moran,Romance,3,34.84
2022/12/10,Sombras en la ciudad,Hannah Holmes,Romance,20,31.47
2024/02/23,Sombras en la ciudad,Billy Ellison,No Ficción,3,34.79
2021/04/11,Destino incierto,Lori Yoder,Ciencia,8,33.53
2023/10/12,Sombras en la ciudad,Kenneth Johnson,Historia,19,18.73
2023/12/28,El alquimista,Larry Anderson,Ficción,11,31.15
2024/04/13,El alquimista,Todd Adams,Ficción,6,30.39
2024/06/28,El alquimista,Jennifer Swanson,Ficción,11,11.09
2022/06/21,Las voces del pasado,Lisa Jordan,Romance,3,13.29
2022/05/24,La teoría del todo,Roger Nash,Romance,6,19.57
2025/03/24,El alquimista,Ana Jones,Terror,8,30.89
2022/11/27,El arte de la guerra,Theresa Baker,No Ficción,11,26.14
2024/08/29,La teoría del todo,Eric Rivas,Ciencia,11,9.41
2025/03/23,La teoría del todo,Megan Lawrence,Romance,18,5.99
2021/08/05,El misterio del tiempo,Sarah Richardson,Ciencia,5,23.4
2022/02/19,Crónicas de un viajero,John Blankenship,Terror,16,5.73
2022/03/16,Bajo la luna roja,Paul Webb,No Ficción,14,19.75
2022/06/03,La sombra del viento,Danielle Jones,Historia,10,7.44
2024/11/12,Sombras en la ciudad,Christopher Barr,Autoayuda,17,28.14
2022/01/12,Secretos ocultos,Kayla Tyler MD,Terror,16,10.72
2023/09/22,Secretos ocultos,Gary Cross,Fantasía,9,39.48
2021/07/03,Cien años de soledad,Amy Douglas,Ficción,19,36
2023/09/12,El alquimista,Jacob Hall,Misterio,3,43.52
2022/11/19,Cien años de soledad,Casey Walker,Historia,12,15.51
2024/06/27,El arte de la guerra,Christina Mendoza,Ficción,3,37.03
2022/08/01,Las voces del pasado,Robert Sellers,Terror,19,6.58
2021/04/19,Sombras en la ciudad,Heather Foster,No Ficción,1,14.45
2022/10/21,Cien años de soledad,Alan Hayden,Fantasía,16,9.43
2022/08/15,Sombras en la ciudad,Haley Phillips,Fantasía,17,21.31
2021/08/08,Mentes brillantes,Stephanie Kramer,Historia,13,45.03
2022/01/19,Mentes brillantes,Craig Sanchez,Autoayuda,1,20.92
2024/03/26,Crónicas de un viajero,Roger Nelson,Fantasía,14,33.63
2022/01/21,El arte de la guerra,Allison Bell,Misterio,4,26.28
2024/05/16,El enigma de la cueva,Joseph Davis,Ficción,13,29.5
2022/05/09,Las voces del pasado,Toni Acosta,Historia,6,5.99
2022/05/22,El arte de la guerra,Stephen Strickland,No Ficción,15,30.41
2024/04/20,Destino incierto,Samantha Christensen DDS,Historia,1,42.77
2021/04/06,Sombras en la ciudad,Brittany Barrett,Fantasía,14,12.38
2021/07/22,La teoría del todo,Linda Anderson DVM,Ciencia,1,15.51
2023/11/27,La sombra del viento,Carolyn Bailey,Fantasía,16,30.01
2024/03/20,El misterio del tiempo,Zachary Jenkins,Romance,14,14.74
2024/03/25,El último amanecer,Collin Harris,No Ficción,10,32.23
2024/03/15,El enigma de la cueva,Christopher Garcia PhD,Ficción,15,35.38
2023/09/28,La sombra del viento,Jessica Bell,Terror,8,45.05
2023/04/09,La sombra del viento,Tina Liu,Fantasía,20,11.51
2024/02/08,Cien años de soledad,David White,Ficción,20,29.78
2023/04/15,El alquimista,Sarah Meza,Ficción,13,11.65
2024/12/18,Secretos ocultos,David Russo,No Ficción,19,14.26
2021/11/26,Las voces del pasado,Sherri Montes,Ficción,18,46.21
2023/07/20,Destino incierto,Michael Boyle,Historia,10,21.26
2022/08/12,El alquimista,Angela Smith,Fantasía,2,40.44
2021/05/07,Sombras en la ciudad,Rachel Miller,Terror,2,38.22
2022/10/22,El misterio del tiempo,Robert Hill,Ciencia,15,22.96
2022/10/05,Destino incierto,Garrett Adams,Misterio,2,18.53
2022/01/27,El último amanecer,Cristian Foley,Fantasía,3,20.9
2021/08/29,La sombra del viento,Edward Shepard,Fantasía,4,20.05
2022/04/26,El enigma de la cueva,Gregory Green,Romance,20,17.95
2024/10/24,Crónicas de un viajero,Jeremy Woods,Historia,2,38.51
2022/07/28,Secretos ocultos,April Davis,Fantasía,10,38.25
2021/08/20,Bajo la luna roja,Joe Johnson,No Ficción,8,37.98
2022/11/27,Destino incierto,Mr. Lawrence Salinas,Terror,7,11.98
2025/01/28,El alquimista,Cindy Davis,Historia,2,47.02
2024/02/29,El último amanecer,Jared Morgan,Autoayuda,19,22.92
2023/09/16,El misterio del tiempo,Kelly Jensen,Terror,13,21.62
2022/08/09,Destino incierto,Thomas Davis,Fantasía,5,26.89
2022/09/15,Cien años de soledad,Robert Smith,Historia,5,36.94
2021/05/11,Sombras en la ciudad,Emily Briggs,Misterio,5,13.34
2024/07/26,El enigma de la cueva,Danielle Cruz,Autoayuda,11,25.68
2024/06/15,La sombra del viento,Lisa Smith,Autoayuda,6,7.34
2022/08/21,La teoría del todo,Michael Cantrell,Romance,20,26.38
2021/12/25,La sombra del viento,Dylan Jones,No Ficción,10,19.93
2021/04/24,Crónicas de un viajero,Paul Coleman,Misterio,15,15.03
2025/01/07,Destino incierto,John Ferrell,Fantasía,18,46.03
2022/03/22,La teoría del todo,Allison Ward,Ciencia,1,13.67
2024/09/30,Destino incierto,Chad Greer,Historia,2,23.8
2023/05/14,Sombras en la ciudad,Robert Cardenas,Ficción,7,37.31
2022/08/28,La teoría del todo,Ashley Elliott,Romance,7,47.46
2024/08/25,El misterio del tiempo,Christina Warren,Autoayuda,16,47.81
2025/02/23,Bajo la luna roja,Misty Faulkner,Historia,19,23.09
2023/01/16,La sombra del viento,Danielle Wilson,Autoayuda,1,34.93
2021/09/14,Bajo la luna roja,Bryan Payne,Ficción,19,32.17
2022/10/06,El último amanecer,Sarah Rubio,Terror,18,36.2
2022/06/10,El último amanecer,Mark Serrano,Romance,19,47.82
2022/10/06,Las voces del pasado,Dorothy Rhodes,Terror,4,10.11
2024/07/17,Crónicas de un viajero,Joshua Sullivan MD,Fantasía,2,33.15
2024/07/02,El arte de la guerra,Corey Rodriguez,Fantasía,13,31.4
2022/02/10,El misterio del tiempo,Robert Wong,Misterio,18,20.42
2023/08/21,Crónicas de un viajero,Fernando Quinn,Misterio,7,8.73
2023/12/04,Bajo la luna roja,Debbie Griffith DDS,Terror,7,40.37
2023/04/23,El misterio del tiempo,Katrina Sanchez,Autoayuda,1,38.73
2021/12/07,El último amanecer,Amanda Mayo,Misterio,13,21.68
2023/08/05,La sombra del viento,David Lawrence,Misterio,2,16.14
2022/11/13,El misterio del tiempo,Randy Hopkins,Ficción,6,37.84
2022/05/22,Sombras en la ciudad,Judy Fleming,Misterio,18,12.28
2022/05/15,El último amanecer,Juan Price,Autoayuda,10,40.87
2025/02/04,Bajo la luna roja,Joshua Sullivan,Ciencia,15,13.69
2025/03/12,El arte de la guerra,Robin Brown,Fantasía,3,31.26
2023/11/20,Las voces del pasado,Jacob Hernandez,Terror,11,14.02
2023/04/02,Secretos ocultos,Leroy Moore,Terror,15,30.23
2022/10/18,El enigma de la cueva,William Carroll,Fantasía,8,28.46
2023/02/26,Secretos ocultos,John Edwards,Terror,14,14.38
2022/11/30,Sombras en la ciudad,Kenneth Green,Romance,11,30.17
2022/07/07,Mentes brillantes,Denise Flores,Romance,4,11.43
2022/08/02,Crónicas de un viajero,Alison Morris,Misterio,19,14.03
2023/12/25,El alquimista,Brian Castillo,Ciencia,1,37.21
2025/01/13,Cien años de soledad,Gabriel Long,Romance,2,18.6
2021/06/19,Crónicas de un viajero,Danielle Duran,Ciencia,8,7.15
2021/06/22,El alquimista,Albert Hart,Autoayuda,11,35.96
2022/06/06,El arte de la guerra,Nicole Cummings,Autoayuda,3,32.73
2022/10/28,Mentes brillantes,Deborah Davis,Fantasía,4,12.9
2024/06/29,Destino incierto,Wendy Vasquez,Historia,17,19.54
2021/07/04,Bajo la luna roja,John Johnson,Misterio,11,29.47
2023/09/03,Crónicas de un viajero,Penny Wade,Autoayuda,5,30.53
2021/10/30,El enigma de la cueva,Christina Schmidt,Ciencia,17,42.52
2023/01/28,La teoría del todo,Raymond Jones,Terror,19,17.19
2023/09/18,El alquimista,Kelly Lee,Historia,3,35.65
2025/03/23,El alquimista,Lisa Friedman,Historia,13,47.36
2022/09/21,El arte de la guerra,Ronald Lucas,Autoayuda,9,29.8
2022/05/19,El arte de la guerra,Heidi Lopez,Autoayuda,7,6.83
2023/09/04,El misterio del tiempo,Michael Oliver DVM,Misterio,19,5.66
2024/10/07,Mentes brillantes,Megan Cowan,No Ficción,8,14.82
2022/03/17,Secretos ocultos,James Webb,Romance,14,33.47
2022/12/03,El misterio del tiempo,Alejandro Mata,Historia,11,22
2024/03/27,Sombras en la ciudad,Angela Cochran,Historia,9,30.47
2023/08/01,La teoría del todo,Elizabeth White,Ciencia,2,25.42
2024/06/02,Cien años de soledad,Gary Ibarra,No Ficción,14,24.5
2024/09/23,El enigma de la cueva,Karen Hill,Ficción,11,33.43
2021/05/08,Las voces del pasado,Samantha Webb,Ciencia,6,18.83
2022/11/20,Sombras en la ciudad,Randall Warren,Historia,20,21.62
2022/04/09,Bajo la luna roja,Jo Nelson,Romance,17,8
2021/05/06,Crónicas de un viajero,Dylan Lamb,Historia,10,38.22
2024/01/05,El alquimista,Heather Moore,No Ficción,9,37.87
2023/11/13,El misterio del tiempo,Roy Armstrong,Ciencia,2,15.82
2022/07/26,Mentes brillantes,Crystal Ellis,Misterio,5,9.53
2022/12/31,Bajo la luna roja,Cindy Baker,Terror,19,38.88
2022/01/06,El enigma de la cueva,Ashley Davis,Autoayuda,8,26.58
2021/09/11,Crónicas de un viajero,Garrett Mclaughlin,Misterio,11,11.04
2023/06/17,Secretos ocultos,Joshua Hale,No Ficción,12,49.09
2021/06/04,El alquimista,Tammy Carroll,No Ficción,12,28.19
2022/04/06,Crónicas de un viajero,Gregory Marquez,Terror,2,40.38
2024/02/22,La teoría del todo,Maria Kirby,Ficción,11,24.11
2025/03/11,Bajo la luna roja,Eric Cooper,Romance,9,23.1
2022/11/06,Crónicas de un viajero,Timothy Hodge,Ficción,3,28.51
2024/06/15,Mentes brillantes,Kevin Kim DVM,Ficción,9,25.75
2022/06/05,El misterio del tiempo,Taylor Thomas,Ficción,20,43.38
2024/08/10,La sombra del viento,Kevin Thompson,Terror,14,10.57
2023/10/18,El alquimista,Julia Good,Romance,12,40.46
2021/04/12,Sombras en la ciudad,Beth Gonzalez,Misterio,18,28.36
2022/08/16,Bajo la luna roja,Donald Olson,Fantasía,8,22.64
2021/04/01,Mentes brillantes,Michelle Fisher MD,Romance,13,31.62
2025/02/06,La teoría del todo,Heather Mccormick,Autoayuda,11,12.87
2022/08/16,Sombras en la ciudad,Anthony Sanchez,Fantasía,11,15.14
2025/03/27,Sombras en la ciudad,Maria Palmer,Autoayuda,5,49.18
2024/06/07,La teoría del todo,Charles Rivera,No Ficción,4,9.48
2021/08/10,Mentes brillantes,Michael Green,Autoayuda,3,22.96
2024/01/19,Bajo la luna roja,Michael Murphy,Romance,19,16.17
2024/12/28,El arte de la guerra,Mary Vincent DDS,Terror,20,5.96
2021/12/09,El alquimista,James Hernandez,Misterio,3,35.87
2022/10/16,Cien años de soledad,Nicholas Thompson,Ficción,18,26.83
2023/12/12,Sombras en la ciudad,Donna Bishop,Terror,16,40.72
2022/01/10,El misterio del tiempo,Rose Davis,Romance,1,14.11
2022/10/16,Cien años de soledad,Susan Baker,Ciencia,7,30.88
2022/10/27,Sombras en la ciudad,Randy Collier,Misterio,8,15.51
2021/11/09,El enigma de la cueva,Eric Newman,Romance,15,17.22
2022/04/19,Bajo la luna roja,Chelsea Arnold,Ficción,18,12.33
2021/11/08,El último amanecer,Tyler Fox,Ciencia,3,48.63
2021/09/20,Secretos ocultos,Lisa Miller,Autoayuda,5,45.27
2023/11/26,El arte de la guerra,Mrs. Amy Jimenez DVM,Romance,10,27.66
2023/01/02,Cien años de soledad,Juan Morales,Romance,13,22.93
2025/01/26,El último amanecer,Mary Perez,Terror,13,25.95
2023/08/29,La sombra del viento,Albert Alvarez,Ficción,2,45.13
2023/09/08,La teoría del todo,Christina Mccann MD,No Ficción,13,42.99
2023/03/04,La sombra del viento,Dawn Martin,Ficción,5,26.26
2024/06/01,Bajo la luna roja,Shawn Fisher,Misterio,11,28.11
2024/12/08,El alquimista,Jacob Rose,Terror,12,15.52
2023/08/09,El misterio del tiempo,Christina Henderson,Ciencia,12,44.97
2024/10/07,Las voces del pasado,Ann Stephens,Autoayuda,17,26.86
2024/12/30,La teoría del todo,Rebecca Kaufman,Ficción,10,38.11
2023/08/21,Crónicas de un viajero,Brandon Hall,Ficción,17,35.35
2022/12/15,Mentes brillantes,Timothy Yoder,Romance,1,24.8
2022/08/28,La teoría del todo,Nathaniel Mcdonald,Ficción,20,32.01
2023/06/13,El arte de la guerra,Sean Chapman,Terror,11,34.32
2023/10/16,El alquimista,Tamara Robinson,Terror,8,20.85
2022/01/28,El enigma de la cueva,Corey Taylor,Autoayuda,7,45.89
2025/02/28,Destino incierto,Gary Reed,Romance,6,7.68
2021/10/11,La sombra del viento,Dennis Curtis,Terror,19,20.89
2023/08/31,El arte de la guerra,Jessica Barnes,Romance,8,40.24
2023/05/07,Destino incierto,Cameron Ferguson,Autoayuda,11,48.54
2022/03/14,Las voces del pasado,David Glass,Historia,16,43.29
2022/10/14,El último amanecer,Sherri Oconnor,Fantasía,5,7.68
2024/09/06,Mentes brillantes,Brent Beck,Terror,3,49.36
2024/03/02,El misterio del tiempo,Scott Stuart,Romance,8,22.71
2021/11/30,El último amanecer,Karen Hart,Misterio,18,26.08
2022/02/18,El arte de la guerra,Jose Gray,Terror,12,5.01
2024/12/29,El arte de la guerra,Amber Moon,Autoayuda,4,31.79
2022/01/26,Cien años de soledad,Dorothy Cruz,Romance,10,19.41
2023/03/13,El último amanecer,Mrs. Amber Anderson PhD,Misterio,11,12.23
2023/12/19,El alquimista,Kimberly Gardner,Romance,19,32.99
2024/08/22,Cien años de soledad,Brandon Hernandez,Romance,6,42.47
2023/06/14,El alquimista,Elizabeth Everett,Misterio,14,35.62
2022/08/16,Destino incierto,Maureen Callahan,Terror,5,19.79
2022/07/18,El misterio del tiempo,Russell Robinson,Romance,18,46.89
2023/01/20,La teoría del todo,Shannon Green,Romance,1,27.06
2023/01/16,Secretos ocultos,Glenn Williams,Ciencia,19,37.64
2022/03/09,Destino incierto,Brian Bauer,Ficción,17,31.73
2022/12/14,Las voces del pasado,Dawn Wright,Terror,17,10.11
2022/05/11,El arte de la guerra,James Greer,Fantasía,14,38.94
2024/11/24,Crónicas de un viajero,Jose Jones,Autoayuda,12,32.36
2023/09/05,Cien años de soledad,Patrick Myers,Terror,9,31.65
2023/10/15,El alquimista,Willie Jones,Fantasía,19,48.94
2024/06/30,Sombras en la ciudad,Jennifer Stone,Fantasía,18,13.64
2024/05/24,El arte de la guerra,Carl Strickland,Terror,11,8.54
2024/01/15,Las voces del pasado,David Allen,Romance,5,5.54
2021/05/05,Sombras en la ciudad,Jacob Hart,No Ficción,15,40.69
2022/05/29,El último amanecer,Mr. David Miranda DDS,Romance,17,15.98
2021/08/26,El alquimista,Kirk Rogers,No Ficción,13,29.59
2023/01/24,El arte de la guerra,Jason Mcdowell,Historia,15,15.44
2024/02/18,El misterio del tiempo,Steven Welch,Ficción,11,42.18
2023/04/03,La sombra del viento,Michael Williams,No Ficción,17,25.77
2021/10/26,Las voces del pasado,Derrick Ramirez,Historia,16,22.57
2024/01/10,Destino incierto,Michael Woods,Ficción,19,23.22
2023/06/28,Destino incierto,John Obrien,Historia,15,45.6
2024/08/02,Sombras en la ciudad,Cindy Phillips,Misterio,15,32.8
2021/12/10,Mentes brillantes,Juan Ingram,Fantasía,1,24.71
2025/02/08,Destino incierto,Walter Hernandez,Autoayuda,2,40.83
2021/05/18,El alquimista,Scott Blackburn,Fantasía,1,43.68
2022/12/05,El enigma de la cueva,George Scott,Terror,13,11.77
2022/10/16,El alquimista,Samantha Anderson,Autoayuda,7,15.94
2022/08/16,Sombras en la ciudad,Anthony Townsend,Terror,4,20.26
2021/10/03,Secretos ocultos,James Moreno,Autoayuda,1,14.09
2024/10/10,Sombras en la ciudad,George Williams,Autoayuda,10,42.6
2024/08/03,Sombras en la ciudad,Brandy Thompson,Ficción,19,45.47
2022/04/23,Secretos ocultos,Melissa Miller,Romance,14,7.51
2022/06/14,El misterio del tiempo,Susan Rhodes,Historia,13,44.63
2021/04/02,Cien años de soledad,Sean Jones Jr.,No Ficción,11,35.9
2021/07/03,El misterio del tiempo,Brittany Cain,Ciencia,17,37
2021/07/19,Secretos ocultos,Julie Garrett,No Ficción,2,10.64
2024/07/01,Secretos ocultos,Kimberly Adams,Ciencia,14,15.69
2023/11/23,Cien años de soledad,Dominique Wood,Fantasía,18,15
2024/10/27,El misterio del tiempo,Jamie Daniel MD,Ciencia,19,9.23
2022/03/23,El enigma de la cueva,Carrie Short,Ciencia,5,7.65
2024/11/01,Las voces del pasado,Martin Perez,Autoayuda,2,36.66
2025/01/23,El arte de la guerra,Patrick Ball,Historia,7,17.39
2021/08/14,Destino incierto,Matthew Schneider,No Ficción,12,19.52
2022/09/28,Mentes brillantes,Michael Palmer,Fantasía,20,42.18
2023/01/19,Crónicas de un viajero,Misty Garrison,Ficción,4,29.66
2024/10/14,Bajo la luna roja,Alexis Ferguson,Ciencia,6,13.21
2024/11/21,Bajo la luna roja,Anthony Ortiz,Autoayuda,16,26.17
2022/03/06,Bajo la luna roja,William Bowman,Ciencia,7,20.06
2024/04/23,Destino incierto,Daniel Holland,Fantasía,19,10.52
2023/11/24,El arte de la guerra,Joseph Roberts,No Ficción,11,6.85
2021/06/21,El misterio del tiempo,Isaiah Gray,Ficción,17,8.96
2022/03/09,Bajo la luna roja,James Jones,Autoayuda,10,37.74
2024/09/11,Las voces del pasado,Marvin Frazier,Fantasía,20,10.43
2021/11/06,Destino incierto,Kenneth Cox,Ficción,7,24.46
2023/07/09,Las voces del pasado,Brandon Stewart,Ciencia,15,30.58
2023/03/16,Destino incierto,Laura Robinson,Ciencia,11,40.93
2023/07/26,La sombra del viento,Brenda Salas,Historia,12,18
2021/08/24,Bajo la luna roja,Kayla Rivera,Ficción,15,34.08
2022/01/27,Secretos ocultos,Joseph Gill,Fantasía,2,10.62
2024/03/26,La teoría del todo,Amber Walker,Ciencia,2,48.94
2023/10/26,Crónicas de un viajero,James Brooks,Autoayuda,20,31.02
2023/08/20,El alquimista,Natalie Quinn,Historia,14,28.1
2022/04/07,El alquimista,Alexandra Pace,Romance,9,17.17
2023/03/11,La sombra del viento,Kaitlyn Alexander,No Ficción,12,26.46
2023/07/27,El último amanecer,Gregory Jones,Historia,13,23.61
2024/08/13,El último amanecer,Monica Glass,Romance,19,33.22
2023/09/27,Mentes brillantes,Michael Wallace,Misterio,17,45.28
2021/12/08,Cien años de soledad,Tiffany Fisher,Fantasía,6,29.07
2023/04/04,Las voces del pasado,Sean Walker,Fantasía,10,49.18
2023/07/08,El último amanecer,Carmen Walker,Ciencia,18,13.56
2025/02/12,El arte de la guerra,Nicholas Schmidt,Misterio,17,39.15
2021/07/29,Crónicas de un viajero,Jacob Perry,Ficción,13,27.36
2023/01/31,Las voces del pasado,Adrian Turner,Autoayuda,9,34.66
2023/01/05,El misterio del tiempo,James Washington,No Ficción,17,26.44
2022/04/06,El alquimista,Michael Lopez,Fantasía,2,47.17
2023/10/03,Cien años de soledad,Beth Garcia,Misterio,17,34.45
2022/06/18,Mentes brillantes,Benjamin Burke,Romance,12,19.23
2022/03/05,El último amanecer,Sandra Norman,Romance,12,40.32
2021/10/21,Cien años de soledad,Valerie Davidson,Autoayuda,3,33.02
2024/10/24,La teoría del todo,Keith Melton,No Ficción,20,47.68
2024/04/25,Crónicas de un viajero,Douglas Davidson,Ficción,11,47.03
2022/10/26,El último amanecer,Peter Nelson,Terror,12,42.58
2024/09/27,El enigma de la cueva,Lori Morales,Fantasía,4,23.09
2024/05/14,Crónicas de un viajero,Scott Garza MD,No Ficción,19,43.85
2022/02/28,Crónicas de un viajero,Patricia Pineda,Misterio,7,21.37
2023/05/07,El último amanecer,Thomas Perkins,No Ficción,11,47.07
2023/06/29,La sombra del viento,Hannah Hines,Historia,13,42.33
2021/05/12,Crónicas de un viajero,Christine Johnson,Historia,16,18.66
2023/12/02,Cien años de soledad,Maria Mcguire,Ciencia,10,33.36
2023/03/12,El misterio del tiempo,Kimberly Smith,Romance,7,30.64
2024/03/16,Sombras en la ciudad,Kenneth Andrews,Misterio,13,26.51
2024/11/30,Bajo la luna roja,Matthew Gilmore,Ficción,2,48.21
2024/12/20,Las voces del pasado,Michelle Hoffman,Terror,7,41.47
2022/10/28,Sombras en la ciudad,Angel Summers,Autoayuda,19,32.11
2021/11/23,El último amanecer,Nicole Snyder,Misterio,17,20.66
2025/03/15,Mentes brillantes,Megan Walker,Misterio,15,15.77
2021/10/06,Mentes brillantes,Peter Smith,No Ficción,6,17.68
2023/10/05,Crónicas de un viajero,Jessica Bradley,Romance,17,36.45
2024/11/05,Bajo la luna roja,Ryan Johnson,Ficción,7,46.5
2022/10/10,La sombra del viento,Lindsey Lee,Terror,1,30.31
2024/11/18,El alquimista,Curtis Newman,Fantasía,19,49.52
2021/05/14,La teoría del todo,Rachel Vance,Autoayuda,7,34.3
2023/06/24,El alquimista,Matthew Mcgee,No Ficción,17,36.17
2025/01/18,Las voces del pasado,Keith Figueroa,Historia,8,32.53
2021/06/07,La sombra del viento,David Norris,No Ficción,16,16.16
2021/11/18,La sombra del viento,Faith Brown,Autoayuda,5,39.09
2023/03/27,Las voces del pasado,George Cooper,Ciencia,16,29.87
2022/06/16,Sombras en la ciudad,Richard Massey,Ciencia,16,29.21
2023/02/11,El último amanecer,Frank Palmer,Ciencia,6,23.32
2021/05/16,El último amanecer,Elizabeth Johnson,Fantasía,19,15.2
2023/04/20,Crónicas de un viajero,Jesse Dixon,Terror,16,31.61
2021/05/27,El arte de la guerra,Alex Elliott,No Ficción,4,47.77
2022/07/18,Bajo la luna roja,Catherine Mitchell,Ciencia,11,19.58
2023/04/02,La sombra del viento,Thomas Miller,Misterio,11,38.76
2022/05/02,Sombras en la ciudad,Edward Romero,Autoayuda,19,6.35
2023/09/29,El misterio del tiempo,Theresa Torres,No Ficción,8,7.37
2024/07/26,El alquimista,Amanda Yoder,No Ficción,11,10.7
2021/04/24,El enigma de la cueva,Carol Cervantes,Fantasía,7,23.61
2024/11/24,Mentes brillantes,Diana Murray,Historia,15,26.23
2024/02/06,Las voces del pasado,Jeffrey Jones,Fantasía,8,20.21
2023/10/07,El enigma de la cueva,Lisa Phillips,Misterio,1,30.53
2023/09/12,El arte de la guerra,Mark Jones,Ciencia,14,5.1
2022/11/04,Destino incierto,Hannah Bates,Romance,9,41.5
2023/06/25,Mentes brillantes,Robert Acosta,Ficción,9,37.92
2024/02/13,Mentes brillantes,Nicholas Miller,Romance,6,19.9
2024/02/10,La sombra del viento,Crystal Gomez,Terror,4,10.19
2023/07/03,Secretos ocultos,Kevin Williams,Romance,11,5.78
2023/08/23,El arte de la guerra,Elizabeth Abbott,Autoayuda,4,17.02
2022/02/17,El último amanecer,Craig Curtis,No Ficción,7,40.63
2024/10/19,Sombras en la ciudad,John Jones,Autoayuda,10,28.89
2022/10/19,El último amanecer,Jose Armstrong,No Ficción,11,23.98
2023/03/14,El misterio del tiempo,Vincent Williams,Autoayuda,15,39.26
2023/11/08,Las voces del pasado,Elizabeth Rodriguez,Ciencia,17,31.74
2022/01/31,Crónicas de un viajero,Erik Flores DVM,Misterio,19,41.02
2023/04/28,Destino incierto,Edwin Gordon,Ciencia,4,20.92
2022/07/25,Secretos ocultos,Jennifer Johnson,Historia,5,42.67
2023/07/31,El misterio del tiempo,Crystal Turner,Fantasía,9,20.36
2022/11/30,La sombra del viento,Desiree Jackson,Misterio,17,10.61
2023/06/02,El arte de la guerra,Kayla Davis,No Ficción,14,40.07
2023/04/20,La sombra del viento,Trevor Rocha,Misterio,13,46.16
2024/03/27,El alquimista,Carolyn Richardson,Autoayuda,6,39.52
2023/09/19,La teoría del todo,Shawn Barrett,Ficción,19,22.92
2024/07/01,El alquimista,Sean Moyer,Fantasía,5,46.16
2023/12/05,El arte de la guerra,Robert Willis,Ciencia,9,17.17
2024/03/02,El enigma de la cueva,Patricia Harris,No Ficción,11,31.41
2021/12/22,Crónicas de un viajero,Charles Bell,Terror,3,9.6
2024/10/15,Sombras en la ciudad,Kimberly Davis,Ficción,13,25.77
2022/10/18,Crónicas de un viajero,Tonya Riley,Autoayuda,7,13.84
2022/08/10,El último amanecer,Shawn Mccall,Ciencia,2,45.05
2024/10/04,La teoría del todo,Kathleen Santos,Misterio,6,36.47
2021/07/18,Destino incierto,Joe Austin,Ciencia,4,31.4
2022/03/02,El alquimista,Russell Stephens,Ficción,20,22.14
2025/03/24,El alquimista,Danny Lee,Ficción,10,13.74
2022/12/16,El último amanecer,Matthew Taylor,Autoayuda,14,12.05
2022/11/28,Las voces del pasado,David Moore,No Ficción,9,9.18
2023/09/06,El enigma de la cueva,William Rice,Ficción,9,19.48
2024/08/05,Las voces del pasado,Andrew Drake,Fantasía,19,39.53
2022/04/27,El misterio del tiempo,Corey Reed,Ficción,18,11.99
2025/03/03,Secretos ocultos,Terry Todd,Ciencia,7,16.87
2023/05/28,Secretos ocultos,Linda Cooper,Misterio,12,38.07
2023/05/11,Mentes brillantes,Patricia Hicks DDS,Historia,5,42.72
2021/07/28,Secretos ocultos,Brenda Morgan,No Ficción,8,30.46
2022/07/04,Mentes brillantes,Dennis Monroe,Ficción,6,7.75
2024/08/01,Destino incierto,Charles Riddle,Ficción,4,24.44
2021/05/03,Mentes brillantes,Anthony Mcdonald,Fantasía,19,49.18
2021/08/29,El alquimista,Carla Franklin,Ciencia,6,27.24
2024/09/16,El enigma de la cueva,Gina Payne,Misterio,12,24.85
2024/04/25,Crónicas de un viajero,Jeffrey Martin,Terror,15,17.77
2022/09/20,Destino incierto,Brittany Tucker,Autoayuda,15,47.81
2021/04/18,Cien años de soledad,Alice Cantrell,Ficción,4,22.57
2021/08/13,El último amanecer,Monique Thompson,Romance,14,23.09
2023/07/23,El arte de la guerra,Nicole Robbins,Historia,15,37.23
2022/12/08,Destino incierto,Marie Contreras,Terror,17,31.66
2023/01/14,La teoría del todo,Mark Morgan,Ficción,20,31.66
2021/11/02,Secretos ocultos,Wendy Davis,Ficción,16,38.1
2023/11/28,Mentes brillantes,Amanda Daniels,Fantasía,5,18.98
2024/05/13,El misterio del tiempo,Matthew Barrett,Terror,9,17.38
2022/04/09,El arte de la guerra,Tracy Perez,Romance,5,11.85
2022/11/25,El arte de la guerra,Patricia Russell,No Ficción,20,11.22
2022/05/05,Sombras en la ciudad,Robert Wilson,Autoayuda,12,23.3
2023/10/19,Sombras en la ciudad,Brandon Smith,Fantasía,1,28.46
2025/03/27,Las voces del pasado,Devin Fernandez,Misterio,10,28.46
2023/11/13,Crónicas de un viajero,Brittany Lee,No Ficción,16,41.56
2024/03/29,El enigma de la cueva,Lauren Fischer,No Ficción,14,43.88
2022/11/16,La sombra del viento,Sara Matthews,No Ficción,8,8.35
2022/05/10,Mentes brillantes,Mr. Matthew Chandler DVM,Ciencia,12,19.67
2023/08/02,La sombra del viento,Adam Hernandez,Misterio,10,38.21
2021/05/30,Sombras en la ciudad,Michelle Gardner,Fantasía,4,45.53
2024/06/05,Destino incierto,Victoria Evans,Ciencia,6,38.18
2022/12/24,El misterio del tiempo,Amanda Long,Terror,1,25.48
2021/08/18,La sombra del viento,Samantha Bailey,Romance,15,42.75
2022/12/12,Crónicas de un viajero,John Snyder,Historia,20,28.27
2021/06/17,Cien años de soledad,Courtney Bridges,Misterio,19,24.38
2021/08/10,Bajo la luna roja,Charles Rodriguez,Fantasía,6,48.85
2021/10/11,El enigma de la cueva,Mary Thomas,Romance,17,34.13
2023/06/10,El misterio del tiempo,David Taylor,Misterio,18,35.22
2021/11/12,Cien años de soledad,Heather Hughes,Fantasía,10,17.34
2021/05/23,El último amanecer,Brandon Stanton,Historia,13,15.18
2023/09/23,Secretos ocultos,Glenn Garcia,Ciencia,12,9.27
2021/06/09,El misterio del tiempo,Lauren Williams,Historia,1,20.55
2024/04/06,El último amanecer,Ryan Johnson,Romance,6,29.42
2024/04/04,Bajo la luna roja,Anthony Watson,No Ficción,2,31.84
2022/10/08,Las voces del pasado,Erica Hunter,Romance,7,42.72
2021/04/24,El misterio del tiempo,Kevin Mckinney,Ficción,11,29.71
2021/12/25,El alquimista,Kimberly Rodriguez,Ficción,6,26.22
2021/04/19,El arte de la guerra,Tammy Coleman,Historia,14,15.18
2024/01/07,Destino incierto,Melissa Mason,Historia,17,21.82
2025/02/17,Bajo la luna roja,Taylor Harrison,Fantasía,19,43.89
2024/10/31,El arte de la guerra,Hannah King,Romance,20,27.19
2021/10/29,La teoría del todo,Sonya Ellis,Ciencia,1,40.68
2024/05/19,La teoría del todo,Jessica Roman,Ciencia,20,40.15
2024/01/01,El misterio del tiempo,Charles Harrell,Romance,13,42.05
2023/07/30,El arte de la guerra,Shawn Perez,Ficción,13,6.19
2022/08/24,La teoría del todo,Whitney Bailey,Misterio,17,5.48
2024/09/06,Secretos ocultos,Janet Gray,No Ficción,7,11.38
2023/04/27,Bajo la luna roja,Jonathan Adams,Romance,1,13.55
2022/01/08,Las voces del pasado,Keith Strickland,Autoayuda,17,28.95
2023/11/07,El último amanecer,Jessica Watts,Ciencia,13,42.75
2024/07/05,La sombra del viento,Jacqueline Walker,Romance,12,40.48
2024/06/14,Destino incierto,Stephanie Willis,Misterio,10,45.92
2023/11/07,Cien años de soledad,Shannon Archer,Misterio,5,9.81
2022/07/22,Sombras en la ciudad,Christopher Patterson,Ciencia,12,48.44
2021/05/19,Las voces del pasado,Jessica Baird,Autoayuda,4,14.31
2024/01/08,Secretos ocultos,Brandon Dixon,Ciencia,5,10.65
2024/02/19,Bajo la luna roja,Brenda White,Misterio,7,25.79
2024/08/07,La sombra del viento,Anthony Hughes,Fantasía,6,40.96
2024/05/15,El arte de la guerra,Madeline Willis,Ficción,17,16.42
2024/10/04,El último amanecer,Julie Walker,Historia,18,45
2024/12/03,El alquimista,Michael Valdez,Misterio,15,26.8
2022/02/21,Sombras en la ciudad,Patrick Terry,Ficción,2,37.04
2022/08/14,La teoría del todo,Tiffany Mitchell,No Ficción,10,21.57
2025/03/01,La sombra del viento,Dr. Tonya Griffin,Ficción,15,23.64
2021/06/09,La teoría del todo,Adam Wilcox,Misterio,15,15.2
2024/12/20,El arte de la guerra,Anthony Thompson,Ciencia,5,18.58
2021/11/09,El enigma de la cueva,Cindy Warren,Terror,20,8.36
2023/06/12,El misterio del tiempo,Jessica Gonzalez,Misterio,5,40.33
2023/06/29,Cien años de soledad,Amanda Perkins,Terror,6,19.98
2022/07/06,El enigma de la cueva,Heather Kerr DDS,Ficción,14,39.32
2023/02/21,El arte de la guerra,Angelica Wright,Terror,3,43.56
2024/02/05,El alquimista,Felicia Brown,Historia,9,14.62
2021/04/03,La teoría del todo,Tyler Martinez,Romance,1,38.11
2024/09/03,La sombra del viento,Amy Hunt,Ficción,6,16.71
2023/04/26,La teoría del todo,Mr. Nicholas Young MD,Fantasía,3,34.32
2024/06/03,El enigma de la cueva,Jessica Ramos,Autoayuda,4,28.09
2023/06/18,El último amanecer,Andrew Taylor,Terror,9,47.34
2022/05/31,El alquimista,Steven Butler,No Ficción,11,29.63
2023/06/09,Mentes brillantes,Donna Gonzalez,Autoayuda,7,39.8
2022/03/03,Mentes brillantes,Ms. Ashley Krueger,Autoayuda,16,39.69
2025/03/24,Bajo la luna roja,Lori Combs,Romance,13,11.74
2022/05/20,El enigma de la cueva,Patricia Garza,Autoayuda,9,16.75
2022/03/14,El enigma de la cueva,Samuel Ferrell,Terror,9,12.2
2021/12/30,Cien años de soledad,Richard Gibson,Misterio,12,44.66
2023/01/08,El enigma de la cueva,Malik Morgan,Ficción,18,19.02
2022/02/11,La sombra del viento,Mary Chen,Autoayuda,13,21.34
2021/07/04,El alquimista,Richard Johnson,Terror,11,48.32
2023/12/21,El arte de la guerra,Mary Moody,Ciencia,1,9.61
2023/06/02,Mentes brillantes,Dr. Robin Bowers,Historia,14,28.92
2021/10/12,Sombras en la ciudad,Heather Moreno,Ciencia,2,32.3
2023/01/19,Secretos ocultos,Susan Martinez,Romance,2,8.03
2021/11/02,Crónicas de un viajero,Travis Tate,Ficción,19,11.09
2024/12/10,El enigma de la cueva,Aaron Edwards,Misterio,7,37.66
2023/08/19,Destino incierto,Kelly Walters,Ficción,5,29.96
2023/10/13,Mentes brillantes,Shane Robinson,Fantasía,18,19.23
2024/03/08,El enigma de la cueva,Gary Robles,Misterio,5,19.4
2022/03/05,Destino incierto,Stephanie Singh,Historia,12,29.23
2025/02/25,Crónicas de un viajero,Leslie Chambers,Terror,11,18.55
2022/11/14,El último amanecer,Shawn Smith,Fantasía,8,22.48
2024/07/14,El último amanecer,Joe Wagner,Autoayuda,9,16.93
2024/07/01,Secretos ocultos,Christopher Mckenzie,Historia,16,44
2021/06/19,Bajo la luna roja,Timothy Larson,Romance,14,23.99
2024/07/15,El último amanecer,Julie Carter,Autoayuda,20,47.64
2021/05/11,El arte de la guerra,Victoria Robinson,Romance,5,9.86
2022/09/12,El arte de la guerra,Albert Bright,Autoayuda,5,28
2023/02/06,Mentes brillantes,Sean Green,No Ficción,13,46.53
2024/10/18,Secretos ocultos,Abigail Foster,Terror,2,21.23
2023/02/22,El arte de la guerra,Kim Brennan,Autoayuda,6,22.82
2025/03/07,Crónicas de un viajero,David Myers,Autoayuda,11,27.16
2023/01/09,El arte de la guerra,Anthony Moore,Ficción,2,7.78
2021/05/21,El alquimista,Ashley Sanders,Autoayuda,2,46.55
2022/05/13,El alquimista,Kenneth Harrison,No Ficción,12,28.44
2025/01/16,El enigma de la cueva,Janice Rich,Fantasía,16,25.18
2022/11/19,Cien años de soledad,Timothy Davis,Romance,19,42.76
2021/05/27,La sombra del viento,Wayne Shields,Romance,6,45.52
2024/10/14,Secretos ocultos,Elizabeth Hale,Historia,12,19.97
2021/10/06,Las voces del pasado,Caitlin Lee,Ciencia,5,15.9
2024/04/26,El alquimista,Karen Peck,Romance,9,18.58
2022/08/23,Destino incierto,Leslie Warren,Fantasía,2,22.13
2023/04/08,Mentes brillantes,Heidi Vaughn,Autoayuda,19,44.04
2023/08/22,El enigma de la cueva,Jamie Mendoza,Misterio,2,8.58
2023/03/13,El último amanecer,Kara Wilson,Ficción,1,40.02
2024/08/27,Cien años de soledad,Anthony Salazar,Fantasía,5,49.48
2023/02/14,El último amanecer,Mary Butler,Romance,18,36.69
2023/07/25,La sombra del viento,Michael Rodgers,Ciencia,13,17.11
2024/11/01,El último amanecer,Mrs. Veronica Smith,Historia,8,39.36
2023/12/29,El enigma de la cueva,Anna Miller,Misterio,14,46.12
2024/06/19,La sombra del viento,Sara Logan,Ciencia,3,14.28
2023/01/14,Secretos ocultos,Marc Chase,Fantasía,5,21.62
2021/10/30,El arte de la guerra,Bryan Tanner PhD,Historia,7,18.57
2021/05/15,Bajo la luna roja,John Porter,Ciencia,10,35.48
2023/10/07,Crónicas de un viajero,Kathleen Morgan,Historia,20,36.28
2022/02/19,Bajo la luna roja,Patrick Harris,Romance,9,7.8
2025/02/23,Cien años de soledad,Kimberly White,Misterio,16,18.98
2024/02/02,El último amanecer,Nathaniel Smith,No Ficción,19,35.24
2022/08/23,Bajo la luna roja,Toni Gonzalez,Fantasía,4,29.19
2023/04/25,El misterio del tiempo,Courtney Powers,Ciencia,15,42.36
2024/10/24,Mentes brillantes,Robert Rogers,Romance,9,39.76
2023/04/19,Las voces del pasado,Lindsey Walker,Misterio,13,41.69
2023/08/14,El enigma de la cueva,Stephanie Hart,Ciencia,10,31.88
2024/08/02,El último amanecer,Nichole Morrow,Historia,16,45.82
2024/11/26,Secretos ocultos,Yvette West,Fantasía,10,28.88
2022/05/22,El misterio del tiempo,David Santiago,Ficción,2,32.43
2024/06/17,El arte de la guerra,Christina Stewart,Misterio,3,19.3
2023/04/02,Mentes brillantes,Michael Higgins,Autoayuda,1,45.31
2021/11/14,La sombra del viento,Patrick Keller,Misterio,12,11.98
2022/05/20,Mentes brillantes,Carla Lam,Misterio,10,21.3
2023/03/03,El misterio del tiempo,Evelyn Wyatt,Ficción,1,15.31
2021/09/30,La teoría del todo,Diana Miranda,Terror,5,11.6
2023/07/04,Crónicas de un viajero,Brady Nguyen,Romance,9,39.15
2023/08/16,Cien años de soledad,Tyler Collins,No Ficción,10,7.34
2024/08/02,El arte de la guerra,Jacob Odom,Autoayuda,8,33.83
2022/05/31,Secretos ocultos,Leonard Martin,Terror,20,29.97
2022/06/17,La teoría del todo,John Morse,Historia,3,6.1
2022/11/02,El misterio del tiempo,William Cobb,Ciencia,18,33.7
2021/04/30,Las voces del pasado,Barbara Clark,Terror,3,40.23
2025/03/12,El arte de la guerra,Omar Butler,Terror,20,30.41
2022/07/04,El misterio del tiempo,Elaine Wilkerson,Terror,19,38.53
2021/04/06,El alquimista,David Wright,Ficción,11,5.86
2024/12/01,Las voces del pasado,Andrea Doyle,Terror,3,11.87
2022/01/08,El misterio del tiempo,Christine Hale,Ciencia,15,18.08
2022/12/31,Bajo la luna roja,April Rose,Terror,9,34.18
2021/08/15,Destino incierto,Tamara Meyer,Misterio,20,11.28
2023/05/03,Cien años de soledad,Mr. Michael Morse,Ficción,4,31.3
2024/07/12,El alquimista,Meagan Livingston,Terror,7,15.35
2022/10/27,La teoría del todo,Bryan Turner,Historia,20,48.12
2023/01/16,Las voces del pasado,Ricky Brown,Ficción,12,21.97
2023/05/02,El último amanecer,Jerry Brown,Autoayuda,11,9.33
2024/04/04,Sombras en la ciudad,Allen Robinson,Historia,6,9.03
2022/06/07,El misterio del tiempo,Karen Evans,Autoayuda,12,43.43
2021/05/25,La teoría del todo,Kristine Palmer,Terror,14,9.6
2023/06/16,Sombras en la ciudad,Dr. Julie Taylor,Ciencia,8,48.54
2022/10/08,Secretos ocultos,Brian Watson,Terror,2,12.3
2024/02/16,Cien años de soledad,Robert Hall,Ciencia,18,36.66
2025/03/19,El alquimista,Christian Green,Historia,15,31.02
2025/01/27,La sombra del viento,Colleen Wagner,Terror,14,26.94
2025/01/07,El arte de la guerra,Michelle Ramirez,Romance,15,23.72
2024/11/17,El misterio del tiempo,Fred Griffin,No Ficción,18,36.87
2022/11/16,El enigma de la cueva,Beverly Shepard,Romance,18,5.79
2022/03/28,Crónicas de un viajero,Ashley Cantu,No Ficción,5,11.04
2024/08/23,Las voces del pasado,Cheryl Walsh,Fantasía,12,47.66
2025/02/13,Bajo la luna roja,Elizabeth Underwood,No Ficción,20,10.4
2025/01/19,La teoría del todo,James Lee,Ficción,7,33.83
2023/08/05,La teoría del todo,Janice Mercado,Fantasía,1,41.78
2024/01/31,Secretos ocultos,Ashley Wade,No Ficción,14,27.58
2024/10/01,Cien años de soledad,Elizabeth Aguilar,No Ficción,17,43.62
2021/04/29,Las voces del pasado,Krista Moreno,Terror,11,15.13
2022/07/06,Mentes brillantes,Ann Pena,Ciencia,4,41.12
2024/11/24,Destino incierto,Sara Pitts,Fantasía,20,8.53
2022/12/19,La sombra del viento,Johnathan Sanders,Autoayuda,10,39.04
2024/06/24,La teoría del todo,Jocelyn Raymond,No Ficción,3,36.92
2025/02/12,El alquimista,Michael Cook Jr.,Misterio,4,9.85
2024/01/22,El alquimista,Stephanie Lee,Ciencia,5,18.91
2024/12/30,Destino incierto,Tiffany Blake,Autoayuda,20,16.19
2024/02/12,Cien años de soledad,Richard Duke,Fantasía,8,43.73
2023/07/14,Secretos ocultos,Taylor Lee,Misterio,5,20.69
2021/08/06,Destino incierto,Eric Maldonado,Autoayuda,1,12.87
2024/09/16,La sombra del viento,Diane Fry,Historia,11,10.2
2024/05/09,Secretos ocultos,Benjamin Bailey,Romance,8,20.47
2022/03/17,El enigma de la cueva,Frank Gonzalez MD,Misterio,16,8.22
2022/10/18,Sombras en la ciudad,Nancy Garrett,Romance,5,42.47
2021/09/13,Destino incierto,Gina Yoder,Ficción,16,39.46
2023/05/24,Las voces del pasado,Jeffrey Mays,Romance,1,41.05
2023/03/09,La teoría del todo,Christopher Edwards,Misterio,1,16.34
2023/12/08,Destino incierto,David Garcia,Terror,17,17.12
2023/04/19,Destino incierto,Jeremy Hudson,No Ficción,15,19.97
2023/11/14,Destino incierto,Devin Brown,Historia,10,17.27
2021/07/06,Cien años de soledad,Scott Mcdonald,Historia,19,7.14
2025/02/26,Cien años de soledad,Kelly Dominguez,Romance,5,8.02
2022/08/26,Crónicas de un viajero,Richard Campbell,Terror,10,15.84
2023/02/09,El arte de la guerra,Victor Kirby,Autoayuda,18,8.48
2023/06/16,El enigma de la cueva,Kristina Martin,Terror,11,21.62
2023/08/21,Cien años de soledad,Alicia Ward,No Ficción,3,32.55
2024/08/28,La teoría del todo,Ricardo Robertson,Autoayuda,14,48.36
2024/08/20,El arte de la guerra,Bryan Williams,Misterio,15,34.82
2021/09/25,El arte de la guerra,Christopher Lyons,Historia,18,29.94
2024/08/25,El último amanecer,Krista Soto,Misterio,1,45.83
2023/09/03,Destino incierto,Marc Bird,Fantasía,4,17.13
2021/07/27,Crónicas de un viajero,Emily Gilbert,Misterio,10,11.37
2022/07/29,El misterio del tiempo,James Jones,Autoayuda,6,14.34
2022/05/03,Mentes brillantes,Lisa Watkins,Fantasía,3,17.19
2022/10/12,Mentes brillantes,Daniel Mcgrath,No Ficción,10,34.47
2023/08/18,Crónicas de un viajero,Hunter Brown,Fantasía,16,43.13
2023/07/26,Sombras en la ciudad,Justin West,Terror,11,29.94
2024/01/15,Bajo la luna roja,Jesse Kane,Ficción,14,19.28
2022/01/08,Sombras en la ciudad,Alexa Edwards,Misterio,10,48.13
2022/03/12,La teoría del todo,Ruben Romero,Romance,5,18.77
2024/12/28,Destino incierto,Dorothy Carter,Misterio,1,6.4
2022/01/20,La sombra del viento,Robert Mullins,Terror,17,20.67
2025/01/15,Las voces del pasado,Karina Kim,Terror,11,6.44
2024/01/06,El último amanecer,Heather Black,Romance,3,15.27
2022/02/05,Mentes brillantes,Ralph Bean,Ficción,18,13.36
2025/02/02,Las voces del pasado,Blake White,Autoayuda,17,8.66
2023/01/08,Crónicas de un viajero,Eric Thomas,Ciencia,8,31.25
2024/02/01,Destino incierto,Alexander Mejia,Historia,18,15.11
2023/10/24,El arte de la guerra,Bruce Hernandez,Ciencia,3,5.66
2021/07/06,El enigma de la cueva,Christopher Elliott,Romance,17,32.85
2022/07/31,Secretos ocultos,Amber Schroeder,Autoayuda,2,47.67
2021/12/05,Mentes brillantes,Rodney Wallace,Historia,5,23.49
2022/09/15,El alquimista,Joshua Duran,Terror,9,16.49
2021/05/20,Destino incierto,Justin Dominguez,Romance,11,6.86
2023/05/06,El arte de la guerra,Sophia Reed MD,Historia,4,48.56
2022/01/03,El arte de la guerra,Jerry Frazier,Historia,1,22.94
2024/11/12,Cien años de soledad,Brian Montes,Romance,14,42.21
2021/09/05,Cien años de soledad,Janice White,Terror,18,19.37
2022/09/18,El arte de la guerra,Javier Jimenez,Romance,1,49.89
2022/02/24,El alquimista,Dakota Davis,Ciencia,6,23.15
2022/08/01,Cien años de soledad,Cody Gonzalez,Autoayuda,4,29.06
2022/12/02,Secretos ocultos,Justin Garrett,Romance,14,41.13
2021/08/01,El misterio del tiempo,Evan Gregory,No Ficción,8,38.34
2025/03/17,La teoría del todo,Leonard Melendez,Historia,8,8.02
2021/09/15,El alquimista,Jerry Hamilton,Autoayuda,5,17.92
2021/12/21,El alquimista,Valerie Knight,No Ficción,6,6.38
2022/11/15,El enigma de la cueva,Veronica Wright,Historia,15,41.53
2023/06/02,El misterio del tiempo,Rebecca Peters,Terror,8,12.14
2021/09/21,El alquimista,Daniel Burke,Romance,20,17.54
2022/07/24,El enigma de la cueva,Justin Ritter,Autoayuda,16,15.37
2024/06/01,El último amanecer,Tammy Tucker,Ciencia,3,43.56
2024/08/14,Destino incierto,Christopher Jensen,Romance,3,37.69
2021/05/01,Secretos ocultos,Ryan Blevins,Ciencia,18,37.5
2022/01/28,La teoría del todo,Joseph Miller,Fantasía,15,31.65
2021/05/05,Cien años de soledad,Morgan Mcintyre,Romance,11,20.82
2024/12/01,El último amanecer,Joseph Benton,Historia,15,42.15
2022/09/15,El último amanecer,Brian Berry,Terror,19,22.63
2021/08/07,El arte de la guerra,Ryan Garrett,Terror,5,22.73
2024/05/13,Secretos ocultos,Kristen Nunez,Misterio,2,33.66
2023/01/09,Secretos ocultos,Cathy Hines,Ciencia,5,49.73
2021/07/23,Destino incierto,Chad Lawson,Autoayuda,19,27.46
2022/09/05,Bajo la luna roja,Catherine Fernandez,Historia,4,11.62
2021/05/13,Destino incierto,Dwayne Stark,Ficción,12,6.13
2023/10/11,Cien años de soledad,Tyrone Knapp,Terror,20,34.68
2024/05/07,Las voces del pasado,Steven Moreno,Fantasía,11,18.28
2021/07/21,Secretos ocultos,Megan Lawson,Romance,5,45.37
2023/07/11,El último amanecer,Kevin Hurley,Historia,15,27.37
2025/03/17,El enigma de la cueva,Angela Warner,Misterio,12,6.78
2024/08/18,La teoría del todo,Joshua Bryant,Autoayuda,20,15.19
2022/01/27,Crónicas de un viajero,Elizabeth Miller,Ficción,20,36.89
2023/10/29,Cien años de soledad,John Gilbert,Misterio,6,17.75
2021/07/25,Cien años de soledad,Robert Clark,Terror,17,12.44
2022/09/26,La sombra del viento,Willie Reynolds,Fantasía,5,44.4
2024/03/11,Mentes brillantes,Eugene Brown II,No Ficción,14,40.5
2024/02/24,Sombras en la ciudad,Christine Young,Fantasía,13,9.31
2022/07/05,El último amanecer,Matthew Richardson,Fantasía,19,23.16
2022/08/12,El misterio del tiempo,Cynthia Hudson,Ciencia,17,23.55
2021/06/26,Destino incierto,Lisa Carlson,Romance,13,30.28
2021/04/22,El alquimista,Paul Cook,Terror,1,25.28
2024/07/22,Las voces del pasado,Cheryl Coleman,Misterio,7,41.11
2025/03/02,El misterio del tiempo,Robyn Khan,Ciencia,8,21.47
2023/09/28,El enigma de la cueva,Hunter Mccarty,Romance,8,22.54
2024/04/04,Destino incierto,Matthew Ross,Terror,10,42.76
2022/09/27,El último amanecer,Dawn Zuniga,No Ficción,1,26.75
2021/06/02,Cien años de soledad,Michael Barker,Autoayuda,7,27.73
2023/09/22,Mentes brillantes,Benjamin Salas,Ficción,18,36.84
2022/07/06,El misterio del tiempo,Carrie Boyd,Romance,1,44.3
2021/10/22,Bajo la luna roja,Dana Reed,Fantasía,16,27.87
2023/11/13,Secretos ocultos,Brandon Peck,Ciencia,14,21.3
2022/09/22,Destino incierto,Victoria Pineda,Fantasía,4,48.31
2023/08/10,Secretos ocultos,Lacey Schwartz,Misterio,10,18.73
2021/10/10,Sombras en la ciudad,Kevin Heath,Autoayuda,15,28.23
2023/10/27,Bajo la luna roja,William Smith,Autoayuda,15,48.66
2024/12/12,El último amanecer,Susan Santiago,Misterio,17,36.87
2023/01/16,Bajo la luna roja,Andrew Garcia,Autoayuda,11,26.32
2022/11/21,Destino incierto,Erin Hunter,Ciencia,18,5.32
2022/03/12,Crónicas de un viajero,Andrew Dennis,Autoayuda,9,26.18
2024/03/10,El alquimista,Hannah Hernandez,Autoayuda,2,34.78
2025/03/10,Cien años de soledad,Jackie Ortiz,Fantasía,19,35.3
2023/12/17,Sombras en la ciudad,Tabitha Braun,Misterio,17,5.71
2022/06/21,La sombra del viento,Stacey Richardson,Ciencia,17,26.02
2021/07/15,Mentes brillantes,Megan Ford,No Ficción,11,8.67
2023/06/26,La teoría del todo,Kristie Cortez,Historia,6,47.7
2024/09/04,Cien años de soledad,Monique Hunter,No Ficción,9,20.7
2024/10/02,El enigma de la cueva,Christopher Moore,Misterio,10,42.73
2022/12/18,La teoría del todo,Nicole Lee,Misterio,5,6.45
2021/07/28,Cien años de soledad,Daniel Short,Fantasía,19,46.81
2025/01/29,La teoría del todo,Suzanne Smith DVM,No Ficción,4,47.13
2021/11/22,Secretos ocultos,Tyler Montoya,Misterio,18,40.77
2023/06/09,Las voces del pasado,Brandon Fitzgerald,Ciencia,1,37.97
2024/07/06,Sombras en la ciudad,Kristina Flowers,Autoayuda,6,22.29
2024/09/14,Bajo la luna roja,Reginald Wood,Misterio,17,32.85
2022/11/19,La sombra del viento,Phyllis Medina,Romance,18,32.85
2022/11/08,El arte de la guerra,Erica Richmond,Historia,15,30.11
2023/11/26,El arte de la guerra,Miss Melissa Boyd,Autoayuda,15,47.92
2024/11/12,El misterio del tiempo,Timothy Gallegos,Misterio,6,10.76
2022/06/14,Crónicas de un viajero,Sheri Brown,Romance,19,24.36
2021/04/11,Destino incierto,Krystal Garcia,Romance,16,40.49
2022/03/12,Mentes brillantes,Kayla Acosta,Fantasía,20,44.63
2021/06/07,El arte de la guerra,Jason Thompson,Ciencia,6,18.35
2024/11/24,Sombras en la ciudad,Rachel Shaw,Romance,10,46.32
2025/02/08,Cien años de soledad,Kevin Brown MD,Autoayuda,8,27.73
2022/03/17,Destino incierto,Lisa Ortiz,Fantasía,20,46.39
2022/01/10,El misterio del tiempo,Matthew Campbell,Fantasía,2,19.42
2021/05/26,El último amanecer,Sheila Harris,Historia,2,13.81
2022/07/10,Secretos ocultos,Rebecca Howard,Autoayuda,16,20.93
2022/12/19,El arte de la guerra,Robert Smith,Fantasía,18,48.75
2024/08/25,La teoría del todo,Grace Roth,Misterio,7,22.68
2022/03/12,Crónicas de un viajero,Melissa Riddle,Misterio,3,7.5
2022/05/25,Mentes brillantes,Kevin Vasquez,No Ficción,11,45.08
2024/05/01,El alquimista,Sandra Mcconnell,Historia,3,6.6
2024/06/04,Crónicas de un viajero,Sean Moore,Fantasía,16,16.25
2021/09/04,La teoría del todo,Kyle Cooper,Ficción,6,9.84
2023/10/10,El alquimista,Daniel Smith,Fantasía,14,14.08
2022/02/01,Las voces del pasado,Kimberly Martin,Historia,18,43.35
2022/02/12,Bajo la luna roja,Cassandra Ellis,Ficción,4,22.68
2022/03/28,El alquimista,John Goodman,Ficción,6,12.86
2021/07/05,Bajo la luna roja,Phillip Tucker,Autoayuda,1,28.16
2021/10/21,Las voces del pasado,Christine Kidd,Romance,10,32.94
2025/03/06,Destino incierto,Mark Merritt,Misterio,17,26.82
2021/06/06,Las voces del pasado,Garrett Buckley,Ficción,20,12.86
2022/11/07,Bajo la luna roja,Mike Morgan,Autoayuda,12,10.45
2023/06/27,Bajo la luna roja,Craig Jones,Autoayuda,12,45.8
2022/05/16,El arte de la guerra,Christina Cooper,Romance,11,10.96
2021/12/18,La sombra del viento,Crystal Spencer,No Ficción,12,14.48
2021/10/16,Sombras en la ciudad,Heather Thomas,Historia,2,23.53
2021/12/07,Sombras en la ciudad,Janice Powell,Romance,6,9.82
2021/07/14,La sombra del viento,Garrett Gregory,Misterio,6,21.68
2024/01/26,El enigma de la cueva,Andrew Francis,Terror,18,25.91
2022/03/19,Secretos ocultos,Andrew Hutchinson,Historia,17,21.26
2024/01/06,Mentes brillantes,Renee Mahoney,Ciencia,13,15.56
2021/05/15,Crónicas de un viajero,John Sandoval,Ciencia,20,34.25
2023/01/15,El alquimista,Sheila Gardner,Ciencia,18,49.57
2023/05/28,El enigma de la cueva,Rebecca Moore,Ficción,12,27.76
2023/06/04,Crónicas de un viajero,John Campos,Ficción,14,24.28
2022/09/01,Destino incierto,Gregory Lopez,No Ficción,12,42.47
2021/12/07,Mentes brillantes,Ashley Foley,Ciencia,8,43.63
2024/09/22,El último amanecer,Eric Harvey,Ciencia,16,19.99
2024/06/28,El misterio del tiempo,Devin Hooper,Historia,12,31.14
2025/02/03,El misterio del tiempo,Jon Mitchell,Misterio,4,15
2022/08/13,Sombras en la ciudad,Debra Cox,Terror,7,34.29
2024/11/01,El último amanecer,Joseph Johnson,Misterio,2,29.55
2023/05/30,Bajo la luna roja,Jennifer Porter,Misterio,7,5.51
2023/07/20,El último amanecer,Jennifer Reynolds,No Ficción,13,41.3
2023/04/16,Crónicas de un viajero,Andrew Simmons,Autoayuda,3,12.29
2024/06/16,La teoría del todo,Holly Carlson,Autoayuda,19,7.78
2023/02/28,Cien años de soledad,Nicole Lopez,Ficción,1,49.74
2022/08/10,Crónicas de un viajero,Sarah Brown,Terror,11,9.26
2021/10/12,Sombras en la ciudad,Cheryl Rogers,Fantasía,9,32.62
2024/01/03,Destino incierto,Brandon Ayala,Autoayuda,8,19.76
2022/07/21,El arte de la guerra,Bryan Garcia,Autoayuda,15,43.15
2023/06/26,El enigma de la cueva,Joseph Mckinney,Fantasía,11,20.99
2024/06/16,El arte de la guerra,Timothy Franklin,Autoayuda,3,20.49
2022/03/19,El alquimista,Scott Schroeder,Ciencia,15,19.63
2022/01/18,El último amanecer,Russell Gonzalez,No Ficción,10,47.66
2024/06/17,El arte de la guerra,Dr. Larry Williams,Terror,11,26.44
2024/04/12,El misterio del tiempo,Maurice Bell,Terror,18,20.05
2023/05/29,Bajo la luna roja,Mark Russell MD,Ciencia,20,32.64
2025/01/22,Las voces del pasado,Christy Griffith,No Ficción,2,21.38
2024/03/17,La teoría del todo,Susan Calhoun,No Ficción,17,33.31
2021/09/11,El enigma de la cueva,Jeanette Doyle DVM,Misterio,9,24.15
2021/06/29,Cien años de soledad,Nathan Rosario,Ciencia,13,23.89
2022/05/10,El alquimista,Mary Mercer,No Ficción,8,32.84
2023/01/21,Bajo la luna roja,Emily Moore,Historia,15,49.82
2023/08/02,Mentes brillantes,Amy Moore,Autoayuda,17,11.56
2021/06/30,La sombra del viento,Jacqueline Castro,Romance,11,40.14
2021/04/23,El último amanecer,Debra Clark,Romance,2,46.94
2022/09/01,Cien años de soledad,Jeremy Wright,Ciencia,3,39.02
2024/12/19,La sombra del viento,Lindsay Ellison,Romance,11,33.66
2023/09/21,El alquimista,Angela Woods,Romance,18,40.86
2022/02/20,La teoría del todo,Joseph Griffin,Romance,1,28.3
2022/07/25,La teoría del todo,Zachary Fox,Ciencia,14,19.76
2021/12/13,El misterio del tiempo,Tyler Carr,Historia,10,15.11
2023/09/23,Bajo la luna roja,Teresa Johnson,Ciencia,12,5.25
2021/08/05,Destino incierto,Karen Allen,Autoayuda,13,6.58
2021/12/04,El último amanecer,Bobby Norris,Fantasía,20,7.97
2023/03/23,El último amanecer,Carla Rodriguez,Romance,11,22.85
2021/08/04,Sombras en la ciudad,Mitchell Russo,Fantasía,1,13.69
2023/05/19,Crónicas de un viajero,Brian Powell,No Ficción,7,27.54
2021/04/14,Secretos ocultos,Sheila Kaiser,Ficción,9,25.67
2023/07/22,El alquimista,Paul Peters,Historia,2,46.13
2024/05/22,Cien años de soledad,Brenda Smith,Terror,3,5.68
2024/05/27,Las voces del pasado,Nicholas Murray,Terror,11,7.8
2025/03/14,La sombra del viento,Miss Christine Mcdonald,Misterio,7,36.14
2022/11/24,La sombra del viento,Kim Martinez,Misterio,4,28.4
2022/07/21,Mentes brillantes,Monica Allen,Romance,18,32.16
2022/09/13,El arte de la guerra,Joanna Scott,Romance,7,19.44
2021/07/08,Las voces del pasado,Shannon Kline,Historia,1,11.57
2024/03/03,Las voces del pasado,Megan Parsons,No Ficción,10,7.79
2023/12/25,El alquimista,Robert Bryant,Romance,12,22.62
2022/03/11,Mentes brillantes,Timothy Stephens,Terror,20,20.64
2024/01/01,Destino incierto,Sarah Williams,Romance,3,27.8
2023/09/15,El último amanecer,David Guzman,No Ficción,9,34.82
2021/09/16,La sombra del viento,Jennifer Espinoza,Historia,10,26.42
2024/10/27,La sombra del viento,Mr. David Brown,Misterio,9,8.85
2021/06/02,Crónicas de un viajero,Steven White,Ciencia,6,38.94
2024/08/07,Crónicas de un viajero,Laura Williams,Misterio,9,29.92
2024/02/01,Las voces del pasado,Katherine Fowler,Ciencia,20,17.16
2024/05/09,El alquimista,Kathy Bowen,Historia,19,47.54
2021/06/23,Sombras en la ciudad,Brandon Massey,Terror,4,49.3
2021/06/12,Las voces del pasado,Susan Garza,Ficción,15,25.48
2022/11/08,El alquimista,Dr. Patricia Chen MD,Ciencia,10,48.34
2022/08/26,La sombra del viento,Aaron Graham,Ficción,11,14.14
2022/10/14,El último amanecer,Andrew Clark,Romance,17,20.17
2024/08/29,El arte de la guerra,Katrina Ray,No Ficción,4,42.05
2023/05/28,La sombra del viento,Desiree Nelson,Autoayuda,5,31.53
2022/08/12,El arte de la guerra,James Garrett,Ciencia,18,42.97
2024/04/20,Cien años de soledad,Beth Wright,Terror,12,49.41
2024/04/17,Sombras en la ciudad,Michael Tran,Romance,13,10.29
2022/11/21,La sombra del viento,Frank Mcguire,No Ficción,5,27.44
2022/08/09,El arte de la guerra,Brittany Bryant,Misterio,5,45.43
2024/05/08,Destino incierto,Sherry Castro,Misterio,20,28.49
2023/11/18,Bajo la luna roja,Pamela Dalton,Romance,6,13.3
2022/10/30,Sombras en la ciudad,Ryan Ortiz,Romance,13,35.6
2023/04/10,El misterio del tiempo,Stephen Brown,Misterio,13,15.13
2021/05/05,Secretos ocultos,Timothy Hall,Misterio,12,37.76
2024/07/17,El último amanecer,Allison Wallace,Romance,7,15.09
2024/06/24,Cien años de soledad,Jeanette Johnston,Terror,8,39.91
2023/09/28,Cien años de soledad,Jon Rivera,Fantasía,16,14.56
2024/06/21,El alquimista,Oscar Roberts,Autoayuda,7,32.99
2024/12/19,El arte de la guerra,Karen Davis,Autoayuda,18,5.81
2025/03/21,Sombras en la ciudad,Michael Young,Autoayuda,17,5.97
2022/11/13,Destino incierto,Jeffrey Lee,No Ficción,3,47.31
2024/03/10,Bajo la luna roja,Nicholas Mcmillan,Ficción,17,20.72
2022/06/09,La sombra del viento,Eddie Morris,Autoayuda,5,7.86
2022/03/15,El último amanecer,Eric Miranda,Historia,6,29.94
2023/03/06,Crónicas de un viajero,Jimmy Walker,Ficción,3,27.2
2025/03/06,Destino incierto,Susan Villarreal,Ficción,8,28.18
2023/09/26,El misterio del tiempo,Kimberly Martinez,Autoayuda,20,18.11
2025/01/11,El enigma de la cueva,Julie Henderson,No Ficción,10,27.93
2023/04/03,Secretos ocultos,April Rowe,Terror,8,23.82
2022/09/24,Secretos ocultos,Wesley Reyes,No Ficción,6,11.26
2023/12/17,El arte de la guerra,Amber Porter,No Ficción,11,9.49
2024/04/18,Bajo la luna roja,Jennifer Coleman,Terror,18,17.19
2025/03/17,Cien años de soledad,Daniel Kim,Ficción,5,26.5
2023/01/23,El alquimista,Evelyn Mills,Ficción,12,19.67
2023/07/29,El enigma de la cueva,Emily Cunningham,Fantasía,16,14.83
2024/01/17,Sombras en la ciudad,Amy Atkinson DVM,Historia,4,34.92
2024/07/08,Bajo la luna roja,Patricia Bryant,Romance,13,30.31
2022/09/03,Crónicas de un viajero,Susan Hernandez,Historia,20,33.51
2023/10/01,Las voces del pasado,Hector Roberts,Ficción,3,25.83
2023/09/20,El misterio del tiempo,Jessica Gonzalez,Fantasía,14,31.98
2024/01/20,Crónicas de un viajero,Donald Martin,Autoayuda,15,31.07
2023/11/17,La teoría del todo,Sherry Castro,Ciencia,3,27.99
2023/12/24,El arte de la guerra,Eugene Schultz,Ciencia,3,13.42
2023/07/31,El último amanecer,Ricky Parks,Autoayuda,3,5.65
2022/07/27,Las voces del pasado,Dr. Barbara Vazquez DVM,Misterio,16,18.49
2022/02/20,La sombra del viento,Peter Crawford,Ciencia,14,45.95
2022/08/06,El enigma de la cueva,Sarah Delgado,Ficción,4,13.17
2021/04/06,Sombras en la ciudad,Ryan Stewart,Ficción,16,26.17
2022/02/16,Destino incierto,Bruce Wiley,Ciencia,3,26.09
2023/02/16,Bajo la luna roja,Peter Burton,Misterio,5,16.83
2022/04/17,Destino incierto,Sara Sampson,Historia,19,25.29
2023/03/03,El enigma de la cueva,Deanna Wilcox,Autoayuda,20,9.51
2025/01/05,El enigma de la cueva,Nicholas Lopez,Fantasía,2,30.79
2024/05/27,El misterio del tiempo,Joseph Peterson,Autoayuda,8,8.32
2024/02/18,Secretos ocultos,Samuel Keller,Ficción,12,30.27
2023/05/18,El alquimista,Sara White,Ciencia,8,24.42
2023/12/01,El arte de la guerra,Mr. Chad Smith,Ficción,1,32.63
2022/02/04,Bajo la luna roja,Hailey Baker,Romance,2,37.79
2023/04/22,El misterio del tiempo,Hector Rich,Misterio,10,6.52
2021/06/04,Bajo la luna roja,Mary Fletcher,No Ficción,14,14.77
2022/10/11,La teoría del todo,Justin Thomas,No Ficción,9,13.19
2023/12/16,El misterio del tiempo,Veronica Mullins,Autoayuda,10,45.51
2023/04/23,Secretos ocultos,Bryan Vasquez,No Ficción,2,38.22
2023/01/06,El arte de la guerra,Shelby Santiago,Autoayuda,5,45.6
2022/07/17,Sombras en la ciudad,Amanda Payne,Ciencia,15,49.51
2021/10/29,Crónicas de un viajero,Lisa Johnson,No Ficción,5,19.68
2024/05/25,Secretos ocultos,Troy Webster,Autoayuda,17,27.35
2022/08/15,Destino incierto,Jordan Kennedy,Autoayuda,17,12.81
2023/09/07,El misterio del tiempo,Andrew Harmon,Fantasía,11,6.92
2022/10/30,Mentes brillantes,Sean Scott,Autoayuda,7,31.42
2022/05/12,Las voces del pasado,Janice White,Historia,5,25.41
2022/03/07,El misterio del tiempo,Scott Peters,No Ficción,1,27.88
2025/01/31,Bajo la luna roja,Haley Torres,No Ficción,1,17.63
2024/02/12,Bajo la luna roja,Jason Evans,No Ficción,14,10.63
2021/12/14,La sombra del viento,Thomas Hayden,Autoayuda,7,38.84
2024/08/18,La teoría del todo,Jennifer Jensen,Ficción,4,23.31
2023/05/18,Crónicas de un viajero,Denise Perez,Historia,11,30.19
2025/02/14,El enigma de la cueva,Lisa Hicks,Ciencia,9,45
2024/04/30,Secretos ocultos,Craig Mcdonald,Historia,18,34.34
2022/05/05,El alquimista,Jessica Taylor,Autoayuda,9,15.77
2022/05/26,El alquimista,Erik Ford,Ciencia,10,15.23
2022/07/31,Sombras en la ciudad,Calvin Evans,Romance,17,27.92
2023/05/14,Mentes brillantes,Ronnie Conner,Romance,15,27.9
2024/02/11,Cien años de soledad,Samuel Glover,No Ficción,18,24.67
2023/09/27,Las voces del pasado,Stacy Berry,Autoayuda,3,16.29
2025/02/14,La teoría del todo,Paul Villanueva,Fantasía,12,45.35
2022/12/12,Sombras en la ciudad,Justin Sweeney,Historia,17,14.03
2022/05/26,Mentes brillantes,Karen Dunn,Ciencia,12,25.04
2023/01/11,Mentes brillantes,Ryan Anderson,No Ficción,20,40.87
2025/02/02,Bajo la luna roja,John Coleman,Historia,19,40.75
2024/12/01,El alquimista,Jennifer Liu,Autoayuda,15,18.11
2022/10/03,Crónicas de un viajero,Tommy Gardner,Romance,14,23.52
2024/07/16,Destino incierto,Juan Wagner,Ficción,13,20.41
2025/01/31,La sombra del viento,Johnny Ross,Romance,14,29.9
2021/08/01,Mentes brillantes,Rose Collins,No Ficción,5,31.51
2024/05/12,Bajo la luna roja,Michele Hudson,Autoayuda,20,34.17
2023/05/03,El último amanecer,John Hayes,Terror,20,42.11
2023/08/02,Las voces del pasado,Terri Anderson,Terror,7,7.39
2025/03/22,El enigma de la cueva,Savannah Richardson,Romance,8,34.22
2024/12/08,Secretos ocultos,Karen Collins,Autoayuda,2,29.25
2021/10/20,Las voces del pasado,Michael Mason,Misterio,11,41.4
2022/02/01,Las voces del pasado,Tim Woodard,Ciencia,7,20.58
2022/11/14,La teoría del todo,Jason Boyd,Fantasía,20,9.95
2025/02/01,La sombra del viento,Daniel Jacobs,Romance,16,44.47
2022/02/24,Sombras en la ciudad,Michael Bonilla,Fantasía,4,26.96
2022/08/21,La sombra del viento,Jacqueline Morris,Ciencia,8,13.86
2023/11/11,Mentes brillantes,Dwayne Hampton,No Ficción,12,27.41
2024/05/31,El alquimista,Mary Coleman,Romance,2,41.7
2021/12/18,El último amanecer,Colton Hall,No Ficción,15,26.67
2022/10/18,Secretos ocultos,Troy Freeman,Terror,19,42.94
2021/12/26,La sombra del viento,Christopher Mitchell,Terror,20,18.37
2022/08/12,Sombras en la ciudad,Jacob Wright,Terror,12,28.73
2022/02/05,Sombras en la ciudad,Anthony Williams,Ciencia,14,8.2
2021/07/13,Las voces del pasado,Richard Perkins,Ficción,4,22.73
2023/08/24,Mentes brillantes,Jonathan Perez,Fantasía,2,20.17
2024/03/12,Sombras en la ciudad,Douglas Hebert,Historia,11,12.37
2023/03/16,El último amanecer,Brandy Rollins,Ciencia,3,5.24
2021/04/07,El último amanecer,Daniel Payne,Historia,15,45.83
2024/12/08,Sombras en la ciudad,Javier Stout,Historia,17,38.44
2025/01/10,El enigma de la cueva,Stephanie Morton,Romance,16,42.89
2022/09/06,Mentes brillantes,Stephanie Walker,Historia,19,29.29
2024/10/26,La sombra del viento,Janet King,No Ficción,1,41.74
2021/06/10,Sombras en la ciudad,Rebecca Conley,Ciencia,10,40.49
2022/05/02,El último amanecer,Stacy Bates,Misterio,1,8.34
2025/01/31,Cien años de soledad,Christina Garza,No Ficción,10,11.04
2022/08/06,Las voces del pasado,Mark Long,Ciencia,7,15.35
2021/09/11,Las voces del pasado,Jeremy Zimmerman,Misterio,3,26.12
2022/10/10,Sombras en la ciudad,Sarah Haley,Autoayuda,8,46.51
2024/03/24,El enigma de la cueva,Antonio Fox,Ciencia,9,32.59
2025/03/24,El enigma de la cueva,Randy Turner,Fantasía,10,45.65
2022/08/15,El alquimista,Randall Stark,Terror,9,20.85
2025/01/17,La sombra del viento,Ian Simpson,Ciencia,3,44.63
2023/04/07,Destino incierto,Jennifer Reynolds,No Ficción,8,5.34
2024/09/13,Bajo la luna roja,Luke Alexander,Misterio,5,7.35
2021/06/29,Sombras en la ciudad,Rachael Simpson,Misterio,6,33.86
2024/08/26,Bajo la luna roja,Jamie Meyer,Romance,13,43.92
2021/12/25,Las voces del pasado,Marc Crawford,Terror,3,22.94
2022/11/15,Destino incierto,Holly Suarez,Autoayuda,7,37.24
2023/11/16,El misterio del tiempo,Gene Gates,Historia,5,46.88
2024/02/19,La teoría del todo,Rhonda Russo,Ficción,15,12.6
2022/09/18,El arte de la guerra,Gina Harris,Ficción,5,33.53
2021/07/18,El enigma de la cueva,Angela Taylor,Historia,7,46.54
2024/12/01,La teoría del todo,Gregory Scott,Autoayuda,2,25.38
2021/07/22,Mentes brillantes,Daniel Harper,No Ficción,15,30.57
2021/06/27,Secretos ocultos,Jamie Bates,Autoayuda,14,19.11
2022/02/09,La teoría del todo,Charles Combs,No Ficción,12,23.49
2021/12/03,La teoría del todo,Amy Brown,Autoayuda,11,40.36
2022/04/03,Cien años de soledad,Elizabeth Welch PhD,Romance,19,21.27
2024/09/29,Destino incierto,Tina Wilson,Misterio,10,40.34
2024/07/03,El misterio del tiempo,Denise Martinez,Historia,12,41.61
2024/02/28,Destino incierto,Charles Owens,No Ficción,14,12.46
2024/09/29,Sombras en la ciudad,James Taylor,Autoayuda,16,34.78
2024/02/23,Secretos ocultos,Timothy Wise,No Ficción,10,46.53
2023/02/20,La teoría del todo,Gilbert Alexander,Misterio,11,32.34
2021/07/09,El enigma de la cueva,Nathan Martin,Historia,16,32.89
2024/09/30,El misterio del tiempo,Crystal Jefferson,No Ficción,16,22.28
2022/03/04,La teoría del todo,Jeff Yates,Misterio,1,37.88
2022/03/17,El misterio del tiempo,Joseph Bonilla,Terror,7,19.76
2025/02/06,Bajo la luna roja,Brooke Mcdonald,No Ficción,7,13.07
2025/02/16,El arte de la guerra,Kathryn Matthews,Ciencia,12,48.29
2023/06/16,La sombra del viento,David Donovan,Historia,13,5.9
2023/08/20,Crónicas de un viajero,Chad Mcbride,Ciencia,19,36.12
2024/08/15,Bajo la luna roja,Jennifer Jones,Ficción,20,20.37
2024/09/05,El misterio del tiempo,David Diaz,Ficción,16,18.78
2024/07/22,La teoría del todo,Phillip Lopez,Ficción,15,32.14
2024/06/28,Destino incierto,Tracy Giles DDS,Terror,4,14.96
2022/10/16,La sombra del viento,Richard Rios,Ciencia,15,25.23
2024/01/30,Destino incierto,Jose Moss,Ciencia,15,25.28
2023/01/06,Secretos ocultos,Kirk Sanchez,Romance,7,32.6
2023/03/13,Bajo la luna roja,Diana Anderson,Ciencia,13,20.03
2024/06/02,Las voces del pasado,Katherine Schmidt,Historia,5,14
2022/10/25,Secretos ocultos,John Moore,Terror,16,42.95
2024/09/07,Crónicas de un viajero,Anthony Doyle,Fantasía,15,32.82
2022/03/31,Secretos ocultos,Anthony Kerr,No Ficción,15,25.77
2023/06/02,Crónicas de un viajero,Michael Rosales,Misterio,17,16.16
2024/11/13,Crónicas de un viajero,Jamie Glass,No Ficción,19,30.45
2023/09/13,El último amanecer,Sara Gonzalez,Ficción,11,29.49
2021/10/24,La teoría del todo,Megan Lawson,Fantasía,12,41.61
2024/10/19,El enigma de la cueva,John Wiley,Ficción,20,43.78
2024/05/14,El misterio del tiempo,Eric Knight,Ciencia,1,27.05
2022/09/22,Destino incierto,Tamara West,Ciencia,4,17.53
2022/02/09,Sombras en la ciudad,Jeffrey Peters,Autoayuda,1,49.77
2024/03/07,La teoría del todo,Joseph Davis,Terror,16,41.54
2022/08/31,Cien años de soledad,Casey Johnson,Historia,11,49.14
2021/12/01,Cien años de soledad,Thomas Ryan,Autoayuda,17,17.56
2023/09/18,Destino incierto,Jennifer Brown DDS,Historia,17,20.1
2022/11/24,Crónicas de un viajero,Kayla Ortega,Terror,14,10.08
2023/03/15,Destino incierto,Joseph Moore,Autoayuda,17,47.26
2025/02/18,Secretos ocultos,Carmen Thomas,No Ficción,7,29.53
2023/12/13,Bajo la luna roja,Scott Stevens,Historia,16,15.93
2023/12/12,Las voces del pasado,Scott Reeves,Fantasía,1,15.12
2022/09/08,Mentes brillantes,Madison Brown,Autoayuda,13,44.86
2023/02/13,La sombra del viento,Angela Alexander,Misterio,18,10.92
2021/12/24,El alquimista,Dr. Emily Ryan,Romance,6,24.65
2021/07/12,Cien años de soledad,Travis Sanchez,Romance,20,7.83
2022/10/04,El enigma de la cueva,Maria Ward,Romance,13,27.41
2021/11/07,Sombras en la ciudad,Ian Phillips,Autoayuda,9,46.76
2022/07/23,Crónicas de un viajero,Christopher Hines MD,No Ficción,18,26.83
2025/01/19,Destino incierto,Jacqueline Bates,No Ficción,8,5.1
2021/11/01,El enigma de la cueva,Daniel Rose,Autoayuda,11,23.36
2021/07/08,Destino incierto,Craig Harper,Ficción,10,34.97
2021/06/23,Sombras en la ciudad,Mary Williams,Fantasía,4,27.5
2021/06/08,Crónicas de un viajero,Robert Ross,Autoayuda,16,48.23
2022/01/30,Las voces del pasado,Donna Mendoza DDS,Ficción,2,47.81
2021/06/05,El arte de la guerra,Lisa Torres,Autoayuda,5,20.1
2021/09/13,Crónicas de un viajero,Anne Neal,Terror,19,6.81
2021/09/01,La teoría del todo,William Oconnell,Romance,13,38.38
2024/05/07,Sombras en la ciudad,Adam Boyle,Romance,1,37.43
2022/02/26,Las voces del pasado,Matthew Allen,No Ficción,13,47.36
2023/09/22,La teoría del todo,James Howard,Fantasía,8,44.47
2022/10/07,Crónicas de un viajero,Meghan Brooks,Autoayuda,8,31.18
2021/10/27,La teoría del todo,Kim Snyder,Historia,2,17.18
2025/02/04,El último amanecer,Curtis Perez,Misterio,7,9.98
2022/10/23,La sombra del viento,Cheryl Edwards,Romance,20,42.29
2021/05/09,Sombras en la ciudad,Mary Green,Misterio,7,48.7
2021/08/23,El enigma de la cueva,Stephanie Cervantes,Ficción,9,11.19
2024/10/13,El arte de la guerra,Patrick Le,Ficción,15,18.05
2024/04/09,El misterio del tiempo,Kelly Cruz,Romance,19,27.47
2022/10/26,Sombras en la ciudad,Tanya Baker,Terror,16,30.37
2022/04/05,La teoría del todo,Brad Hubbard,Fantasía,18,46.02
2023/05/13,Cien años de soledad,Kevin Bradford,Ciencia,11,42.28
2022/12/27,Mentes brillantes,Timothy Collins,Romance,19,48.83
2024/10/25,El enigma de la cueva,Stacie Pruitt,Romance,14,11.61
2024/05/05,El último amanecer,Erin Sanchez,Romance,4,45.11
2023/08/23,Crónicas de un viajero,Erika Hopkins,Historia,1,25.67
2021/07/30,La teoría del todo,James Garcia,Misterio,4,9.59
2021/09/23,Cien años de soledad,Erin Schultz,No Ficción,3,28.02
2022/12/31,Las voces del pasado,Bradley Mack,Misterio,18,39.66
2021/10/19,Mentes brillantes,Christopher Graham,Romance,17,10.83
2021/08/07,Sombras en la ciudad,Mary Lane,Romance,15,17.22
2024/11/25,La sombra del viento,Michelle Johnson,No Ficción,20,12.99
2024/11/29,La teoría del todo,Jacqueline Flynn,Autoayuda,7,49.1
2025/01/09,El alquimista,Matthew Johnson,Autoayuda,11,27.86
2023/07/27,El último amanecer,Stacy Gonzales,Misterio,10,35.89
2021/08/04,Las voces del pasado,Jeffrey Washington,Ciencia,1,45.72
2021/12/14,El alquimista,Catherine Coleman,Ficción,13,16.42
2025/02/18,Las voces del pasado,Erin Moore,Fantasía,12,43.19
2022/01/17,Bajo la luna roja,Tamara Brown,Ficción,9,24.05
2022/10/25,Destino incierto,Kenneth Sampson,Ciencia,18,31.82
2024/05/24,Cien años de soledad,Jennifer Snow,Ciencia,17,21.5
2023/08/31,Crónicas de un viajero,Joseph Jones,Ficción,2,47.08
2023/07/03,El alquimista,Norma Tate,Ficción,13,21.85
2021/04/25,El enigma de la cueva,Randall Miller,Misterio,11,26.32
2021/04/04,La teoría del todo,Ashley Davis,Misterio,2,33.17
2024/06/24,El alquimista,Bryan Blake,Ciencia,7,27.45
2022/11/30,Destino incierto,Sarah Mccarthy,Romance,2,35.38
2024/01/30,El arte de la guerra,Brandon Carpenter,Ficción,15,26.66
2021/12/30,El misterio del tiempo,Jill Schneider,Romance,17,12.93
2022/01/29,Bajo la luna roja,Eric Bond,No Ficción,11,43.68
2022/04/13,Cien años de soledad,Heather Martinez,Ficción,15,12.33
2024/01/14,El enigma de la cueva,Jeff Tran,No Ficción,4,24.26
2021/04/05,Secretos ocultos,Lisa Morris,Misterio,1,18.91
2024/07/06,Las voces del pasado,Stephanie Alvarado,No Ficción,16,47.98
2025/03/26,Sombras en la ciudad,Amy Moreno,Ciencia,14,22.55
2023/04/24,Bajo la luna roja,Benjamin Booker,Autoayuda,8,44.17
2022/12/28,Secretos ocultos,Neil Scott,Romance,1,49.54
2021/06/15,El arte de la guerra,Corey Charles,Fantasía,2,10.67
2025/03/01,Cien años de soledad,Yolanda Robinson,Ficción,11,13.73
2022/07/26,El último amanecer,Eric Jackson,No Ficción,17,9.69
2022/09/02,Sombras en la ciudad,Amber Orozco,No Ficción,7,20.44
2021/11/20,El arte de la guerra,Christopher Jordan,Ficción,10,39.87
2022/12/31,La sombra del viento,Bradley Miller,Terror,15,41.16
2023/01/18,La sombra del viento,Randy Ferguson,Ficción,12,29.6
2022/03/17,Bajo la luna roja,Eileen Atkins,Ficción,16,45.8
2023/10/05,La teoría del todo,Evan Evans,Fantasía,13,47.89
2024/04/04,Destino incierto,Kristin Walker,Romance,19,5.12
2025/01/11,El alquimista,Krista Jordan,Misterio,3,10
2023/04/14,Las voces del pasado,Adam Davis,Autoayuda,12,15.55
2023/10/20,El último amanecer,Donald Mills,Misterio,11,49.3
2024/12/20,El alquimista,Amy Wood,Misterio,7,5.11
2023/09/06,Crónicas de un viajero,Randall Thomas,Romance,20,27.28
2024/10/25,Destino incierto,Amy Contreras,Fantasía,11,46.61
2024/03/22,Destino incierto,David Williams,Terror,8,22.91
2025/03/12,Mentes brillantes,Anna Richardson,Ficción,20,41.21
2021/07/28,El último amanecer,Katherine Carter,Historia,5,46.46
2023/07/11,Las voces del pasado,Chad Clarke,Autoayuda,16,11.92
2021/10/05,Destino incierto,Todd Pierce,No Ficción,16,49.06
2023/06/12,El último amanecer,Christine Cook,Ciencia,18,36.29
2023/05/05,El misterio del tiempo,John Harrison,Ciencia,4,40.47
2021/12/23,Las voces del pasado,Brian Jackson,Fantasía,11,36.48
2023/01/13,Mentes brillantes,Ashley Benson,Ciencia,10,7.3
2021/04/06,La teoría del todo,Steven Schaefer,Historia,5,48.97
2024/03/30,Mentes brillantes,Jason Grant,No Ficción,14,22.23
2022/09/28,La teoría del todo,Leslie Rodriguez,No Ficción,17,22.5
2022/01/27,El arte de la guerra,Jason Small,Ciencia,1,20.72
2022/02/08,Las voces del pasado,Shawn Campbell,Historia,10,34.44
2025/02/01,El último amanecer,Jeffrey Castro,Historia,11,32.26
2021/12/24,Crónicas de un viajero,Isabel Armstrong,Ficción,6,16.58
2024/03/09,Destino incierto,Billy Drake,Historia,18,29.88
2022/06/21,Secretos ocultos,Kelly Blair,Terror,1,13.24
2024/01/30,Bajo la luna roja,Edward Martinez,Fantasía,7,47.13
2022/02/23,El enigma de la cueva,Marcus Barnes,No Ficción,6,48.34
2021/04/14,Las voces del pasado,Dylan Orr,No Ficción,11,33.53
2021/10/24,El arte de la guerra,Joshua Fuller,Ficción,4,43
2023/05/08,El misterio del tiempo,Amanda Charles MD,Ciencia,18,21.03
2024/02/21,El misterio del tiempo,Christy Oconnor,Ficción,19,7.29
2022/11/13,Secretos ocultos,Michael Conway,Historia,1,48.84
2023/11/01,Las voces del pasado,Melissa Anderson,Fantasía,11,46.53
2022/12/24,Bajo la luna roja,Mr. Jake Roberts,Misterio,20,29.83
2022/11/09,Mentes brillantes,Johnathan Hernandez,Autoayuda,9,27.61
2022/12/05,El último amanecer,Ricky Barrett,Autoayuda,18,16.46
2023/09/24,Bajo la luna roja,Lindsey Meyer,Ficción,11,49.44
2024/01/10,Sombras en la ciudad,Jason Valdez,Historia,14,37.24
2022/08/24,Bajo la luna roja,Karen Cooper,Historia,11,14.67
2022/09/16,El último amanecer,Ashley Kirby,No Ficción,15,48.53
2021/09/28,Las voces del pasado,John Taylor,Romance,8,8.17
2021/10/05,Mentes brillantes,Janet Livingston,Ciencia,18,21.38
2024/01/04,Crónicas de un viajero,Joseph Fletcher,Misterio,5,28.63
2023/04/28,El alquimista,Joan Eaton,Fantasía,2,45.59
2024/06/15,El último amanecer,Miss Erin Guerrero,No Ficción,19,29.69
2023/05/07,Mentes brillantes,Patrick Ortega,Terror,12,16.09
2021/12/31,El último amanecer,Carol Tyler,Misterio,9,49.44
2021/05/03,El alquimista,Andres Cervantes,Misterio,17,35.01
2023/06/08,Crónicas de un viajero,Jennifer Wells,Autoayuda,6,27.36
2024/11/07,El enigma de la cueva,Jeremy Kirby,Ficción,20,15.01
2022/06/21,El último amanecer,Paul Yates,Romance,18,14.98
2023/01/08,El enigma de la cueva,Nicholas Brown,Ciencia,3,19.55
2023/08/03,Sombras en la ciudad,Janet Miller,Ficción,19,36.85
2023/10/18,Bajo la luna roja,Lisa Edwards MD,Fantasía,15,18.99
2023/07/31,Las voces del pasado,Dillon Rodriguez,Ciencia,8,36.47
2025/01/16,Mentes brillantes,Jose Pham,Ciencia,8,38.07
2021/04/28,La sombra del viento,Richard Gutierrez,Romance,19,10.77
2023/07/04,Cien años de soledad,Michelle Smith,Ficción,15,15.18
2021/07/15,El misterio del tiempo,Andrew Thompson,Autoayuda,17,15.53
2024/07/25,El último amanecer,Bruce King,Terror,10,8.99
2022/04/25,El último amanecer,Mrs. Elizabeth Hoffman,Romance,11,28.54
2023/07/24,Destino incierto,Melissa Hoover,Autoayuda,18,19.81
2023/05/17,Crónicas de un viajero,Mckenzie Costa,Autoayuda,14,6.32
2023/12/26,Destino incierto,Ashley Wheeler,Romance,19,45.93
2025/03/10,Cien años de soledad,Robin Skinner,Ficción,3,25.25
2022/03/20,Crónicas de un viajero,Mark Lozano,Autoayuda,20,39.11
2024/06/13,Mentes brillantes,Donna Franco,Misterio,1,36.99
2024/04/06,Crónicas de un viajero,Sharon Payne,No Ficción,12,15.3
2021/10/11,El misterio del tiempo,Amber David,Misterio,11,35.71
2024/07/05,El último amanecer,Jasmin Williams,Historia,3,47.38
2023/07/04,Las voces del pasado,Marilyn Ray,Autoayuda,5,40.52
2023/01/11,El enigma de la cueva,Devin Washington,Terror,7,10.92
2022/02/03,Sombras en la ciudad,Mrs. Yolanda Sanchez,No Ficción,16,23.69
2022/09/30,La sombra del viento,Kristina Crawford,Ficción,12,11.4
2023/06/01,El arte de la guerra,Linda Morales,Terror,16,6.88
2024/10/10,El último amanecer,Thomas Mcgrath,Ficción,1,35.2
2024/09/03,Sombras en la ciudad,Danielle Dickson,Autoayuda,17,44.2
2023/08/10,La teoría del todo,Christopher Rhodes,No Ficción,4,29.89
2023/10/07,Crónicas de un viajero,Emily Alexander,Terror,9,27.9
2023/09/18,La sombra del viento,Jacob Roberts,Historia,5,23.08
2021/11/26,El arte de la guerra,Jacob Barber,Romance,5,48.46
2024/08/04,Bajo la luna roja,Joseph Wood,Misterio,11,26.5
2023/07/27,El alquimista,Paul Lawrence,Historia,6,40.67
2024/02/26,Mentes brillantes,Erin Mitchell,Ficción,8,11.47
2024/01/07,El enigma de la cueva,Heidi Scott,No Ficción,13,14.45
2022/01/20,Secretos ocultos,Scott Mckenzie,Misterio,8,5.44
2024/01/04,Sombras en la ciudad,Crystal Sellers,Autoayuda,16,43.36
2021/09/11,Las voces del pasado,Shawn Butler,Ficción,8,25.13
2024/12/12,Crónicas de un viajero,Adam Rodriguez,Fantasía,5,8.11
2021/09/14,Bajo la luna roja,Paul Oneill,Historia,11,31.51
2022/10/14,La sombra del viento,Chelsey Jones,Misterio,9,34.79
2022/04/29,Cien años de soledad,Brittany Lin,Terror,17,11.9
2023/11/10,Secretos ocultos,Jordan Barnett,Ciencia,19,26.34
2023/08/18,Mentes brillantes,Jason Bates,No Ficción,4,23.57
2023/05/10,El alquimista,Anna Meadows,Romance,19,7.08
2023/04/19,Cien años de soledad,Claire Dudley,No Ficción,3,15.77
2022/05/28,El arte de la guerra,Xavier Martinez,Ciencia,11,21.72
2024/12/18,El misterio del tiempo,Nancy Winters,Fantasía,16,17.71
2024/05/27,Mentes brillantes,Michael Tate,No Ficción,5,41.96
2023/05/02,Mentes brillantes,Nathaniel Sutton,Fantasía,5,44.77
2023/12/03,El misterio del tiempo,Kelsey Nguyen,Fantasía,8,16.08
2022/12/19,El alquimista,James Short,Terror,4,11.51
2022/08/29,Secretos ocultos,Bonnie Adams,Ficción,10,34.01
2023/09/17,Bajo la luna roja,Lisa Avila,Ficción,13,8.08
2022/02/16,El último amanecer,Tiffany Baker,Fantasía,15,16.29
2022/01/10,La sombra del viento,Christopher Daniel,Historia,16,16.43
2021/05/11,La teoría del todo,Tasha Garcia,Ficción,19,47.14
2023/02/15,La teoría del todo,Jennifer Mitchell,No Ficción,12,36.16
2024/05/24,El enigma de la cueva,Leslie Bryant,Fantasía,8,21.99
2022/01/23,La teoría del todo,Dean Nelson,Ciencia,3,35.04
2021/08/14,Bajo la luna roja,Marcus Donaldson,Historia,2,16.15
2023/01/24,Destino incierto,Jo Ross,Autoayuda,4,33.83
2023/01/23,El alquimista,Jessica Maldonado,Terror,16,7.96
2021/04/11,Crónicas de un viajero,Larry Howard,Ficción,11,38.32
2022/04/10,La teoría del todo,Jennifer Cook,Ciencia,16,28.73
2021/12/08,El alquimista,William Medina,Ciencia,12,12.4
2024/06/04,Destino incierto,Jonathan Kramer Jr.,Romance,8,35.63
2022/01/29,El enigma de la cueva,Dean Moon,Autoayuda,10,40.31
2022/11/25,El enigma de la cueva,Kenneth Powell,Terror,3,44.72
2024/07/27,El enigma de la cueva,Victor Young,Ficción,1,11.25
2022/11/20,Bajo la luna roja,Cheryl Thomas,Romance,9,11.3
2022/09/14,El misterio del tiempo,Justin Carter,Ficción,6,24.57
2023/08/31,Crónicas de un viajero,Mario Stewart,Romance,20,34.86
2021/12/06,El último amanecer,Eric Nolan,Autoayuda,6,15.38
2022/09/29,Secretos ocultos,Cody Shields,Ciencia,18,33.01
2025/03/14,Crónicas de un viajero,Kathy Murphy,Terror,4,17
2021/07/20,Las voces del pasado,Jason Clark,No Ficción,19,34.17
2023/02/16,El misterio del tiempo,Kevin Rice,Misterio,17,43
2022/04/26,Secretos ocultos,Angela Weiss,Ciencia,5,17.36
2021/07/26,El último amanecer,Annette Gordon DVM,Romance,20,9.88
2024/10/05,El enigma de la cueva,Laurie Wolf,Ficción,15,34.69
2023/10/06,El misterio del tiempo,William Williams,Historia,16,20.32
2022/12/17,La teoría del todo,Derek Garrison,Romance,14,37.65
2023/03/06,Bajo la luna roja,Brooke Allen,Misterio,2,47.94
2022/08/13,La teoría del todo,Cynthia Little,Ciencia,6,45.67
2025/01/09,Sombras en la ciudad,Joseph Hall,Terror,9,46.33
2021/12/27,Sombras en la ciudad,Michael Smith,Terror,19,41.39
2022/07/27,La sombra del viento,Kimberly Cline,Autoayuda,9,47.26
2023/10/07,El último amanecer,Joseph Ortiz,Ficción,18,17.21
2021/05/22,Destino incierto,Lori Chavez,Misterio,10,49.51
2023/05/27,Cien años de soledad,Cody Greer,Terror,11,33.01
2024/12/26,La sombra del viento,Allison Olson,Fantasía,5,10.69
2024/01/17,La teoría del todo,Julie Nicholson,Autoayuda,18,25.04
2021/07/11,El alquimista,Erin Gallagher,Romance,19,32.03
2021/11/19,El arte de la guerra,Jason Smith,Ciencia,6,18.97
2023/07/27,Secretos ocultos,Whitney Bennett,Misterio,2,32.73
2023/07/29,Las voces del pasado,Nancy Mercado,Autoayuda,16,29.16
2021/07/23,El arte de la guerra,Alicia Richardson,No Ficción,5,14.31
2021/05/17,Destino incierto,Laura Ramirez,Terror,17,47.25
2024/09/07,Mentes brillantes,Alexander Nash,Misterio,11,29.54
2025/03/25,Sombras en la ciudad,Tyler Roberts,Romance,5,19.85
2023/12/01,Bajo la luna roja,Jesse Chen,Fantasía,11,9.05
2022/11/08,El enigma de la cueva,Tina Davis,Historia,14,45.16
2023/09/13,Sombras en la ciudad,Austin White,Fantasía,12,34.2
2023/01/30,El enigma de la cueva,Brent Robinson,Fantasía,6,5.54
2024/02/24,El arte de la guerra,Stephanie Velez,Autoayuda,17,37.12
2024/07/05,El arte de la guerra,Teresa Shaffer,Fantasía,15,35.46
2022/06/05,Crónicas de un viajero,John Miller,Historia,17,28.97
2022/03/04,Las voces del pasado,Julie Murphy,Ciencia,20,18.42
2021/06/22,Sombras en la ciudad,Michael Patel,No Ficción,4,35.7
2023/08/20,Las voces del pasado,Lydia Bird,Terror,18,18.11
2025/03/06,Sombras en la ciudad,David Hays,Terror,5,22.71
2022/08/12,El enigma de la cueva,Mariah Williams,Historia,15,25.54
2024/02/20,La sombra del viento,John Randolph,Fantasía,17,19.74
2025/03/07,La teoría del todo,Alicia Gutierrez,No Ficción,18,20.65
2023/02/23,El misterio del tiempo,Jeremy Horn,Ficción,11,44.85
2022/05/14,Secretos ocultos,Megan Foster,Historia,19,24.88
2023/03/24,Sombras en la ciudad,Kevin Martin,Ciencia,15,32.71
2022/09/10,El arte de la guerra,Timothy Oneal,Romance,11,9.24
2024/04/08,El arte de la guerra,Richard Garcia,Autoayuda,19,26.23
2022/12/18,Sombras en la ciudad,Brandon Keller,Autoayuda,16,5.83
2024/01/27,Secretos ocultos,Diane Rodriguez,Terror,15,30.9
2023/05/22,Las voces del pasado,Denise Smith,Fantasía,17,15.86
2024/10/27,El misterio del tiempo,Mr. Brandon Rodriguez PhD,Fantasía,18,31.24
2022/01/09,Destino incierto,Judy Carter,Terror,16,33.39
2024/05/04,Mentes brillantes,Melissa Williams,Ficción,7,27.42
2023/11/29,El arte de la guerra,Christopher Miller,Misterio,4,25.62
2024/04/21,El alquimista,Brenda Levy,Romance,10,49.85
2023/01/10,El último amanecer,Martha Martinez,Misterio,1,45.41
2025/01/06,El misterio del tiempo,Curtis Burns,Terror,20,33.79
2024/05/11,Secretos ocultos,Ernest Jacobs,Ciencia,9,48.24
2022/05/27,El último amanecer,David Johnson,Fantasía,7,46.31
2022/02/16,Sombras en la ciudad,Manuel Lewis,Romance,12,18.48
2021/12/24,El misterio del tiempo,Robert Nelson,Ciencia,13,30.97
2024/09/20,El enigma de la cueva,Philip Jordan,Misterio,8,23.64
2023/08/09,La sombra del viento,Peter Lee,Ficción,10,38.29
2022/05/10,Bajo la luna roja,Elizabeth Aguirre,Historia,6,45.92
2023/06/14,Bajo la luna roja,Lisa Riley,Misterio,13,40.36
2021/10/22,Cien años de soledad,Caleb Petersen,Ciencia,6,47.22
2023/04/08,La teoría del todo,Melissa Ortega,Ficción,15,48.56
2024/06/19,Secretos ocultos,Jason Gray,Misterio,12,6.19
2024/11/06,Sombras en la ciudad,Mariah Robinson,Ciencia,3,13.65
2022/04/17,Crónicas de un viajero,Gregory Green,No Ficción,19,22.64
2023/10/04,El misterio del tiempo,Christopher Campbell,No Ficción,1,45.71
2024/05/16,El enigma de la cueva,Christine Lambert,Terror,17,21.14
2023/06/09,Secretos ocultos,Richard Richmond,Romance,20,17.21
2022/03/07,El misterio del tiempo,Phillip Maldonado,Historia,20,22.75
2021/12/07,Cien años de soledad,Diana Anderson,Fantasía,5,33.84
2021/12/02,La teoría del todo,Jacqueline Leonard,Romance,12,28.29
2024/04/19,El arte de la guerra,Robert White,Fantasía,12,8.8
2022/05/20,La teoría del todo,Emily Flores,Terror,4,24.8
2024/03/29,Mentes brillantes,Ashley Davis,Ciencia,7,16.42
2023/05/08,Bajo la luna roja,John Cruz,Misterio,8,28.97
2022/01/29,Cien años de soledad,Marcia Brown,Ciencia,16,36.91
2022/04/29,Las voces del pasado,Shelly Solis,Misterio,14,20.37
2022/05/09,El alquimista,Mary Jones,Autoayuda,7,47.77
2021/08/22,La sombra del viento,Joan Martin,Autoayuda,3,30.2
2021/07/11,El misterio del tiempo,Tamara White,Misterio,19,15.44
2024/11/29,Bajo la luna roja,Edward Fisher,Ficción,13,5.98
2024/12/25,Crónicas de un viajero,Heather Black,Misterio,14,45.02
2025/03/15,Cien años de soledad,Stacey Harris,No Ficción,2,34.8
2023/03/24,Cien años de soledad,Michelle Lynch,Ciencia,15,39.7
2022/04/07,Las voces del pasado,David Armstrong,No Ficción,1,10.14
2025/02/18,Crónicas de un viajero,Colleen Kennedy,Misterio,7,26.8
2023/05/05,Bajo la luna roja,Julia Fuller,Misterio,14,25.68
2023/06/09,Secretos ocultos,Mr. Richard Hammond,Fantasía,4,38.83
2022/09/04,Destino incierto,Stephen Nelson,Fantasía,19,23.84
2021/12/16,Las voces del pasado,Theresa Wallace,Misterio,18,22.74
2022/04/01,La sombra del viento,Jamie Bowman,Ciencia,15,35.25
2024/11/17,Secretos ocultos,Denise Morgan,Ciencia,1,33.61
2022/01/27,Bajo la luna roja,Melody Rodriguez,Terror,3,22.31
2023/02/18,El misterio del tiempo,Samantha Richard,Autoayuda,10,33.9
2024/02/01,El arte de la guerra,Michael Ruiz,Autoayuda,17,28.02
2023/10/29,Destino incierto,Stephanie Li,Autoayuda,4,25.08
2022/12/08,La teoría del todo,Emily Wise,Historia,6,25.24
2024/10/27,Cien años de soledad,Jacob Williams,Fantasía,8,10.92
2023/05/05,Sombras en la ciudad,Erika Jennings,Terror,17,18.08
2023/10/07,Bajo la luna roja,Nicholas Wells,Romance,9,33.36
2021/04/11,Bajo la luna roja,Julie Allen,Romance,16,14.34
2024/05/20,La teoría del todo,Susan Walker,Fantasía,7,41.79
2021/08/26,Crónicas de un viajero,Anthony Bonilla,Terror,7,6.91
2023/03/23,Bajo la luna roja,Brian Shelton,Misterio,16,32.37
2023/09/19,Cien años de soledad,Sherry Bryant,Historia,8,21.87
2022/04/03,Mentes brillantes,Anita Grant,Romance,17,29.76
2023/11/13,Destino incierto,Joseph Hobbs,Misterio,3,40.34
2022/05/10,Destino incierto,Rodney Ramirez,No Ficción,17,31.17
2025/01/22,Las voces del pasado,Christopher Jackson,Terror,8,27.29
2021/09/12,Sombras en la ciudad,Joshua Nguyen,Misterio,12,18.32
2023/03/21,El enigma de la cueva,Karen Weber,Misterio,20,38.13
2021/06/08,Sombras en la ciudad,Tamara Smith,Ciencia,3,31.19
2023/02/07,Destino incierto,Alexis Woodard,Misterio,5,29.97
2025/03/25,Secretos ocultos,Paul Barber,Ficción,11,13.29
2024/03/20,El misterio del tiempo,Deborah Smith,Terror,4,20.6
2024/02/10,La teoría del todo,George Villarreal,No Ficción,19,46.26
2024/06/15,El alquimista,Brian Robinson,Ficción,6,16.18
2023/03/20,Las voces del pasado,Debra Brady,Ficción,16,35.87
2022/09/08,El alquimista,Patricia Koch,No Ficción,13,8.06
2021/10/03,El enigma de la cueva,Joshua Freeman,Romance,12,10.66
2023/06/21,El enigma de la cueva,Christopher Morris,Romance,15,26.17
2021/10/17,El último amanecer,Stephen Meyers,Romance,16,25.52
2022/05/24,Mentes brillantes,Chelsea Johnston,Historia,15,25.88
2021/08/21,Crónicas de un viajero,Christina Perry,Autoayuda,13,32.27
2021/11/04,Secretos ocultos,Jerome Thomas,Terror,2,36
2023/12/24,El enigma de la cueva,Shelley Thompson,Terror,13,13
2021/12/07,Sombras en la ciudad,James King,Ficción,4,45.07
2023/12/10,Las voces del pasado,Sonya Roy,Misterio,2,12.83
2022/12/26,Secretos ocultos,Ronald Jackson,No Ficción,9,20.77
2023/12/27,Destino incierto,Darin Taylor,Autoayuda,12,30.83
2022/03/14,Crónicas de un viajero,Richard Stevens,Terror,3,17.02
2023/04/29,Mentes brillantes,Deanna Holland,Misterio,2,5.32
2023/10/24,El alquimista,Hannah Carter,Misterio,13,36.76
2024/08/09,Cien años de soledad,Robin Shea,No Ficción,17,26.6
2022/12/10,El arte de la guerra,Aaron Hamilton,Autoayuda,12,27.29
2023/07/13,El arte de la guerra,Jason Jefferson,Historia,5,16.89
2023/02/11,El arte de la guerra,David Perez,Historia,16,43.67
2021/06/24,El último amanecer,Jason Rice,Historia,11,15.95
2024/09/26,El último amanecer,Bradley Garcia,No Ficción,9,48.62
2024/02/19,El alquimista,Crystal Noble,No Ficción,2,41.4
2023/10/19,Las voces del pasado,Crystal Ramos,Terror,7,9.42
2024/07/09,Mentes brillantes,Christina Savage,Ficción,14,41.74
2024/04/03,Destino incierto,Amy Palmer,Romance,19,30.03
2023/02/17,El último amanecer,Kenneth Stephenson,Romance,16,39.38
2023/08/14,Mentes brillantes,Chris Rice,Misterio,6,14.24
2021/10/03,El alquimista,Michele Herring,Ficción,13,21.18
2021/08/30,La sombra del viento,Keith Ross,Misterio,9,46.88
2022/07/13,La teoría del todo,Allison Davis,Terror,5,45.29
2024/07/06,Las voces del pasado,Justin Cook,Misterio,5,18.87
2022/11/10,El arte de la guerra,Jessica Adams,No Ficción,19,13.87
2022/07/29,El misterio del tiempo,Valerie Long,Autoayuda,9,30.44
2022/08/17,La sombra del viento,Angela Price,Autoayuda,7,46.03
2023/11/20,Secretos ocultos,Susan Taylor,Fantasía,9,26.72
2022/01/10,Secretos ocultos,Janet Oconnor,No Ficción,15,19.17
2022/04/15,El último amanecer,April Peters,Ciencia,7,27.18
2022/10/26,Bajo la luna roja,Adam Moran,Fantasía,6,13.75
2024/08/31,Cien años de soledad,Crystal Newton,No Ficción,5,13.55
2024/12/15,El último amanecer,Joe Fuentes,Ficción,14,31.88
2023/05/14,Destino incierto,Emily Macias,No Ficción,10,40.98
2021/09/30,El misterio del tiempo,Robert Thomas,Misterio,1,23.36
2022/10/08,Secretos ocultos,David Hull,Autoayuda,3,33.86
2021/06/08,Sombras en la ciudad,George Graham,Autoayuda,12,46.03
2022/02/27,Crónicas de un viajero,Nicole Rodriguez,Terror,6,40.36
2022/12/20,Cien años de soledad,Jason West,Fantasía,8,44.63
2023/06/06,El último amanecer,Cheryl Koch,Historia,5,6.23
2024/04/05,Las voces del pasado,Mr. William Miranda,Fantasía,1,20.7
2023/06/03,Destino incierto,John Peterson,Misterio,16,17.71
2021/12/12,Destino incierto,Donna Johnson,Terror,19,24.21
2021/06/07,Cien años de soledad,Lisa Mcdonald,Fantasía,7,8.66
2024/08/20,La teoría del todo,Jennifer Wilson,Autoayuda,16,31.14
2021/05/22,La teoría del todo,Dennis Russell,Misterio,5,18.95
2024/03/22,El último amanecer,Derek Russell,Ciencia,14,47.31
2022/04/28,Cien años de soledad,Justin Weber,Ciencia,20,31.72
2021/04/12,Cien años de soledad,Mitchell Thompson,Ficción,16,46.76
2023/06/23,La sombra del viento,Jason Shelton,Historia,18,19.28
2022/07/19,Cien años de soledad,Juan Reed,Romance,2,47.98
2022/03/18,Mentes brillantes,Brooke Thompson,Ficción,18,10.8
2021/09/02,Mentes brillantes,Jillian Schmidt,Historia,5,33.15
2022/10/17,Cien años de soledad,James Aguirre,Autoayuda,20,7.89
2022/08/31,Cien años de soledad,William Lopez,Fantasía,8,37.46
2023/02/20,El arte de la guerra,Donald Decker,Ficción,17,45.89
2022/08/23,Las voces del pasado,Megan Bradley,Ciencia,19,11.07
2024/05/29,Destino incierto,Gabriel Fleming,Historia,10,35.47
2023/04/12,El arte de la guerra,Hector Sellers,No Ficción,15,43.49
2023/11/07,Destino incierto,William Davis,Ficción,8,35.83
2022/11/08,Cien años de soledad,Mark Gonzalez,Terror,11,39.98
2024/11/10,El misterio del tiempo,Brandon Maldonado,Historia,11,44.14
2025/03/23,Las voces del pasado,Nicole Rodriguez,Ciencia,6,47.99
2021/08/22,El alquimista,Sierra Jones,Terror,4,49.71
2022/11/18,La teoría del todo,James Carter,Romance,18,8.47
2022/11/16,Sombras en la ciudad,Kristopher Jones,Autoayuda,7,21.63
2024/03/08,Las voces del pasado,Caitlin Jennings,Romance,12,46.72
2024/03/02,Las voces del pasado,Madison Clark,Autoayuda,14,42.9
2021/11/05,Destino incierto,William Adams,Ficción,11,9.83
2022/08/19,Destino incierto,Nicholas Braun,Romance,3,43.33
2024/07/12,Secretos ocultos,Kimberly Martin DDS,Terror,16,30.58
2023/05/23,Destino incierto,Rebecca Rowe,Historia,1,5.01
2023/08/30,Sombras en la ciudad,Jessica Lopez,Misterio,12,13.28
2021/05/19,El arte de la guerra,Mr. Jeremiah Wiggins,Ciencia,14,40.39
2025/01/20,La sombra del viento,Ashley Lopez,Ciencia,3,48.37
2025/03/09,El último amanecer,Kathy Johnson,Fantasía,3,27.09
2023/06/27,Sombras en la ciudad,Wesley Price,Romance,14,11.46
2023/04/11,La sombra del viento,Barbara Snyder,Historia,10,41.18
2022/03/13,Sombras en la ciudad,Anthony Cannon,No Ficción,11,39.16
2024/07/13,La sombra del viento,Eric Davenport,Ciencia,14,41.2
2022/05/18,El alquimista,John Thomas,Ficción,5,36.32
2024/06/01,Mentes brillantes,Gregory Ryan,No Ficción,19,21.32
2024/07/04,Destino incierto,Samuel Yates,Fantasía,9,12.54
2025/02/26,Secretos ocultos,John Oconnell,Terror,10,25.73
2021/11/10,La sombra del viento,Casey Ballard,Terror,10,24.58
2022/11/11,Mentes brillantes,Jonathan Lawson,Ciencia,8,13.61
2022/12/05,Cien años de soledad,Daniel Williams,Terror,14,30.16
2022/02/13,Secretos ocultos,Ashlee Campos DDS,Autoayuda,5,49.76
2021/06/25,El arte de la guerra,Anne Pratt,Misterio,17,8.25
2023/10/14,Secretos ocultos,Timothy Green,Fantasía,18,36.23
2023/04/04,Destino incierto,Matthew Hale,Autoayuda,15,44.42
2023/07/20,El misterio del tiempo,William Kelley,Terror,13,37
2022/01/24,Crónicas de un viajero,Tami Roman,Fantasía,9,23.48
2022/11/19,El enigma de la cueva,Zachary Mitchell,Autoayuda,4,43.25
2023/08/10,Las voces del pasado,Melissa Mills,Ciencia,4,24.27
2024/12/10,Destino incierto,Kenneth Benjamin,Ficción,8,29.26
2021/07/15,El misterio del tiempo,Derek Gonzalez,Fantasía,6,31.57
2022/12/26,Las voces del pasado,John Mcdaniel,Misterio,4,35.5
2022/02/26,El último amanecer,Erin Nielsen,Fantasía,15,38.66
2023/11/27,La teoría del todo,Gabriel Torres,Ciencia,13,31.64
2021/09/29,Crónicas de un viajero,Alison Perez,Romance,4,33.7
2024/12/29,El misterio del tiempo,Jerry Kramer,Romance,4,26.86
2022/10/09,La teoría del todo,Shane Moore,Autoayuda,17,18.9
2023/01/14,El arte de la guerra,Jessica Jones,Ficción,13,26.8
2024/10/04,Las voces del pasado,Lawrence Li,Ciencia,5,24.64
2021/09/26,El enigma de la cueva,David Johnson,Fantasía,7,27.56
2021/07/10,El misterio del tiempo,Samuel Wright,Misterio,2,19.12
2021/05/25,El misterio del tiempo,Sarah Edwards,Misterio,1,49.27
2022/08/21,Secretos ocultos,Carl Small,Terror,13,9.9
2021/10/12,Crónicas de un viajero,Jason Hernandez,Ficción,16,30.45
2025/03/07,El alquimista,Cody Shepherd,Ciencia,11,14.02
2022/08/14,El arte de la guerra,Amy Golden PhD,No Ficción,5,44.15
2023/03/26,El último amanecer,Michael Berry,Ficción,19,43.47
2022/04/06,Secretos ocultos,Lori Lewis,Terror,9,5.54
2021/08/03,El alquimista,Melanie Bishop,Misterio,9,32.06
2021/03/31,Bajo la luna roja,Karen Calderon,Fantasía,4,46.01
2024/01/19,El enigma de la cueva,Linda Garner,Misterio,5,48.92
2024/11/09,El arte de la guerra,Frank Robinson,Ficción,11,22.63
2023/04/08,El arte de la guerra,Jonathan Stevens,No Ficción,16,43.92
2024/12/24,El arte de la guerra,Barbara Willis,Ciencia,6,35.89
2022/07/08,El misterio del tiempo,Bethany Francis,Historia,13,44.52
2023/12/14,Bajo la luna roja,Yvette Reyes,Ficción,17,49.95
2021/07/03,La teoría del todo,Katherine Williams,Historia,4,22.71
2023/02/22,Secretos ocultos,Stephen Allen,Ciencia,10,27.06
2024/07/08,Cien años de soledad,Melissa Duarte,Ficción,15,31.28
2025/01/30,Crónicas de un viajero,Ana Guzman,Historia,18,15.53
2024/10/12,Destino incierto,Paul King,Ciencia,17,30.97
2021/08/01,Bajo la luna roja,Crystal Ford,No Ficción,5,17.1
2024/11/29,Sombras en la ciudad,Derrick Yates,Historia,14,34.47
2023/10/28,La sombra del viento,Valerie Robinson,No Ficción,20,7.37
2024/07/03,Mentes brillantes,Abigail Burton,Ciencia,13,15.13
2021/07/21,Las voces del pasado,Ashley Miller MD,Romance,15,40.54
2021/05/14,El arte de la guerra,Ashley Turner,Fantasía,12,34.63
2022/12/17,El alquimista,Richard Alexander MD,Fantasía,9,31.87
2023/04/14,Sombras en la ciudad,Jennifer Case,Ciencia,10,27.99
2024/08/14,El alquimista,Ryan Brown,Misterio,1,17.91
2024/02/23,Bajo la luna roja,Beth Mills,Historia,3,15.92
2022/11/08,Crónicas de un viajero,Nichole Koch,Autoayuda,8,7.33
2022/06/24,Secretos ocultos,Margaret Hatfield,Ciencia,20,44.7
2022/07/13,Mentes brillantes,Emily Sampson,Ficción,11,15.88
2025/02/25,Mentes brillantes,Mindy Morgan,Ficción,12,9.65
2024/02/27,Sombras en la ciudad,Yolanda Hicks,Ciencia,1,6.45
2021/08/06,Secretos ocultos,Danny Harrison,Terror,11,46.72
2023/12/13,El último amanecer,Christopher Wong,Historia,11,42.27
2024/06/13,La teoría del todo,Michele Owen,Romance,15,19.16
2021/09/13,Sombras en la ciudad,Yolanda Payne,No Ficción,4,13.92
2024/04/18,El misterio del tiempo,Scott Young,Ficción,12,6.46
2024/04/05,Las voces del pasado,Lauren Hernandez,Historia,2,16.93
2023/11/30,El enigma de la cueva,Christian Nguyen,Ficción,10,30.26
2023/09/16,El misterio del tiempo,Brad Garcia,Misterio,2,40.54
2021/12/06,Crónicas de un viajero,Tracy Rodriguez,Ciencia,6,25.67
2024/05/25,Destino incierto,Jennifer Matthews,Ficción,1,36.82
2023/07/28,El último amanecer,Sarah Roach,Fantasía,5,47.32
2021/07/27,Bajo la luna roja,Carla Weeks,Historia,20,48.32
2023/06/26,Sombras en la ciudad,Anita Ferguson,Romance,2,49.36
2024/10/22,Cien años de soledad,Tara Brown,Terror,4,31.71
2021/05/07,Bajo la luna roja,Shannon Burke,Misterio,8,23.73
2023/02/06,Secretos ocultos,Maria Marshall,Autoayuda,13,48.34
2021/06/15,El alquimista,Stephanie Anderson,Terror,1,38.64
2021/07/25,Crónicas de un viajero,Brian Rogers,Fantasía,19,7.75
2023/06/12,Secretos ocultos,John Hunter,Misterio,5,41.72
2024/06/22,La sombra del viento,Mark Miller,Fantasía,1,17.82
2023/06/13,La sombra del viento,Alicia Campbell,Misterio,14,12.17
2023/03/24,El arte de la guerra,Christopher Trevino,Terror,20,26.17
2023/12/30,El último amanecer,Christine Williams,Fantasía,11,16.42
2022/08/02,Sombras en la ciudad,Jesse Brown,Autoayuda,6,23.18
2022/03/25,Cien años de soledad,Ashley Norton,Ciencia,20,5.18
2023/03/23,Las voces del pasado,Dana Cox,Autoayuda,4,24.53
2022/02/02,Crónicas de un viajero,Ricky Lang,Autoayuda,14,43.15
2022/09/27,Las voces del pasado,Jonathan Cole,Fantasía,15,13.39
2023/06/03,La teoría del todo,Taylor Taylor,Misterio,17,35.18
2024/04/11,El alquimista,Phyllis Lam,Autoayuda,16,43.81
2024/02/14,La teoría del todo,Rebecca Johnston,No Ficción,11,21.87
2023/06/04,El alquimista,Kristin Nichols,Autoayuda,3,30.2
2022/01/13,Crónicas de un viajero,Colleen Lee,Ficción,5,26.75
2022/10/09,Mentes brillantes,Christopher Martin,Misterio,11,10.62
2022/04/16,Cien años de soledad,Richard Mitchell,Autoayuda,1,31.5
2024/01/26,Las voces del pasado,Jessica Hurley,Historia,6,17.89
2022/08/23,El enigma de la cueva,Derrick Phillips,No Ficción,9,23.63
2022/10/30,La teoría del todo,Zachary Alexander,Ciencia,1,12.39
2024/02/15,La teoría del todo,Holly Wagner,No Ficción,15,13.11
2023/12/15,La sombra del viento,Tara Green,Ficción,7,37.77
2024/02/07,El enigma de la cueva,Brooke Hernandez,Terror,7,48.61
2025/01/15,El arte de la guerra,Teresa Williams,Fantasía,8,27.98
2021/12/26,El alquimista,Beth Marshall,Ficción,4,19.64
2023/12/19,Secretos ocultos,Andrea Cruz,No Ficción,15,30.36
2023/03/28,Bajo la luna roja,Alexandra Hale,Romance,10,21.42
2023/05/24,El último amanecer,Alexander Lowe,Terror,13,37.59
2023/02/28,Sombras en la ciudad,Morgan Byrd,Romance,5,20.11
2024/06/26,La sombra del viento,Peter Cole,Ciencia,9,42.41
2022/09/16,Cien años de soledad,Lisa Walsh,No Ficción,13,39.65
2023/09/04,Bajo la luna roja,Adam Briggs,Romance,10,39.23
2021/07/20,El misterio del tiempo,Jasmin Perry MD,Romance,20,11.31
2022/02/09,Cien años de soledad,Ernest Henderson PhD,Historia,9,8.99
2022/01/13,Sombras en la ciudad,Diana Morris,Ficción,2,48.78
2022/10/24,Destino incierto,Miguel Bradley,Terror,4,6.11
2024/02/14,El arte de la guerra,Laurie Martin,Fantasía,1,30.83
2024/09/09,La teoría del todo,Jenna Suarez,Romance,9,36.01
2025/02/15,Sombras en la ciudad,Jordan Stevenson,Romance,17,33.52
2022/08/09,Bajo la luna roja,Joseph Rojas,Ciencia,12,46.58
2024/11/22,El arte de la guerra,Joann Baird,Romance,5,10.67
2023/05/16,El último amanecer,Matthew Evans,Historia,5,35.02
2021/10/27,Cien años de soledad,Lisa Mcdaniel,Historia,17,49.93
2024/10/01,El alquimista,Edward Miller,Historia,14,41.59
2022/08/11,El misterio del tiempo,Matthew Peters,Terror,3,49.95
2023/12/14,La teoría del todo,Jessica Wallace,Ciencia,16,33.56
2021/09/30,Bajo la luna roja,David Carpenter,Misterio,17,33.03
2022/01/06,Crónicas de un viajero,Nancy Gentry,Ficción,14,19.55
2024/02/24,La sombra del viento,Kristie Smith,Historia,9,42.14
2024/12/22,El misterio del tiempo,Chad Burns,Fantasía,1,32.05
2022/10/26,Secretos ocultos,Alison Porter,Terror,14,22.92
2022/01/05,La sombra del viento,Gary Fleming,Romance,6,10.03
2023/04/25,Secretos ocultos,Leslie Murray,Misterio,3,17.48
2023/06/28,Cien años de soledad,Kelly Sandoval,Ciencia,5,43.74
2023/02/18,Secretos ocultos,Sarah Cooper,Autoayuda,13,13.16
2021/12/25,El enigma de la cueva,Monica Vargas,Autoayuda,7,25.17
2022/12/09,El arte de la guerra,Michael Jones,No Ficción,13,25.25
2021/11/12,Secretos ocultos,Brittany Mills,Ciencia,20,16.2
2022/08/12,Bajo la luna roja,Caleb Smith,Terror,17,12.1
2021/07/21,El enigma de la cueva,Kayla Watts,No Ficción,18,34.08
2022/03/30,El arte de la guerra,David Boyer,Autoayuda,2,19.61
2021/07/18,El alquimista,Jeremiah Roberts,Misterio,14,29.29
2024/02/20,La sombra del viento,Victor Vargas,No Ficción,13,13.48
2025/03/13,El arte de la guerra,Eric Chapman,Misterio,2,45.51
2022/12/16,Crónicas de un viajero,Sierra Alexander,Fantasía,11,39.7
2023/10/14,Mentes brillantes,Mr. Justin Murray,No Ficción,11,26.21
2024/03/19,Secretos ocultos,Megan Jennings,Ficción,16,42.71
2024/04/11,Secretos ocultos,Ashley Lee,Historia,20,49.51
2025/03/19,Mentes brillantes,Sheila Robinson,Misterio,13,37.83
2023/07/11,La teoría del todo,Lindsey Bell,Ciencia,5,33.92
2022/04/19,El alquimista,Mark Finley,Fantasía,14,34.28
2021/10/29,El enigma de la cueva,James David,Ciencia,3,29.37
2021/07/13,Destino incierto,Patricia Espinoza,Romance,11,11.97
2024/08/07,Las voces del pasado,Brandon Fuller,Autoayuda,17,26.93
2021/05/10,La sombra del viento,Thomas Carroll,Ficción,5,44.1
2022/03/06,Crónicas de un viajero,Madeline Richardson,Ciencia,3,24.61
2024/04/20,Bajo la luna roja,Jacqueline Walker,Ciencia,19,45.28
2024/03/27,Mentes brillantes,Holly Ford,Ciencia,8,25.35
2025/03/14,El alquimista,Bridget Green,Historia,9,12.95
2024/07/17,Las voces del pasado,Timothy Hansen DVM,Ficción,10,22.08
2023/11/17,Bajo la luna roja,Isaac Stephens,Romance,2,27.63
2024/08/02,Sombras en la ciudad,David Bowen,Ficción,8,5.66
2025/03/29,Cien años de soledad,Tammy Holt,Ficción,9,11.27
2021/12/20,Sombras en la ciudad,Diamond Carter,Misterio,8,11.58
2022/03/18,El último amanecer,Mr. Douglas Lawrence,Misterio,8,36.48
2021/05/07,Destino incierto,Sarah Clark,Ficción,4,39.45
2024/04/09,Las voces del pasado,Kathleen Walsh,Fantasía,7,38.37
2021/09/30,La sombra del viento,Cameron Woods,Ficción,14,14.93
2024/03/18,El último amanecer,Andrea Wallace,Misterio,16,48.76
2023/12/04,Cien años de soledad,Jennifer Zimmerman,No Ficción,17,34.62
2021/10/14,La sombra del viento,Chris Boyle,Romance,2,36.2
2024/04/14,Crónicas de un viajero,Benjamin Clark,Ciencia,19,45.88
2021/12/21,El arte de la guerra,Gail Smith,Historia,8,5.56
2025/01/28,La teoría del todo,William Watson,Terror,18,40.19
2023/05/28,El alquimista,Olivia Reynolds,Autoayuda,20,40.52
2022/06/09,Crónicas de un viajero,David Diaz,Misterio,14,6.19
2021/05/13,Mentes brillantes,Casey Martin,Ficción,9,27.25
2024/03/08,Secretos ocultos,Mr. Colin Melendez II,Ciencia,1,10.68
2023/07/23,Destino incierto,Miss Margaret Chavez,Historia,10,21.3
2023/01/16,La teoría del todo,Marie Murphy,Fantasía,20,20.72
2024/10/27,Las voces del pasado,Scott Haynes,Historia,16,37.94
2024/08/22,El misterio del tiempo,David Tucker,Fantasía,8,34.05
2024/08/15,La teoría del todo,Shane Montgomery,Terror,10,10.67
2024/02/10,Secretos ocultos,Sherry Lewis,Romance,12,13.65
2023/12/04,La teoría del todo,Michelle Allen,Autoayuda,4,18.57
2022/06/04,El alquimista,Brandi Poole,No Ficción,6,19.76
2024/12/04,El alquimista,Marissa Powell,Ficción,4,37.32
2024/10/05,Crónicas de un viajero,Todd Escobar,Autoayuda,7,8.87
2025/01/14,El último amanecer,Garrett Johnson,Historia,10,21.56
2024/01/08,Secretos ocultos,Robert Hunt,Autoayuda,9,6.94
2023/03/01,Cien años de soledad,Kimberly Rodriguez,Misterio,1,19.87
2022/09/14,Mentes brillantes,Jacob Schwartz DDS,No Ficción,1,47.7
2022/08/10,Secretos ocultos,Anthony Sweeney,Terror,1,40.91
2025/01/20,Bajo la luna roja,Susan Johnson,Misterio,9,6.09
2023/05/05,Cien años de soledad,Charles Bowen,Misterio,19,38.38
2021/07/15,Las voces del pasado,Jennifer Peters,Autoayuda,4,14.47
2021/04/22,Las voces del pasado,Melissa Silva,Romance,9,35.5
2022/05/31,Las voces del pasado,Chelsea Johnson,Terror,5,41.17
2023/08/25,Mentes brillantes,Theresa Newton,Romance,14,19.3
2022/06/29,Destino incierto,Ebony Kane,Historia,2,20
2023/12/17,El último amanecer,Jonathan Beasley,Autoayuda,2,33.88
2022/05/10,El misterio del tiempo,Jose Moody,Historia,10,23.64
2023/04/07,El alquimista,Megan Jones,Romance,16,36.71
2021/05/19,Cien años de soledad,Jason Garcia,Romance,4,24.87
2024/06/13,La teoría del todo,Kelli Ramos,Ficción,9,23.13
2021/06/15,La sombra del viento,Martin Wilkins,No Ficción,8,26.24
2025/03/04,El alquimista,Kelly Henderson,Ciencia,10,48.48
2021/08/11,Cien años de soledad,Nicole Rollins,No Ficción,3,49.85
2023/08/10,La teoría del todo,Jennifer Haas,No Ficción,17,45.88
2022/08/30,Destino incierto,Shelly Maddox,Autoayuda,14,8.64
2023/03/16,Destino incierto,Amanda Arias,Terror,12,40.77
2021/11/20,El enigma de la cueva,James Davis,Romance,9,49.74
2023/11/21,La teoría del todo,Anthony Phillips,Autoayuda,14,31.2
2022/03/26,El alquimista,David Orr,Ciencia,11,11.93
2021/11/04,El alquimista,Tanya Escobar,Fantasía,12,6.11
2021/07/25,La sombra del viento,Christopher Hutchinson,Fantasía,10,33.58
2024/07/29,Destino incierto,Adam Baker,Autoayuda,15,7.77
2023/07/03,Sombras en la ciudad,Margaret Barrett,Autoayuda,14,19.8
2024/01/23,La sombra del viento,Jennifer Jones,No Ficción,19,40.69
2022/02/08,Sombras en la ciudad,Molly Gomez,Romance,11,23.78
2021/10/09,Las voces del pasado,Peter Kelly,Historia,2,30.23
2024/06/01,Mentes brillantes,Raymond Gonzalez,Terror,3,36.27
2024/01/23,Crónicas de un viajero,David Andrews,Misterio,1,41.81
2024/01/11,Cien años de soledad,Jamie Lopez,Misterio,20,17.49
2023/03/03,Cien años de soledad,Joshua Rogers,Fantasía,17,43.37
2023/12/21,Crónicas de un viajero,Timothy Jones,Romance,3,7.13
2021/06/15,Crónicas de un viajero,Sandra Ford,Fantasía,20,49.08
2021/07/25,El arte de la guerra,Rachel Hogan,Ciencia,8,44.3
2024/11/29,Las voces del pasado,Joseph Cox,Autoayuda,3,31.17
2021/04/09,Mentes brillantes,Brenda Harrell,No Ficción,13,35.22
2023/11/11,Destino incierto,Robert Wallace,No Ficción,17,48.16
2025/02/01,Secretos ocultos,Louis Allen,Terror,13,28.85
2022/07/07,El alquimista,Elizabeth Hays,Ciencia,11,47.09
2023/04/07,El enigma de la cueva,Pamela Hill,Autoayuda,2,14.25
2022/04/18,El misterio del tiempo,Kathleen Jimenez,Fantasía,16,33.64
2023/04/08,Las voces del pasado,John Kennedy,Terror,8,16.47
2023/10/06,La teoría del todo,Eric Bryant,Ficción,13,12.54
2024/10/12,Crónicas de un viajero,Hannah Myers,Terror,6,39.77
2023/03/20,Crónicas de un viajero,Angela Medina,Historia,8,45
2022/06/03,Destino incierto,Sarah Barrett,Fantasía,5,42.09
2022/11/12,Destino incierto,James Brown,Fantasía,11,12.48
2023/02/05,El enigma de la cueva,Jeffrey Howell,Fantasía,3,47.18
2024/07/14,El enigma de la cueva,Thomas Smith,Ciencia,20,10.01
2022/03/24,La teoría del todo,Donald Wright,Historia,8,14.08
2024/05/01,Bajo la luna roja,Jill Holloway,Historia,10,12.71
2024/01/13,Sombras en la ciudad,Melissa Stevens,Romance,6,48.91
2024/01/12,Cien años de soledad,Michael King,Ficción,2,24.43
2023/03/24,Bajo la luna roja,Colin Gonzalez,Romance,10,27.3
2022/05/27,El arte de la guerra,Eric Mathews,Autoayuda,12,39.99
2023/03/11,Bajo la luna roja,Donna Jones,Fantasía,14,24.88
2023/10/06,Destino incierto,Amy Bailey,Historia,11,33.09
2023/09/20,El arte de la guerra,Christopher Russell,Autoayuda,7,12.55
2023/08/28,Secretos ocultos,Ryan Arroyo,Terror,8,30.38
2024/01/25,Crónicas de un viajero,Roy Oneill,No Ficción,8,27.49
2021/11/21,Mentes brillantes,Brian Todd,Autoayuda,8,6.9
2023/11/27,El arte de la guerra,Jillian Flores,No Ficción,14,45.89
2024/02/03,Las voces del pasado,Holly Thomas,Ficción,9,29.13
2022/06/08,La teoría del todo,Tonya Brown,Autoayuda,19,23.88
2024/11/28,El misterio del tiempo,Jason Foley,Historia,18,6.32
2022/12/31,Bajo la luna roja,Robert Nguyen,Ciencia,16,26.52
2022/01/13,Mentes brillantes,Daniel Flowers,No Ficción,12,33.53
2024/07/04,La sombra del viento,William Adams,Historia,8,24.31
2022/07/08,Crónicas de un viajero,Charles Stevenson,No Ficción,2,32.69
2023/03/01,El arte de la guerra,Virginia Ross,Ciencia,19,19.51
2021/06/17,Cien años de soledad,John Hale,Misterio,12,29.75
2021/12/11,El arte de la guerra,Angela Thompson,Ciencia,7,15.43
2023/01/31,El último amanecer,Andrew Smith,Ficción,2,40
2025/02/12,El último amanecer,Nathaniel Austin,Romance,9,27.43
2024/09/07,Cien años de soledad,Tanner Grant,Fantasía,11,49.97
2024/06/14,La sombra del viento,Sarah Murray,No Ficción,1,25.66
2021/08/01,La sombra del viento,Troy Sims,Terror,7,27.72
2023/03/02,Destino incierto,Eric Parker,Terror,18,6.19
2023/04/04,Secretos ocultos,Tina Mcpherson,Fantasía,12,11.4
2022/02/12,Sombras en la ciudad,Nicole Young,Fantasía,3,46.82
2023/03/29,El alquimista,Wendy Fuller,Misterio,17,6.57
2024/03/11,El arte de la guerra,Erika Velez,Historia,12,8.67
2022/09/15,Destino incierto,Ryan Case,Ficción,20,47.57
2022/04/30,Secretos ocultos,Kathleen Weeks,Historia,13,34.3
2021/05/10,Destino incierto,Roy Key,Fantasía,17,47.97
2024/02/06,Destino incierto,Steven Harmon,Romance,13,44.56
2021/06/21,La sombra del viento,Margaret Hudson,Romance,9,29.44
2022/05/26,Sombras en la ciudad,Sharon Porter,Autoayuda,3,9.75
2021/12/28,Cien años de soledad,Kenneth West,Terror,20,5.15
2024/05/30,Mentes brillantes,Tiffany Crane,Ficción,2,19.08
2024/05/18,Las voces del pasado,Patrick Bennett,No Ficción,3,34.27
2024/08/14,Bajo la luna roja,Andrew Drake,Historia,15,18.59
2023/09/22,El alquimista,Kevin Fletcher,Ficción,16,38.4
2024/06/03,Secretos ocultos,Jonathan Jones,Romance,15,9.68
2022/12/24,Sombras en la ciudad,Brad Ortiz,Terror,12,26.6
2023/10/30,El misterio del tiempo,Bernard Obrien,Terror,9,49.98
2024/01/06,La sombra del viento,Jeffrey Ward,Autoayuda,5,15.76
2024/10/11,Mentes brillantes,Theodore Roberts,Romance,1,27.61
2022/10/20,La sombra del viento,Rebecca Compton,No Ficción,5,41.42
2023/08/25,Secretos ocultos,Bobby Alvarez,Misterio,6,13.59
2024/11/18,El arte de la guerra,Brandon Schultz,Terror,14,24.88
2024/02/05,Cien años de soledad,Suzanne Vega,No Ficción,9,45.56
2023/12/26,Mentes brillantes,Megan Molina,Fantasía,8,9.09
2021/12/16,El misterio del tiempo,Mary Walker,Historia,16,25.64
2022/05/23,Sombras en la ciudad,Joshua Taylor,Misterio,16,29.95
2024/01/06,Las voces del pasado,Michael Aguilar,Misterio,8,11.07
2022/12/22,El arte de la guerra,Kathleen Martinez,No Ficción,12,8.85
2022/08/14,El alquimista,Cory Webb,Misterio,5,24.33
2023/09/16,La sombra del viento,Melissa Mitchell,Terror,6,19.94
2024/02/29,Bajo la luna roja,Ryan Owen,Misterio,15,6.81
2023/07/22,Las voces del pasado,Christopher Moreno,Terror,16,14.32
2025/03/20,Mentes brillantes,Lisa Mcgee,Romance,16,31.56
2023/07/09,La sombra del viento,Brandon Jenkins,Historia,19,7.41
2021/08/24,Destino incierto,David Barnes,Ciencia,9,37.62
2024/01/15,La teoría del todo,James Meyer,Fantasía,4,25
2023/06/06,Mentes brillantes,Mary Hamilton,Misterio,17,35.97
2021/08/06,El enigma de la cueva,Alex Sheppard,Romance,19,29.28
2022/09/09,Cien años de soledad,Brendan Clay,No Ficción,20,21.94
2023/11/12,Secretos ocultos,Dana Martin,Romance,4,49.98
2023/01/07,Cien años de soledad,Kelly Vang,Historia,20,47.68
2021/05/29,Mentes brillantes,Phyllis Stephens,Autoayuda,20,7.68
2021/07/15,La teoría del todo,James Lawson,Ficción,10,5.18
2024/11/16,Mentes brillantes,Teresa Rhodes,Terror,6,18.82
2024/10/30,El último amanecer,Jeffrey Smith,Ficción,12,6.99
2023/01/08,El enigma de la cueva,Michael Kennedy,No Ficción,15,22.2
2023/05/26,Secretos ocultos,Ronald Sharp,Terror,9,31.59
2023/04/01,La sombra del viento,Teresa Hall,Ciencia,17,19.26
2023/08/03,Sombras en la ciudad,Kathryn Stokes,Romance,8,19.81
2023/06/07,Crónicas de un viajero,Alexander Mack,Ciencia,1,39.89
2023/12/16,Bajo la luna roja,Amber Mckinney,No Ficción,3,31.28
2023/11/21,La sombra del viento,Kathleen Singh,Fantasía,16,47.33
2025/01/23,Mentes brillantes,Cynthia Herrera,Autoayuda,7,25.23
2023/02/12,Bajo la luna roja,Jonathan Ford,Ciencia,20,45.63
2022/09/28,Crónicas de un viajero,Matthew Cunningham,Fantasía,3,20.17
2023/10/29,Sombras en la ciudad,Sara Nguyen,Romance,20,23.78
2022/05/14,Destino incierto,Ronald Singleton,Terror,20,15.07
2025/01/03,El último amanecer,Joseph Walsh,Autoayuda,2,14.44
2024/09/02,El misterio del tiempo,Daniel Cummings MD,Misterio,8,10.89
2023/09/25,El arte de la guerra,Katherine Gomez,Misterio,2,21.4
2021/07/24,Destino incierto,Keith Olson,Autoayuda,19,6.43
2024/07/23,Sombras en la ciudad,Michelle Wells,Ficción,4,9.01
2023/06/20,Sombras en la ciudad,Katherine Roberson,Ciencia,10,38.77
2024/01/27,La sombra del viento,Caitlin Perez,Ficción,14,28.92
2023/10/14,El alquimista,Jennifer Richardson,No Ficción,7,21.26
2022/08/11,El misterio del tiempo,John Jones,Fantasía,13,26.92
2023/06/25,La sombra del viento,Jonathon Lopez,Autoayuda,17,23.71
2022/07/03,La sombra del viento,Paul Rodriguez,Autoayuda,5,36.78
2023/10/11,El alquimista,Melanie Bowman,Misterio,16,36.65
2022/02/27,El último amanecer,Paul Alvarado,Fantasía,15,42.59
2021/08/05,La teoría del todo,Alan Hendricks,Ficción,9,42.96
2025/03/07,Crónicas de un viajero,Nicole James,Misterio,20,37.42
2023/10/12,El enigma de la cueva,Patricia Carroll,Misterio,15,27.09
2023/08/06,El último amanecer,Jordan Johnson,No Ficción,6,14.17
2023/12/23,El arte de la guerra,Kelly Martinez,Fantasía,17,43.04
2023/11/04,Las voces del pasado,Shane Livingston,Misterio,17,13.7
2021/07/21,La teoría del todo,Caroline Watts,Ficción,14,31.8
2022/11/14,La teoría del todo,Scott Newman,Autoayuda,11,20.45
2023/06/06,Secretos ocultos,Rhonda Little,Ficción,7,39.48
2022/06/25,El misterio del tiempo,Robert Martinez,Ficción,11,30.44
2021/09/13,El enigma de la cueva,April Haley,No Ficción,3,8.48
2022/08/12,Secretos ocultos,Elizabeth Hamilton,Ficción,11,33.05
2021/11/15,Las voces del pasado,Christina Morrison,Romance,2,31.18
2025/03/24,La sombra del viento,Vincent Hooper,Misterio,19,38.89
2022/07/29,La sombra del viento,Mark Russell,Historia,14,24.63
2023/09/02,La teoría del todo,Gabriela Johns,Terror,10,32.03
2021/08/01,El alquimista,Julie Martinez,Misterio,19,26.63
2022/04/09,El arte de la guerra,Joseph Short,Historia,9,21.25
2021/07/24,Las voces del pasado,Lisa Murillo,No Ficción,12,42.82
2023/01/21,Crónicas de un viajero,Rachel Martinez,Historia,12,25.27
2022/06/27,Destino incierto,Samantha Greene,Misterio,7,11.31
2024/04/23,La sombra del viento,Jamie Erickson,Romance,5,36.45
2023/03/08,El misterio del tiempo,Deborah Quinn,Misterio,1,8.22
2023/01/23,El último amanecer,Geoffrey Owens,Ficción,13,35.42
2023/10/07,Las voces del pasado,Charles Smith,Ciencia,13,39.96
2024/03/18,La teoría del todo,Joshua Wallace,Misterio,9,12.96
2024/05/22,El arte de la guerra,Christina Gardner,Historia,19,43.84
2023/02/01,El arte de la guerra,Kelly Weeks,No Ficción,4,18.02
2022/05/31,La sombra del viento,Ashley Morton,Terror,17,29.59
2022/11/05,Sombras en la ciudad,Thomas Mann,Ciencia,14,11.96
2023/03/04,Mentes brillantes,Mrs. Kelly Henson,Romance,11,38.84
2023/04/08,Cien años de soledad,John Walsh,Romance,13,7.07
2024/12/17,Destino incierto,Melissa Walker,Autoayuda,8,13.7
2025/01/14,La teoría del todo,Sara Castro,Misterio,9,12.2
2023/01/21,El arte de la guerra,Scott Warner,No Ficción,4,35.03
2023/03/19,La sombra del viento,Charles Barry,Autoayuda,14,45.01
2024/10/30,La teoría del todo,Olivia Acevedo,Romance,5,13.85
2024/04/01,Las voces del pasado,Melissa Sanchez,Misterio,12,7.56
2023/12/20,La teoría del todo,Jason Martinez,Autoayuda,16,13.52
2024/10/24,Destino incierto,Jacob Anderson,Fantasía,15,23.37
2022/08/07,Crónicas de un viajero,Scott Meyers,Ficción,16,11.96
2023/11/17,Secretos ocultos,Terrence Garcia,Romance,17,45.68
2025/02/27,El enigma de la cueva,Samuel Frederick,Autoayuda,7,31.03
2023/04/29,El misterio del tiempo,Mark Shaffer,Misterio,2,22.12
2022/12/30,La teoría del todo,Jessica Watkins,Terror,15,6.5
2024/09/13,Las voces del pasado,Brent Roberts,Historia,16,45.36
2023/08/21,Secretos ocultos,David Haney,Misterio,3,49.02
2023/09/01,Secretos ocultos,Tiffany Baker,Fantasía,7,5.15
2024/03/17,El arte de la guerra,Ronald Barrett,Ciencia,1,34.88
2021/05/23,El último amanecer,Riley Nichols,Ciencia,8,28.35
2023/09/13,El misterio del tiempo,Tara Barrett,No Ficción,11,47.36
2022/02/12,Secretos ocultos,Daniel Riley,Ciencia,2,11.05
2024/12/15,La teoría del todo,Jessica Lee DDS,Ficción,13,21.5
2024/08/10,La teoría del todo,William Craig,Terror,16,47.72
2024/09/02,El misterio del tiempo,Elizabeth Potter,Ciencia,7,24.61
2023/04/23,Crónicas de un viajero,Lisa Odonnell,Misterio,11,18.6
2023/10/15,La teoría del todo,Christopher Cooper,Historia,19,22.8
2023/09/03,El arte de la guerra,Blake Wilson,Autoayuda,11,31.27
2023/12/20,La teoría del todo,Gilbert Gonzalez,Ficción,10,30.16
2023/09/05,Mentes brillantes,Mark Zamora,No Ficción,5,34.29
2022/09/30,El alquimista,Jessica Martin,No Ficción,11,21.32
2021/04/04,Sombras en la ciudad,Justin Jones,Autoayuda,6,46.93
2022/07/19,Mentes brillantes,Kristi Hernandez,Terror,11,40.76
2024/08/14,La teoría del todo,Heidi Hess,Misterio,6,7.84
2023/07/07,El misterio del tiempo,Mark Hughes,Terror,13,20.91
2023/10/09,Cien años de soledad,Jennifer King,Misterio,5,45.07
2025/03/03,El misterio del tiempo,Jennifer Rose,Misterio,11,29.51
2023/01/10,El enigma de la cueva,Zachary Powers,No Ficción,4,15.2
2024/07/06,El misterio del tiempo,David Nelson,Historia,20,10.98
2022/07/22,Cien años de soledad,Tammy Morton,Fantasía,5,22.38
2022/12/19,Bajo la luna roja,Debbie Sellers,Terror,11,38.3
2023/07/03,Sombras en la ciudad,James Riddle,Misterio,17,33.74
2022/11/12,La teoría del todo,Courtney Hernandez,Romance,7,10.82
2024/10/31,El último amanecer,Alexis Kim,No Ficción,18,17.39
2024/04/27,Crónicas de un viajero,Victoria Mclaughlin,No Ficción,19,42.52
2023/02/06,El arte de la guerra,Jesus Miller,No Ficción,1,27.71
2025/02/21,Crónicas de un viajero,Kelsey Rodriguez,Ficción,18,41.64
2023/05/26,La sombra del viento,Amy Gamble,Historia,5,8.06
2024/09/17,Destino incierto,Brian Morgan,Misterio,18,8.71
2022/12/18,Crónicas de un viajero,Amy Kelly,Historia,16,41.38
2022/12/17,Crónicas de un viajero,Gabriel Simmons,Terror,8,26.02
2024/09/26,Las voces del pasado,Bradley Porter,Misterio,17,5.88
2024/11/21,El alquimista,James Rodriguez,Ficción,19,47.77
2021/08/05,El misterio del tiempo,Mario Lopez,Ficción,11,13.85
2024/07/19,El arte de la guerra,Amy Morales,Autoayuda,12,41.49
2022/06/30,Bajo la luna roja,Virginia Gardner,No Ficción,1,27.48
2024/06/06,El arte de la guerra,Christine Coleman,Ficción,7,41.95
2022/06/10,Destino incierto,Lori Hammond,Historia,17,25.37
2023/09/11,La sombra del viento,Raymond Baker,Romance,3,17.45
2024/01/08,Secretos ocultos,Jennifer Evans,Historia,16,21.77
2021/06/18,Mentes brillantes,Johnny Munoz,Ciencia,11,39.96
2023/08/25,El último amanecer,Donald Martinez,No Ficción,6,41.01
2021/07/09,Secretos ocultos,Eric Lara,Ciencia,3,31.77
2021/07/31,Mentes brillantes,Paul Rogers,Misterio,15,26.74
2024/04/28,Bajo la luna roja,Maria Gray,Fantasía,15,23.17
2023/07/11,Cien años de soledad,Kimberly Jacobson,Romance,11,30.67
2022/07/25,El misterio del tiempo,Mr. Adam Cook,Terror,15,49.2
2023/10/07,Las voces del pasado,Kathleen Moore,Fantasía,2,43.05
2021/07/07,Crónicas de un viajero,Breanna Ellis,Terror,8,49.2
2024/11/14,El enigma de la cueva,Christian Hunter,Historia,19,41.36
2022/06/13,Destino incierto,Morgan Wiley,Ciencia,12,31.39
2022/04/08,Cien años de soledad,Casey Nelson,Romance,1,40.85
2023/02/05,Crónicas de un viajero,Dustin Logan,Ciencia,15,13.97
2021/05/19,Sombras en la ciudad,James Harris,Terror,11,17.7
2025/03/21,Mentes brillantes,Nathan Taylor,No Ficción,12,11.47
2022/11/11,Mentes brillantes,Ryan Terry,Ciencia,13,40.57
2023/01/24,La sombra del viento,Christopher Reid,Terror,14,30.1
2023/12/07,El arte de la guerra,Jonathan Mcconnell,Fantasía,15,20.97
2025/02/21,Sombras en la ciudad,Jason Booth,Terror,8,21.92
2022/03/12,El misterio del tiempo,Dorothy Anderson,Terror,1,36.44
2024/06/14,Cien años de soledad,Steven Wall,Fantasía,12,12.37
2022/07/23,El último amanecer,Brandon Diaz,Ciencia,1,38.73
2021/12/04,Mentes brillantes,Aaron Smith,Misterio,16,29.04
2024/09/22,La sombra del viento,Courtney Garcia,Ciencia,18,12.68
2023/12/12,El arte de la guerra,Sandra Mcbride,Terror,10,45.98
2024/08/24,La sombra del viento,Thomas Stevens,No Ficción,6,47.68
2023/07/14,Mentes brillantes,Alexander Pruitt,Fantasía,19,49.67
2022/04/04,El enigma de la cueva,William Banks,Historia,17,24.16
2021/12/10,Mentes brillantes,Lindsey Davis,Fantasía,18,39.32
2024/10/24,El alquimista,Allison Kim,Ciencia,14,29.08
2023/09/21,El arte de la guerra,David Collins,Ficción,7,18.34
2022/03/22,La teoría del todo,Caitlin Mcdaniel,Misterio,18,12.96
2024/12/05,La sombra del viento,Wendy Baxter,Ficción,17,49.44
2022/03/07,Las voces del pasado,Gabriel Fitzgerald,Misterio,9,41.96
2024/02/18,El alquimista,John Lamb,Romance,4,30.36
2022/10/19,La teoría del todo,Douglas Ward,Ficción,14,5.56
2024/08/08,Bajo la luna roja,Jerry Taylor,Romance,19,13.89
2023/10/02,Cien años de soledad,Phillip Strong,Romance,1,8.78
2022/08/06,La teoría del todo,Stephanie Koch,Misterio,12,43.61
2022/01/29,El arte de la guerra,Michele Bird,Historia,6,16.03
2024/10/11,Destino incierto,Melissa White,Fantasía,12,20.31
2024/06/04,La sombra del viento,Janet Davis,Misterio,2,49.39
2024/03/21,El enigma de la cueva,Tracy Cook,Autoayuda,6,25.51
2022/05/27,El alquimista,Sarah Long,No Ficción,15,12.42
2022/04/26,El misterio del tiempo,Lauren Lewis,Misterio,4,5.31
2024/03/24,El misterio del tiempo,James Ortiz,Ficción,14,23.46
2023/10/27,Sombras en la ciudad,Nancy Gilbert,Misterio,16,22.25
2024/09/21,Bajo la luna roja,Danielle George,Ficción,1,28.73
2023/04/26,El enigma de la cueva,Michael Manning,Ciencia,10,12.08
2024/04/04,Sombras en la ciudad,Michelle Jones MD,Romance,16,23.27
2022/08/01,El enigma de la cueva,Samuel Bird,Romance,17,5.27
2023/04/02,Secretos ocultos,Kevin Barnes,Historia,12,33.7
2024/03/23,El enigma de la cueva,Nancy Everett,Misterio,18,6.82
2024/01/27,Bajo la luna roja,Michael Anderson,No Ficción,8,8.2
2024/12/10,Crónicas de un viajero,Brian Wilson,Terror,19,24.76
2022/06/02,Sombras en la ciudad,Tiffany Bond,Ficción,6,24.05
2023/04/14,Las voces del pasado,Sandra Kelly,Terror,13,14.98
2023/04/12,La sombra del viento,Jessica Johnson,Terror,8,25.54
2021/10/18,La teoría del todo,Sherri Bishop,Historia,9,11.91
2021/06/21,El misterio del tiempo,Sharon Owen,Autoayuda,5,7.39
2022/09/22,Cien años de soledad,Elizabeth Moore,Misterio,17,10.27
2023/06/24,Sombras en la ciudad,Lisa Nelson,Terror,8,35.07
2023/07/12,Destino incierto,Lee Montgomery,Ficción,8,46.13
2024/02/17,Sombras en la ciudad,Mary Blair,Ciencia,14,44.43
2022/05/27,Sombras en la ciudad,April Orozco,Terror,3,47.22
2024/11/23,El alquimista,Leslie Robbins,No Ficción,3,15.27
2024/06/28,Sombras en la ciudad,Krystal Hansen,Fantasía,5,19.17
2024/03/27,Mentes brillantes,George Baker,Historia,6,6.23
2025/03/23,Mentes brillantes,Russell Henderson,Misterio,4,47.53
2024/03/25,Sombras en la ciudad,Susan Thompson,Ciencia,12,5.65
2021/10/05,Mentes brillantes,Stephanie James,Fantasía,3,7.47
2023/11/10,El arte de la guerra,Maria Williams,Romance,3,45.78
2021/08/07,El arte de la guerra,Karen Welch,Misterio,14,20.77
2021/09/04,Bajo la luna roja,Jeffrey Henderson,Autoayuda,6,22.78
2021/10/15,La sombra del viento,William Castillo,Terror,19,34.3
2025/02/08,Crónicas de un viajero,Stephen Smith,No Ficción,13,17.56
2022/04/25,El enigma de la cueva,James Evans,Ficción,1,26.35
2024/06/03,El último amanecer,Michael Morrison,Fantasía,16,46.23
2021/08/07,Cien años de soledad,Christopher Curry,Romance,18,35.29
2023/07/30,El último amanecer,Tiffany Robles,Ciencia,17,37.93
2022/07/24,La teoría del todo,Ruben Moore,Terror,5,28.52
2022/11/23,El enigma de la cueva,Carlos Todd,Ficción,17,5.79
2022/01/08,Mentes brillantes,Jimmy Fox,Autoayuda,5,44.04
2022/09/12,Cien años de soledad,Amy Pierce,No Ficción,11,13.5
2022/02/13,Secretos ocultos,Travis Alvarado,Ciencia,13,10.43
2023/08/02,Cien años de soledad,Nicholas Weiss,Autoayuda,6,16.39
2023/07/13,El arte de la guerra,Miguel Hughes,Historia,3,47.19
2023/10/20,La sombra del viento,Jill Williams,Ficción,1,30.32
2023/02/02,Mentes brillantes,George Thomas,Terror,1,7.34
2023/01/15,El último amanecer,Stephanie Schultz,Terror,19,12.71
2024/03/26,Secretos ocultos,Briana Barnes,Autoayuda,18,17.94
2023/05/13,El arte de la guerra,John Levine,Misterio,5,31.2
2021/06/29,Las voces del pasado,Elizabeth Parker,Romance,9,30.96
2024/09/18,Las voces del pasado,Robert Ward,Autoayuda,8,44.68
2023/12/23,El último amanecer,James Stewart,Historia,20,43.58
2023/05/07,Las voces del pasado,Dennis Sanchez,Terror,16,24.72
2021/10/16,Cien años de soledad,Christopher Yang,Ficción,16,44.25
2021/08/07,El arte de la guerra,Adrian White,No Ficción,18,7.88
2021/10/31,El alquimista,Francisco Keller,Historia,18,22.33
2021/10/16,Las voces del pasado,Kevin Pierce,No Ficción,19,10.24
2024/12/15,Las voces del pasado,Veronica Stewart,No Ficción,18,16.45
2021/11/21,El último amanecer,Donna Lewis,Romance,10,8.9
2024/12/24,Bajo la luna roja,Robert Hall,Historia,12,33.4
2024/09/19,Destino incierto,Dennis Carr Jr.,Terror,14,6.97
2025/01/26,El enigma de la cueva,Matthew Burke,Romance,7,48.23
2024/05/30,Crónicas de un viajero,Vanessa Randolph,Autoayuda,12,27.32
2021/11/10,El alquimista,Brandon Hernandez,Terror,8,42.29
2022/09/15,El enigma de la cueva,Brittany Morales,Ficción,16,8.18
2021/05/28,Cien años de soledad,Sarah Farmer,Romance,2,26.02
2022/10/09,Secretos ocultos,Sandra Henderson,Historia,18,25.5
2022/10/16,Mentes brillantes,Robert Flores,Fantasía,20,29.58
2023/05/02,Mentes brillantes,Robert Chen,Autoayuda,6,17.89
2021/09/30,El último amanecer,Jacqueline Nunez,Ficción,12,30.6
2022/12/04,El alquimista,Tyler Howard,Ficción,15,48.38
2022/01/09,Cien años de soledad,Kari Williams,No Ficción,20,22.04
2023/05/10,El alquimista,Lauren Henry,Autoayuda,12,11.56
2022/05/04,El enigma de la cueva,Stephanie Scott,Ciencia,2,48.75
2021/08/12,El alquimista,Benjamin Williams,Terror,17,28.3
2022/10/01,Mentes brillantes,Alexis Cooper,Terror,8,30.81
2024/03/22,Sombras en la ciudad,Mrs. Ashley Adams,Ciencia,16,12.71
2022/08/19,Crónicas de un viajero,Jessica Davis,Autoayuda,2,31.33
2021/07/06,Las voces del pasado,Renee Brown,Romance,18,11.76
2022/07/28,Sombras en la ciudad,Donald Jones,Ficción,5,10.53
2021/11/01,El último amanecer,Lisa Lewis,No Ficción,9,38.98
2024/10/15,Bajo la luna roja,Jade Hammond,Autoayuda,8,47.99
2022/02/25,La sombra del viento,Rachael Gaines,No Ficción,18,21.43
2025/03/19,Bajo la luna roja,Ashley Smith,No Ficción,18,36.63
2021/08/24,Destino incierto,Cindy Campbell,No Ficción,13,12.9
2022/03/29,Crónicas de un viajero,Christopher Moore,Historia,16,45.78
2024/03/13,Mentes brillantes,Mathew Duffy,Romance,13,30.81
2022/03/29,Bajo la luna roja,Anthony Jensen,Terror,4,19.4
2024/04/16,La sombra del viento,Brittany Baker,Historia,15,17.58
2023/09/20,Secretos ocultos,Kayla Ruiz,Historia,10,11.76
2022/06/17,Las voces del pasado,Derrick Hanson,Ciencia,7,36.04
2021/07/11,Sombras en la ciudad,Brandi Hernandez,No Ficción,13,45.92
2023/04/28,El misterio del tiempo,Cody Clark,Terror,7,44.26
2024/08/08,Destino incierto,Craig Johnson,Autoayuda,3,46.24
2025/02/03,La sombra del viento,Michael Haas,Terror,4,36.94
2021/06/04,Destino incierto,James Gonzalez,Misterio,9,47.7
2021/11/20,Secretos ocultos,Carolyn Clark,Romance,18,12.55
2021/12/12,La teoría del todo,Jessica Gamble,Romance,4,46.71
2023/01/12,Bajo la luna roja,Marcus Harper,Romance,4,39.04
2023/03/28,Secretos ocultos,Sara White,No Ficción,10,34.9
2022/06/05,El arte de la guerra,Kristy Baker,Misterio,6,29.15
2024/06/10,Mentes brillantes,Kaylee Morgan,Historia,17,8.14
2025/01/20,La teoría del todo,Jessica Cooper,Historia,3,30.94
2022/02/01,Sombras en la ciudad,James Harmon,Terror,18,16.87
2024/09/29,Destino incierto,Morgan Howard,Fantasía,8,23.25
2022/03/10,Las voces del pasado,Lori Ruiz,Fantasía,18,37.59
2023/03/08,El último amanecer,Barry Yu,Terror,20,28.51
2024/06/07,La sombra del viento,Philip Salinas,Ficción,2,6.82
2022/10/28,La sombra del viento,Heather Shelton,Misterio,1,17.35
2024/03/31,La sombra del viento,Shelby Ross,Autoayuda,4,13.95
2023/06/10,La sombra del viento,Frank Guzman,Terror,2,8.16
2021/12/25,La sombra del viento,Kyle Thomas,Terror,20,40.36
2023/02/01,Crónicas de un viajero,Matthew Wong,Terror,19,28.76
2023/03/15,Las voces del pasado,Joseph Hill,Autoayuda,18,35.52
2022/08/09,Secretos ocultos,Tony Johnson,Ciencia,5,49.27
2022/03/18,Secretos ocultos,Elizabeth Aguilar,Autoayuda,16,44.28
2022/11/12,Sombras en la ciudad,Cassidy Rivera,Historia,20,18.2
2022/01/19,El último amanecer,Timothy Harper,Historia,20,6.25
2022/04/17,El último amanecer,Anthony Jones,Terror,10,49.53
2022/04/09,Las voces del pasado,Corey Macdonald,Ficción,15,13.71
2022/05/02,El alquimista,Jonathan Becker,Ficción,1,35.72
2022/03/21,Destino incierto,Ian Reed,Ficción,6,39.49
2022/05/20,Secretos ocultos,Christopher Miller,No Ficción,9,46.26
2021/07/21,La teoría del todo,Joshua Fields,Misterio,2,14.72
2024/10/30,Cien años de soledad,Matthew Wall,No Ficción,11,19.97
2022/10/15,El misterio del tiempo,Jeremy Ruiz,Terror,12,18.83
2023/01/12,Destino incierto,Virginia Walker,Ciencia,5,24.44
2021/07/31,El alquimista,Sarah Johnson,No Ficción,1,31.93
2024/02/17,Bajo la luna roja,Kimberly Gibson,Historia,5,6.86
2023/04/05,El enigma de la cueva,Jennifer Wu,Historia,19,16.37
2023/01/27,Secretos ocultos,Steve Wolfe,Historia,14,42.03
2023/05/24,Sombras en la ciudad,Christine Martin,Ficción,11,31.38
2024/10/30,La teoría del todo,Jose Sanders MD,Misterio,2,34.31
2024/08/21,El alquimista,Mitchell Heath,Ciencia,3,15.73
2022/02/01,Las voces del pasado,Gloria Gutierrez,Romance,15,17.99
2021/04/07,La teoría del todo,Jasmine Pierce,Ficción,3,7.26
2023/09/21,Las voces del pasado,Ryan Palmer,No Ficción,11,11.96
2021/11/02,El alquimista,Meghan Green,Historia,1,44.82
2024/05/23,La sombra del viento,Jonathan Smith,Terror,8,7.31
2023/03/14,El enigma de la cueva,William Wright,Ficción,19,22.69
2022/02/11,Mentes brillantes,Dawn Pruitt,No Ficción,5,10.91
2021/04/16,Destino incierto,Megan Nelson,Ciencia,10,39.52
2022/07/10,Bajo la luna roja,Brian Carter,Romance,9,41.89
2021/08/06,La teoría del todo,Riley Bennett,Romance,5,34.3
2022/07/05,La teoría del todo,Angela Henry,Misterio,8,42.99
2021/11/02,La teoría del todo,James Sellers,Fantasía,3,37.49
2021/03/30,El alquimista,Elijah Mack,Autoayuda,16,44.64
2024/02/13,Mentes brillantes,Elizabeth Long,Fantasía,20,16.86
2024/01/31,Mentes brillantes,Anne Sutton,Terror,18,20.47
2024/02/19,Sombras en la ciudad,Randall Brown,Misterio,10,41.66
2021/06/13,El misterio del tiempo,Jessica Cowan,Autoayuda,18,35.33
2021/08/25,Crónicas de un viajero,Edward Davies,Autoayuda,16,49.35
2024/01/08,El enigma de la cueva,Erik Rowland,Romance,12,29.31
2023/11/04,Secretos ocultos,Melissa Hall,Ciencia,15,24.01
2022/06/19,El alquimista,Krista Mendoza,Ficción,13,17.59
2021/06/30,Las voces del pasado,Jessica Hoover,Terror,1,20.17
2024/08/17,Crónicas de un viajero,Morgan Sanchez,Ficción,15,11.27
2025/01/26,El enigma de la cueva,William Ellis,Terror,12,28.2
2022/06/18,El misterio del tiempo,Joshua Whitney,Ficción,12,31.48
2024/05/27,La teoría del todo,Debra Rodgers,Misterio,12,37.96
2023/01/20,El alquimista,Kevin Montgomery,Ficción,14,41.81
2023/05/07,El enigma de la cueva,Ann Nguyen,Autoayuda,16,34.65
2021/07/02,Las voces del pasado,Gary Myers,Fantasía,1,20.4
2021/08/28,El último amanecer,Nicole Fleming,Misterio,11,18.71
2024/12/04,La teoría del todo,Kristin Smith,Autoayuda,10,42.3
2021/08/06,La teoría del todo,Brandon Arroyo,Terror,15,5.13
2024/01/23,El alquimista,Melissa Jones,Autoayuda,15,32.35
2023/02/27,Cien años de soledad,Ashley Johnson,Ciencia,10,30.16
2021/06/29,El alquimista,Matthew Garcia,Misterio,10,23.34
2022/12/16,Destino incierto,Nichole George,Autoayuda,11,25.18
2023/01/04,Mentes brillantes,Tammy Miller,Autoayuda,13,5.93
2022/03/31,La teoría del todo,Brent Aguilar,Terror,8,21.44
2024/06/22,Secretos ocultos,Amy Gomez,Fantasía,3,49.5
2022/04/12,Sombras en la ciudad,Cody Vasquez,Terror,20,45.97
2021/04/25,Cien años de soledad,Sarah Rogers,Ficción,10,47.57
2021/04/18,El misterio del tiempo,Shawn Horton,Romance,9,18.51
2023/02/10,La teoría del todo,Sarah House,Romance,15,15.81
2024/01/14,El arte de la guerra,Jennifer Rice,No Ficción,1,39.66
2024/01/05,La sombra del viento,Connie King,Misterio,1,49.64
2024/06/02,Destino incierto,Brittney Jordan,Ciencia,13,44.97
2024/03/24,El enigma de la cueva,Charles Sosa,Terror,7,8.77
2024/04/10,El arte de la guerra,Brianna Snyder,Fantasía,15,24.16
2023/10/11,La teoría del todo,Amber Johnson,Fantasía,7,17.41
2022/01/31,Crónicas de un viajero,Brett Hunter,Misterio,2,32.18
2021/08/27,Mentes brillantes,Robert Vang,Autoayuda,15,33.85
2021/10/02,Crónicas de un viajero,Leslie Mccoy,Historia,18,23.54
2021/06/05,Sombras en la ciudad,Robert Smith,Autoayuda,4,12.08
2024/05/08,Bajo la luna roja,James Bennett,Misterio,12,17.4
2023/04/21,El misterio del tiempo,Victoria Hernandez,Ficción,12,44.12
2023/11/29,Mentes brillantes,Katelyn Ware,Misterio,5,24.47
2024/05/03,Mentes brillantes,Angela Collins,Historia,2,6.27
2021/07/22,Cien años de soledad,Nathan Davis,Ciencia,11,32.85
2024/05/22,La sombra del viento,Denise Burton,Autoayuda,12,10.33
2023/04/18,Cien años de soledad,Robert Jones,Terror,14,35.14
2023/11/15,El alquimista,Ann Perez,Misterio,9,9.57
2021/09/13,Mentes brillantes,Chelsea Hall,Romance,19,6.75
2021/09/27,El arte de la guerra,William Lee,Romance,13,11.82
2023/09/18,Destino incierto,Daniel Wilson,Terror,17,13.75
2024/10/25,Mentes brillantes,Marc Watson,No Ficción,14,21.71
2025/02/17,Secretos ocultos,Mariah Fletcher,Misterio,8,16.93
2021/08/20,El arte de la guerra,Daniel Steele,Ficción,16,43.37
2024/09/23,El arte de la guerra,Joseph Mccarthy,Historia,2,6.53
2024/05/26,Destino incierto,April Guzman,Terror,9,37.75
2021/04/13,Mentes brillantes,Kevin Rodriguez,Romance,8,16.55
2022/11/27,El misterio del tiempo,Antonio White,Fantasía,5,42.96
2022/02/05,Bajo la luna roja,Mary Mayer,Misterio,10,21.33
2023/12/08,Cien años de soledad,Alexander Bartlett,Ficción,15,14.93
2022/02/06,El alquimista,Gina Lee,Fantasía,12,6.21
2022/01/28,La sombra del viento,David Moore,Fantasía,9,16.98
2022/05/13,El alquimista,Tyrone Romero,Autoayuda,16,9.68
2023/12/13,El enigma de la cueva,Daryl Harmon,Romance,19,21.7
2024/07/02,El último amanecer,Vicki Martinez,Terror,1,12
2025/01/27,Destino incierto,Brooke Leon,Ficción,18,45.54
2022/09/15,El alquimista,Breanna Howard,Autoayuda,11,41.1
2025/01/04,Mentes brillantes,Eric Wright,Ciencia,2,29.78
2025/02/01,La sombra del viento,James Hobbs,Autoayuda,2,6.4
2024/08/29,Secretos ocultos,Jason Lopez,Misterio,1,20.56
2022/12/02,El último amanecer,Keith Taylor,Romance,5,10.22
2024/12/03,La teoría del todo,Amy Wilson,Autoayuda,7,9.4
2022/08/03,El enigma de la cueva,Leslie Parker,Ficción,19,23.05
2023/04/08,El misterio del tiempo,Lauren Ramsey,Historia,8,15.6
