SalesOrderID;OrderDate;DueDate;ShipDate;SalesOrderNumber;AccountNumber;CustomerID;TerritoryID;Subtotal;TaxAmt;Freight;TotalDue;Comment
53295;2023-10-10 19:58:13;2023-03-23 12:18:14;2021-06-08 07:20:17;SO88303;84-8862-18518;82096;24;4382,1;393,79;587,83;4315,96;Comment 1
39950;2022-07-02 23:30:29;2021-10-24 12:57:21;2020-03-15 03:42:43;SO46795;16-3417-49054;18834;40;9120,5;435,02;327,03;9152,24;Comment 2
33336;2022-12-28 15:08:47;2021-06-01 20:32:56;2023-02-09 02:42:29;SO36205;78-5514-83427;87664;42;2596,74;89,81;21,7;16044,37;Comment 3
12486;2023-10-23 12:55:15;2021-03-30 03:19:10;2023-09-14 11:15:07;SO52215;72-3440-90827;13278;24;5052,56;418,68;874,11;8374,07;Comment 4
10507;2020-01-18 18:07:17;2023-03-13 04:13:34;2021-02-06 23:21:14;SO98441;74-3185-84739;95742;44;215,15;452,8;100,61;17831,18;Comment 5
70138;2020-05-01 19:15:43;2022-01-05 16:58:12;2023-12-08 14:53:13;SO59368;50-5389-75591;53438;7;7368,83;337,92;378,31;11693,31;Comment 6
87865;2021-05-03 14:12:19;2020-10-25 20:30:54;2023-03-01 04:36:28;SO90409;53-9319-74957;55795;25;7734,43;328,17;248,28;13854,95;Comment 7
37388;2022-03-01 08:14:16;2021-08-31 21:13:53;2023-08-08 18:03:33;SO75478;75-3751-62094;53373;21;4198,94;269,04;879,63;5213,5;Comment 8
28380;2022-02-14 12:25:51;2021-05-01 20:36:05;2020-02-21 05:50:49;SO27723;61-5244-70735;34217;42;8471,38;454,49;38,16;2252,93;Comment 9
59572;2021-07-14 20:28:48;2022-06-13 11:04:54;2023-12-23 19:40:22;SO48195;23-8779-93758;77339;29;1817,17;216,58;143,66;15713,65;Comment 10
13844;2023-11-08 08:02:56;2023-10-28 13:31:38;2023-02-11 02:36:03;SO87681;97-9859-86247;83123;47;7110,49;240,58;918,52;15921,15;Comment 11
83078;2020-01-11 09:04:44;2020-03-23 10:26:20;2023-06-13 00:23:17;SO84868;44-6968-96958;10918;50;1601,47;363,62;98,36;17421,72;Comment 12
32803;2021-08-12 05:16:24;2021-08-03 14:38:48;2022-09-18 17:34:19;SO29445;61-5244-70735;49136;47;3489,69;109,49;528,74;5243,39;Comment 13
54281;2020-09-17 07:21:46;2023-07-01 11:22:02;2023-11-23 00:40:45;SO61352;35-6579-94037;81113;28;6291,17;325,48;863,27;12074,22;Comment 14
33586;2022-03-31 23:43:03;2021-02-07 03:34:40;2020-08-27 13:59:56;SO33354;35-6579-94037;31899;16;8862,97;367,29;199,26;7160,5;Comment 15
44007;2021-10-29 22:29:37;2022-03-15 14:24:31;2023-02-05 11:52:51;SO43085;69-1886-36823;86426;13;1182,05;451,16;695,83;17409,8;Comment 16
56770;2022-09-26 06:16:15;2021-10-07 12:43:20;2023-09-20 03:46:50;SO19397;17-6178-77430;90753;29;7768,96;50,56;664,07;19281,81;Comment 17
35026;2022-08-30 15:25:24;2022-09-01 05:36:53;2023-12-22 13:17:55;SO32059;44-6968-96958;23936;32;3976,68;44,57;217,35;5135,97;Comment 18
86953;2020-08-16 19:57:58;2022-07-15 10:34:21;2022-03-25 18:34:48;SO82998;92-2389-56247;27928;18;6180,97;70,41;172,27;10228,77;Comment 19
96797;2020-04-20 04:34:16;2023-04-11 08:54:09;2022-03-12 11:42:12;SO89465;44-6968-96958;70767;25;8179,01;499,44;746,88;1783,22;Comment 20
17815;2021-05-04 01:37:19;2020-11-14 00:17:14;2023-06-03 05:43:05;SO40393;97-9859-86247;91612;15;9278,56;203,05;731,51;9049,76;Comment 21
66216;2020-09-19 00:57:25;2022-01-03 17:33:05;2020-11-19 04:57:16;SO73223;60-7449-26711;81265;28;5165,41;436,45;231,3;9231,79;Comment 22
30440;2023-08-02 16:06:33;2021-02-06 09:57:19;2023-10-12 18:45:56;SO47671;75-7092-97988;92628;22;6495,67;104,62;737,87;19168,54;Comment 23
64564;2020-12-31 16:03:12;2021-10-23 05:32:32;2022-05-29 22:24:29;SO19834;76-6173-91169;89755;2;4856,74;344,13;927,09;5854,07;Comment 24
54065;2021-11-15 02:10:31;2020-11-29 23:22:21;2020-01-27 21:33:40;SO21868;33-1973-80101;48040;42;5475,71;265,84;185,06;10678,18;Comment 25
21694;2022-02-19 15:21:25;2021-11-27 10:40:33;2022-01-20 11:23:15;SO88855;17-6178-77430;25239;31;2425,45;396,18;612,3;16928,49;Comment 26
37282;2022-08-12 11:20:24;2021-06-04 19:23:26;2021-09-20 21:44:08;SO59520;16-3417-49054;30986;12;7407,8;352,46;43,12;4706,85;Comment 27
65692;2021-07-31 22:00:53;2021-11-18 18:44:05;2020-11-20 20:32:27;SO45854;92-2389-56247;50523;17;2437,55;250,39;675,98;13774,08;Comment 28
46174;2023-07-12 18:40:15;2023-04-04 15:01:50;2021-05-31 18:37:02;SO35527;51-7602-22642;98875;15;4703,38;257,73;192,16;174,3;Comment 29
69720;2021-04-06 01:01:34;2023-01-18 04:12:32;2021-10-01 18:52:31;SO88025;40-2409-67736;40220;13;2274;391,35;963,77;11586,88;Comment 30
83550;2020-01-07 19:43:22;2022-11-06 12:07:50;2022-05-26 13:29:08;SO32476;17-6178-77430;40172;13;8161,66;80,4;400,53;14936,15;Comment 31
80694;2022-02-08 13:55:32;2021-10-08 00:49:28;2022-07-31 00:06:38;SO47335;60-7449-26711;39506;7;560,34;136,2;59,64;9632,28;Comment 32
10753;2021-06-13 21:38:35;2023-12-14 11:42:54;2021-07-03 17:49:18;SO22886;78-5267-32468;35768;9;7066,97;264,57;399,34;13377,72;Comment 33
20674;2023-04-03 07:43:12;2023-05-28 02:33:27;2020-12-25 01:33:41;SO20756;16-3417-49054;63936;6;9238,28;488,37;826,75;9753,36;Comment 34
64170;2021-06-04 07:41:05;2020-09-17 14:51:14;2023-09-26 20:58:02;SO84985;78-5514-83427;21215;17;4906,98;447,85;748,46;3755,56;Comment 35
72469;2021-12-25 22:25:31;2023-05-27 15:12:55;2022-08-04 03:19:56;SO78868;29-3530-22517;76244;40;3514,62;40,36;762,81;8186,33;Comment 36
83105;2023-01-21 20:43:46;2022-10-01 16:52:52;2022-12-04 22:48:16;SO53427;86-5535-57031;33433;1;5377,21;247,45;427,43;15895,91;Comment 37
69186;2022-12-15 12:23:54;2020-08-31 15:11:51;2022-09-24 21:58:54;SO28940;78-5514-83427;38585;37;5412,49;159,13;978,08;4958,7;Comment 38
30265;2023-08-13 10:07:39;2022-08-02 02:47:58;2021-06-01 03:47:18;SO69106;28-6393-31125;60986;30;673,08;274,64;546,21;4021,26;Comment 39
14849;2021-12-11 13:42:38;2022-03-22 00:25:25;2020-09-14 21:37:15;SO31212;63-4608-21366;50294;1;894,12;23,54;637,44;12229,17;Comment 40
36754;2021-08-16 21:45:07;2023-12-23 23:11:13;2020-11-13 01:25:18;SO79766;33-1973-80101;58209;5;7117,67;359,65;852,5;14340,28;Comment 41
91054;2021-04-15 10:37:22;2022-03-20 04:16:18;2021-02-16 09:32:09;SO82788;29-3530-22517;16309;5;6126,77;200,77;381,04;19700,83;Comment 42
23961;2023-11-30 04:09:13;2022-07-29 11:55:58;2022-08-07 15:40:18;SO73963;42-3255-58813;58879;48;5276,26;317,88;645,25;6902,06;Comment 43
86447;2020-05-14 16:54:38;2020-06-02 11:31:01;2022-01-22 23:26:13;SO69048;30-1489-79011;71061;40;5791,93;471,18;340,29;11366,17;Comment 44
10799;2022-01-23 23:53:53;2020-02-23 00:01:47;2021-09-27 22:02:10;SO47309;98-8354-24626;22265;3;592,28;433,73;617,03;17199,13;Comment 45
33182;2021-04-02 00:36:44;2020-05-25 17:16:00;2021-02-02 13:00:51;SO19483;85-4116-52037;83681;32;1737,63;56,31;696,18;8167,14;Comment 46
75357;2023-08-13 22:05:05;2020-04-08 03:42:35;2023-11-17 19:43:22;SO23318;29-3530-22517;99845;19;8156,43;339,18;988,66;1034,22;Comment 47
25899;2022-07-26 21:47:26;2021-12-14 02:57:11;2021-09-30 06:52:20;SO61501;28-6393-31125;83765;41;3785,58;56,49;437,31;19384,63;Comment 48
45394;2020-09-14 18:31:35;2021-12-11 22:22:50;2020-09-13 04:23:49;SO33250;48-2823-67639;99086;42;1550,51;155,07;514,25;9998,94;Comment 49
55780;2020-04-02 00:42:47;2020-08-31 16:38:55;2023-05-19 20:21:06;SO71959;29-3530-22517;67777;47;2001,12;42,19;550,49;13875,34;Comment 50
41194;2021-10-28 15:04:09;2022-02-07 02:15:12;2021-12-24 09:41:20;SO76762;48-2823-67639;87317;48;9884,7;156,78;371,22;783,65;Comment 51
80569;2023-01-25 22:10:17;2023-12-29 04:26:38;2021-11-20 09:31:06;SO98293;33-1973-80101;97786;27;2008,42;274,06;367,95;6700,65;Comment 52
89345;2022-04-17 06:10:06;2023-06-02 05:21:53;2022-05-17 13:28:21;SO38585;29-3530-22517;10449;9;2907,69;374,7;206,16;12088,19;Comment 53
30450;2021-08-10 11:56:30;2020-02-24 21:37:25;2023-05-12 07:31:00;SO10409;28-6393-31125;98928;24;9245,73;32,95;110,43;15121,66;Comment 54
60188;2021-01-14 06:52:45;2023-04-22 22:10:47;2020-05-01 05:37:53;SO13971;84-7460-34357;37052;2;7284,02;358;199,82;19234,17;Comment 55
46049;2021-08-06 13:01:35;2020-10-30 03:36:43;2021-05-25 23:03:59;SO19696;22-4444-25264;31690;34;404,13;322,36;5,81;12284,33;Comment 56
48358;2020-10-26 08:31:02;2023-10-18 00:18:07;2021-04-19 18:52:02;SO48279;28-4123-84663;71320;33;2027,03;343,95;500,08;7852,47;Comment 57
72972;2021-08-02 05:59:03;2023-04-11 23:06:41;2023-04-22 05:57:17;SO94209;69-1886-36823;96059;17;8028,01;179,03;250,63;12616,35;Comment 58
75467;2022-08-13 10:14:04;2022-09-17 19:08:15;2020-05-12 01:11:48;SO29833;17-6178-77430;23045;10;2225,73;233,9;581,03;16006,46;Comment 59
15417;2023-01-30 21:54:53;2020-04-06 04:55:13;2023-02-28 13:57:17;SO25637;96-7105-64379;97865;9;4522,76;226,04;807,92;11316,46;Comment 60
63216;2023-07-02 22:48:28;2022-06-23 07:33:16;2020-11-25 06:44:11;SO52845;66-4277-92738;94889;43;6396,64;417,94;384,95;13965,91;Comment 61
19028;2023-12-10 00:52:22;2020-09-23 23:23:44;2023-06-30 08:49:38;SO61173;40-2409-67736;21339;44;4631,05;464,04;326,59;19825,5;Comment 62
38041;2020-08-25 13:05:18;2022-09-08 13:51:41;2023-09-30 12:06:44;SO62913;92-2389-56247;19821;3;6122,76;159,64;516,25;19060;Comment 63
20439;2020-04-01 20:54:57;2023-09-06 04:07:04;2020-09-02 00:47:13;SO77875;83-7954-63932;32904;27;6220,26;35,32;634,14;843,73;Comment 64
61238;2021-07-05 19:11:45;2022-02-23 13:21:00;2022-04-18 23:50:32;SO54225;44-6968-96958;57286;43;361,89;317,88;946,21;8481,96;Comment 65
17328;2021-01-23 11:46:57;2022-04-29 20:46:01;2021-08-29 10:16:28;SO48699;30-1489-79011;65403;18;7089,1;171,12;484,18;7514,01;Comment 66
35962;2020-07-19 18:16:36;2020-12-16 07:43:12;2021-02-17 05:59:15;SO64192;28-6393-31125;29999;20;6127,09;345,08;485,46;12131,25;Comment 67
67560;2020-10-04 08:57:04;2021-06-08 16:24:25;2020-10-16 12:53:39;SO11589;63-4608-21366;90903;25;6374,22;128,61;524,26;1338,92;Comment 68
29860;2020-09-23 12:34:21;2022-06-18 10:27:07;2021-06-02 08:07:51;SO96182;72-3440-90827;52767;37;8576,43;441,67;567,12;13430,69;Comment 69
68813;2020-02-10 10:26:42;2022-04-11 14:36:14;2022-02-09 10:14:53;SO47566;23-8510-71623;93101;15;6701,99;217,33;709,92;4531,05;Comment 70
27953;2020-05-03 08:35:41;2022-10-21 02:32:15;2021-03-09 00:31:57;SO90658;60-7449-26711;87062;20;4681,8;244,28;838,74;2326,18;Comment 71
86709;2021-01-10 11:07:32;2022-09-24 07:12:40;2021-12-08 19:32:20;SO45921;84-7460-34357;23705;14;4130,82;273,38;470,35;10406,77;Comment 72
51088;2020-04-28 08:54:14;2020-04-15 14:40:27;2023-01-14 10:36:25;SO93672;53-9319-74957;29357;28;4170,16;281,64;230,56;10588,81;Comment 73
94770;2020-01-26 16:21:46;2020-04-24 16:37:29;2020-04-27 15:20:11;SO31733;75-3751-62094;76312;39;2119,46;401,15;550,25;12015,37;Comment 74
98421;2022-11-15 13:26:07;2022-08-15 22:32:47;2022-03-10 20:39:45;SO17536;17-6178-77430;20805;48;3782,57;323,11;727,52;18661,22;Comment 75
78396;2023-07-25 08:13:28;2021-03-07 03:58:38;2022-04-11 23:18:53;SO65382;23-8779-93758;80357;27;2629,76;244,83;553,28;13800,25;Comment 76
26128;2022-08-20 01:05:18;2022-10-10 07:37:51;2020-07-28 09:07:13;SO86473;51-7541-34141;51855;2;3014,74;15,04;879,91;4031,97;Comment 77
99940;2023-10-28 20:40:26;2020-10-04 21:22:31;2023-06-22 03:42:59;SO12159;60-7449-26711;27807;15;1567,05;138,85;790,3;15287,13;Comment 78
25288;2020-10-28 11:06:09;2022-04-29 06:49:22;2022-05-25 17:22:07;SO25534;51-7602-22642;74629;2;4418,47;96,63;412,45;13183,88;Comment 79
15978;2022-09-02 13:41:58;2022-10-09 19:23:51;2021-11-29 14:18:39;SO36612;78-5267-32468;37027;35;6748,67;451,73;399,17;6040,01;Comment 80
96040;2021-11-16 02:22:12;2020-06-03 03:55:08;2022-09-19 11:52:05;SO72666;53-9319-74957;14646;30;1864,18;378,47;336,41;9474,64;Comment 81
36498;2022-08-26 03:59:04;2023-04-02 22:18:37;2021-05-12 21:50:43;SO38998;98-8354-24626;54816;13;5072,53;281,22;374,32;7275,36;Comment 82
97444;2021-07-06 07:42:53;2023-03-20 05:39:58;2021-04-29 15:51:33;SO62546;63-4608-21366;61189;11;2360,93;473,73;12,44;9231,96;Comment 83
29731;2020-09-26 14:40:52;2021-12-03 08:14:11;2021-08-20 03:39:47;SO31220;29-3530-22517;44237;20;7489,22;441,12;589,53;5405,92;Comment 84
73146;2021-01-08 04:35:41;2020-09-22 16:23:52;2021-04-27 05:21:29;SO48004;57-9057-83653;59182;2;7194,36;193,22;250,34;17100,09;Comment 85
87937;2022-02-17 02:11:05;2020-08-18 02:55:27;2020-12-05 22:17:36;SO16973;48-2823-67639;76323;32;214;272,29;436,76;10618,62;Comment 86
92040;2020-10-13 14:01:04;2022-05-21 03:04:10;2020-08-23 22:29:00;SO37369;40-2409-67736;31347;29;2523,32;203,15;732,45;12876,45;Comment 87
96672;2023-12-12 20:16:40;2020-11-19 12:57:57;2022-04-11 18:10:23;SO65640;61-5244-70735;49778;38;2774,05;45,53;842,26;12189,04;Comment 88
47628;2020-02-12 10:31:13;2021-03-09 15:47:31;2020-07-30 18:54:26;SO33054;76-6173-91169;16396;45;7502,86;337,54;586,01;8718,78;Comment 89
17526;2022-07-23 07:25:18;2023-05-10 14:32:05;2020-03-19 04:30:51;SO16398;28-4123-84663;62762;3;2686,75;103,29;822,99;10411,54;Comment 90
57883;2020-12-29 08:08:59;2021-09-29 04:29:39;2022-08-12 16:36:11;SO89947;51-7602-22642;88025;37;2931,05;338,67;843,59;396,99;Comment 91
86933;2021-10-07 16:30:59;2022-05-31 03:22:47;2022-12-15 03:30:36;SO70848;60-7449-26711;17139;20;8384,84;313,71;449,02;6135,64;Comment 92
17220;2022-11-26 08:13:02;2023-10-12 10:18:53;2020-05-31 02:39:14;SO93853;78-5267-32468;87090;48;1663,39;46,3;570,24;6554,56;Comment 93
99496;2023-05-24 19:27:01;2020-09-17 11:12:47;2020-11-30 08:49:32;SO41761;22-4444-25264;50662;47;7709,34;409,49;220,45;18887,02;Comment 94
32935;2020-09-18 16:21:22;2021-08-26 22:26:28;2020-04-09 23:47:22;SO60913;73-8844-80299;52552;38;8590,05;152,39;355,85;16862,41;Comment 95
59056;2022-05-10 15:10:56;2020-07-03 20:07:30;2020-06-14 15:06:29;SO23972;81-3143-56523;39522;44;8671,09;14,92;71,9;4821,14;Comment 96
25847;2023-02-01 18:13:58;2021-01-17 00:38:03;2020-12-27 20:58:21;SO39022;78-5267-32468;21390;1;9601,42;424,29;359,45;11440,57;Comment 97
10470;2021-03-15 01:40:51;2022-07-15 04:00:15;2023-06-08 00:39:27;SO82611;84-8862-18518;26963;5;1844,84;376,8;752,8;1981,87;Comment 98
12579;2022-04-22 22:00:22;2021-08-01 17:51:35;2023-12-04 00:03:24;SO15844;40-5683-25279;63175;19;7924,17;221,94;539,16;8562,88;Comment 99
75793;2021-03-03 08:57:04;2020-04-11 22:00:22;2021-04-19 00:03:42;SO98093;44-6968-96958;40880;18;4043,53;225,38;885,3;10831,17;Comment 100
93774;2022-05-28 03:21:02;2022-09-14 03:45:38;2022-10-05 05:45:21;SO61007;78-5267-32468;31122;17;1102,84;451,03;797,39;5596,3;Comment 101
34190;2021-08-30 23:58:31;2023-07-01 13:28:39;2020-03-29 19:30:15;SO50234;75-7092-97988;81013;2;6364,41;224,37;227,01;6372,48;Comment 102
71894;2023-12-11 14:32:49;2021-03-04 10:21:10;2021-05-14 06:40:55;SO79607;71-9532-69420;58133;3;7202,64;359,61;593,64;11380,32;Comment 103
94846;2021-03-23 17:46:04;2022-02-08 03:46:23;2022-06-10 17:17:25;SO38260;35-6579-94037;34983;13;2870,29;239,22;633,97;4715,44;Comment 104
91124;2021-09-22 12:01:45;2023-12-01 14:09:01;2021-11-04 16:18:19;SO17839;97-9859-86247;60230;25;8714,23;152,55;225;4064,88;Comment 105
93950;2023-11-12 21:04:31;2020-12-07 21:56:55;2022-07-07 01:32:16;SO45426;57-9057-83653;10730;28;3604,56;496,75;259,63;12646,93;Comment 106
67315;2022-12-06 03:36:42;2022-03-23 20:24:27;2023-12-30 01:41:26;SO89334;72-3440-90827;23295;37;9901,23;35,58;199,44;6366,43;Comment 107
99641;2021-05-21 08:11:39;2020-04-12 23:19:36;2021-02-08 01:21:51;SO71813;76-6173-91169;36763;6;1540,67;143,23;748,34;8608,46;Comment 108
72407;2023-06-22 14:00:19;2021-01-20 06:25:12;2021-05-22 06:33:03;SO63849;74-3185-84739;23502;42;7682,31;382,15;242,91;13888,44;Comment 109
85978;2020-05-27 10:58:47;2020-08-05 11:14:26;2021-04-11 15:01:24;SO22747;29-3530-22517;18675;39;3879,37;396,98;482,17;12764,87;Comment 110
69578;2021-07-23 05:45:05;2022-04-15 15:34:09;2022-10-03 02:13:58;SO74864;96-7105-64379;21308;19;729;139,01;93,6;17005,7;Comment 111
29206;2021-09-27 00:14:27;2023-12-28 18:59:51;2021-09-05 01:49:43;SO11562;84-8862-18518;63213;10;2984,49;186,76;605,26;10148,24;Comment 112
69796;2022-05-07 23:20:18;2023-08-12 03:01:52;2023-08-14 14:40:00;SO74336;69-8859-80035;63612;50;8317,19;21,51;186,74;2591,54;Comment 113
91248;2023-10-05 09:27:29;2023-08-04 20:41:34;2020-07-28 05:48:01;SO49121;42-3255-58813;38433;25;6803,7;428,21;182,06;7155,96;Comment 114
79131;2020-09-08 20:46:23;2021-08-29 21:57:35;2021-07-29 05:50:56;SO73250;50-5389-75591;17249;15;6558,84;198,13;746,73;1456,2;Comment 115
61756;2020-12-07 02:58:59;2023-06-03 19:55:49;2020-05-01 04:17:08;SO42138;29-3530-22517;73283;30;5536,74;496,23;341,9;8922,53;Comment 116
88701;2022-01-19 20:02:46;2020-12-12 06:50:59;2021-06-15 12:25:30;SO70011;74-3185-84739;10312;39;6167,68;374,43;92,03;2415,38;Comment 117
35364;2020-06-20 01:43:13;2022-01-25 10:46:18;2023-07-23 16:39:24;SO49126;30-1489-79011;36296;11;981,1;204,26;271,06;6631,75;Comment 118
72069;2020-04-30 17:43:51;2021-11-03 00:40:04;2020-11-21 20:40:54;SO33021;92-2389-56247;12951;6;9251,77;400,95;451,79;9955,06;Comment 119
49404;2022-11-02 09:53:53;2020-11-03 11:00:06;2023-12-04 14:09:19;SO38190;78-5514-83427;89304;14;2508,86;225,6;233,18;752,93;Comment 120
84532;2022-04-02 10:55:20;2022-02-01 18:34:12;2023-07-22 08:14:45;SO91278;28-6393-31125;43408;8;3925,66;21,62;594,44;5978,28;Comment 121
42157;2022-01-10 06:13:09;2021-01-05 09:14:26;2021-10-31 15:47:46;SO80743;30-1489-79011;26761;28;8999,52;94,99;508,14;13066,86;Comment 122
28415;2023-09-28 20:32:25;2023-05-19 14:33:57;2022-03-13 11:29:12;SO11664;28-6393-31125;33428;32;4605,48;164,24;590,81;5983,42;Comment 123
69883;2022-12-27 11:55:42;2020-11-10 03:40:23;2023-08-14 22:23:13;SO72427;57-9057-83653;62597;24;5049,48;189,85;725,07;238,62;Comment 124
49225;2023-08-24 17:33:32;2023-01-11 11:54:25;2020-06-22 14:48:07;SO70483;22-4444-25264;52771;19;3077,16;93,64;339,6;13683,35;Comment 125
42525;2020-06-08 15:05:15;2021-01-07 07:17:31;2021-05-03 01:07:20;SO89230;73-8844-80299;89878;22;5910,48;330,45;377,92;12043,14;Comment 126
83652;2023-03-20 20:45:45;2020-03-25 15:59:54;2020-10-05 10:40:05;SO79562;51-7541-34141;80705;6;7073,07;356,65;699,42;6501,08;Comment 127
87476;2021-06-22 17:01:26;2022-01-28 03:57:39;2023-11-23 09:27:12;SO50720;33-1973-80101;33508;36;5474,13;37,65;727,22;4490,82;Comment 128
77780;2022-08-29 14:54:41;2023-10-27 23:54:10;2023-09-04 09:25:41;SO68821;23-8779-93758;90502;36;3787,27;18,76;168,14;2363,47;Comment 129
59968;2022-03-09 05:51:38;2021-01-06 21:40:47;2020-09-16 06:02:50;SO25179;84-7460-34357;17854;39;1647,72;121,46;639,91;18378,15;Comment 130
73312;2023-09-03 01:47:29;2021-03-20 14:06:12;2021-09-16 02:17:37;SO84737;81-3143-56523;50415;38;9687,2;492,52;542,14;11951,78;Comment 131
86413;2022-04-29 08:35:59;2020-05-05 16:45:50;2022-09-19 01:10:16;SO78908;66-4277-92738;42927;8;9050,13;63,47;143,79;1368;Comment 132
57420;2023-08-01 04:36:43;2020-05-13 11:11:26;2020-01-29 20:22:29;SO47191;49-7039-68376;61344;15;9108,36;410,56;761,51;15885,97;Comment 133
66435;2022-03-03 02:46:50;2020-01-09 21:11:06;2021-10-05 01:43:37;SO52010;72-3440-90827;53664;38;3609,09;449,25;720,53;544,46;Comment 134
63806;2022-01-31 01:44:47;2023-10-28 13:31:06;2022-08-15 02:32:32;SO24203;84-7460-34357;37119;18;7715,01;52,02;833,96;19214,76;Comment 135
33878;2022-09-16 17:18:04;2023-07-18 16:10:55;2023-02-22 23:39:41;SO75224;60-7449-26711;41445;30;458,72;470,09;744,73;4944,34;Comment 136
21597;2023-01-24 23:31:42;2020-08-21 17:42:34;2023-12-30 11:31:23;SO80065;16-3417-49054;17102;1;3909,99;388,51;546,13;15825,84;Comment 137
57043;2021-04-23 03:57:54;2021-02-20 19:15:26;2021-05-28 04:07:38;SO20674;98-8354-24626;64495;19;4510,69;293,79;833,18;18997,66;Comment 138
23709;2021-09-19 04:45:34;2020-03-18 11:34:45;2020-06-06 21:41:28;SO45421;81-3143-56523;82839;24;6934,83;176,01;698,31;11362,54;Comment 139
11042;2021-12-07 21:39:00;2021-04-16 10:06:32;2020-06-05 11:50:41;SO79002;40-2409-67736;42433;46;2228,24;33,01;826,63;5417,23;Comment 140
45976;2020-09-24 19:31:42;2023-07-13 23:29:34;2022-04-24 10:20:22;SO46340;71-9532-69420;28918;50;9883,49;49,86;33;13521,8;Comment 141
57345;2022-03-20 05:10:00;2021-01-01 05:14:24;2022-01-16 17:53:09;SO95854;60-7449-26711;16699;43;9285,12;21,6;164,91;13646,99;Comment 142
48755;2020-07-21 07:11:36;2022-06-05 10:30:13;2020-11-20 23:19:52;SO37685;60-7449-26711;62722;37;2777,57;333,42;144,86;4181,74;Comment 143
19004;2022-04-19 17:39:16;2022-01-30 12:29:36;2023-03-16 16:51:20;SO65514;78-5514-83427;22802;19;4787,12;194,05;421,18;313,55;Comment 144
80205;2023-03-04 08:22:40;2023-03-02 20:41:19;2021-10-29 18:34:03;SO32881;83-7954-63932;30084;50;1733,3;130,28;590,38;3273,93;Comment 145
46528;2023-01-10 18:42:23;2023-09-06 20:29:15;2021-08-18 06:14:23;SO70900;96-7105-64379;70669;34;8128,9;475,77;482,68;8735,96;Comment 146
68924;2022-11-11 10:17:30;2023-03-03 00:31:12;2022-02-27 04:55:22;SO71434;85-4116-52037;64990;6;2009,8;381,45;370,07;18572,86;Comment 147
46272;2021-09-29 06:44:12;2022-11-18 21:08:21;2022-11-06 09:35:55;SO90517;76-6173-91169;11182;30;1021,98;239,55;348,87;7678,43;Comment 148
95624;2020-04-20 13:23:11;2023-11-03 16:43:44;2022-08-20 19:40:33;SO81618;24-7081-87522;69166;14;5997,94;95,87;542,43;11627,28;Comment 149
54575;2021-11-14 21:22:50;2022-04-26 13:43:01;2022-11-12 08:49:57;SO71415;86-5535-57031;82070;40;3220,72;30,53;600,4;14132,31;Comment 150
55678;2021-07-23 15:10:11;2022-02-03 15:05:03;2022-07-17 04:02:23;SO22301;85-4116-52037;14374;9;7444,09;496,31;873,93;5961,5;Comment 151
49809;2023-05-31 13:21:22;2022-08-02 08:03:07;2022-02-28 17:24:22;SO16689;66-2881-24904;33500;3;7072,28;244,29;815,75;13683,68;Comment 152
80333;2022-01-09 00:37:34;2023-12-14 17:09:53;2020-09-25 23:03:09;SO86869;84-8862-18518;98466;5;2629,19;298,8;591,99;15282,24;Comment 153
83756;2021-10-12 23:12:08;2021-07-08 09:50:38;2021-09-29 08:35:23;SO38035;96-7105-64379;36943;41;1332,86;66,13;829,02;13757,96;Comment 154
22142;2022-05-30 12:02:15;2020-07-02 03:05:30;2021-12-06 14:08:36;SO38008;24-7081-87522;61229;12;6820,27;215,55;862,15;8096,27;Comment 155
33272;2022-01-27 19:17:22;2023-10-17 01:52:29;2020-01-28 16:42:04;SO55842;83-7954-63932;79820;19;5252,4;34,55;436,33;10296,41;Comment 156
33049;2021-06-12 06:17:28;2020-05-16 19:15:30;2022-03-01 18:45:41;SO64277;63-4608-21366;26256;24;6527,94;124,48;963,6;3766,45;Comment 157
82162;2021-11-16 05:28:09;2022-02-09 21:54:05;2020-09-10 12:17:10;SO42815;51-7602-22642;53710;20;9085,94;425,9;901,53;1111,58;Comment 158
78500;2023-11-23 12:31:53;2021-03-18 13:44:20;2020-07-07 11:57:49;SO10711;92-2389-56247;68160;37;3314,17;166,61;243,19;18606,01;Comment 159
19684;2021-03-16 23:01:25;2020-03-06 22:02:05;2021-12-27 08:33:15;SO56321;48-2823-67639;74730;16;6012,22;439,47;247,91;19941,06;Comment 160
45224;2021-05-13 02:39:36;2022-04-25 03:46:49;2022-09-26 23:30:13;SO23305;83-7954-63932;20314;34;3184,66;68,05;879,21;3720,07;Comment 161
59343;2023-01-05 18:21:26;2020-04-11 05:36:37;2023-03-09 02:22:33;SO90416;84-8862-18518;32339;27;1153,54;416,79;348,49;6343,41;Comment 162
17037;2020-04-11 10:41:23;2021-04-01 04:00:46;2023-05-13 15:53:34;SO16652;71-9532-69420;65259;31;7151,98;179,91;214,97;16489,96;Comment 163
70915;2022-10-10 11:46:17;2022-04-12 07:36:02;2023-09-21 19:19:04;SO72779;69-8859-80035;68310;22;2762,8;270,61;942,23;17282,16;Comment 164
60104;2021-05-25 23:51:49;2022-10-05 20:27:32;2022-11-10 20:47:56;SO16522;42-3255-58813;93824;47;430,96;193,7;101,3;10767,4;Comment 165
19839;2022-04-13 12:20:47;2023-08-19 18:21:23;2020-02-16 10:44:48;SO46982;16-3417-49054;84766;29;7938,24;283,4;117,03;18324,86;Comment 166
53727;2022-11-14 07:11:33;2021-09-10 08:23:26;2020-05-01 21:15:18;SO91330;73-8844-80299;95144;17;2943,99;244,74;550,56;15542,9;Comment 167
27130;2020-07-31 04:29:11;2020-04-05 08:33:07;2022-12-08 08:54:48;SO76268;23-8779-93758;39749;41;7574,01;317,95;443,91;8715,07;Comment 168
73578;2023-06-14 18:46:18;2020-06-12 22:02:57;2022-03-13 23:44:30;SO39094;92-2389-56247;84443;37;1794,23;469,82;932,25;13784,31;Comment 169
10335;2021-07-08 11:58:04;2022-10-27 07:14:44;2021-02-12 04:59:32;SO12818;69-1886-36823;15423;33;3357,51;331,36;66,76;18760,72;Comment 170
25788;2022-07-15 15:08:16;2022-12-27 22:52:09;2020-12-08 02:56:06;SO90458;40-5683-25279;38317;12;3014,4;414,04;326,35;1960,86;Comment 171
96924;2020-09-13 08:59:10;2022-10-22 11:23:33;2020-03-13 20:47:33;SO11606;84-8862-18518;70845;11;4035,93;145,58;938,58;16440,56;Comment 172
33222;2023-09-01 15:37:25;2023-09-19 23:14:10;2021-10-05 10:43:05;SO90876;84-7460-34357;90291;28;9667,93;227,7;141,1;16574,26;Comment 173
58389;2021-07-19 21:43:48;2022-10-06 01:44:20;2020-03-07 18:07:55;SO14593;53-9319-74957;69641;20;8744,24;259,78;649,25;3976,55;Comment 174
19472;2023-07-10 09:13:53;2020-09-30 18:17:31;2023-08-29 15:50:16;SO17876;49-7039-68376;77787;25;3452,75;218,52;480,7;2246,74;Comment 175
41816;2020-08-17 17:10:07;2021-01-19 08:32:34;2020-03-01 05:09:45;SO31294;83-7954-63932;97953;10;9021,37;76,33;947,78;1850,35;Comment 176
31607;2021-09-29 17:34:51;2021-04-16 01:15:39;2020-01-29 03:47:03;SO64415;96-7105-64379;57492;23;6891,91;176,32;382,41;3563,84;Comment 177
83649;2022-01-06 23:23:59;2022-09-27 07:44:42;2021-07-28 04:06:03;SO23674;83-7954-63932;32863;44;9473,84;320,03;264,24;3471,62;Comment 178
81664;2022-09-21 20:37:06;2023-01-04 06:04:53;2020-06-07 06:51:32;SO69948;29-3530-22517;60711;35;5206,78;265,58;207,48;19489,57;Comment 179
54146;2020-12-01 15:58:55;2023-05-28 14:16:43;2022-04-03 20:26:25;SO45250;23-8510-71623;48439;26;5978,85;498,22;513,25;7717,2;Comment 180
75751;2023-06-21 23:21:44;2023-12-30 02:06:49;2020-09-11 11:44:21;SO16389;44-6968-96958;31172;13;9469,54;498,32;716,12;7191,99;Comment 181
52015;2022-11-19 03:31:04;2023-12-08 18:20:44;2023-04-02 16:30:31;SO87967;86-5535-57031;80148;8;3808,54;230,56;392,93;6652,7;Comment 182
86934;2022-08-03 10:23:18;2020-01-06 20:06:14;2021-03-31 02:58:48;SO55166;97-9859-86247;59768;29;7096,34;29,06;5,62;5216,31;Comment 183
99237;2021-04-18 00:23:49;2022-04-30 16:16:34;2023-01-04 13:36:42;SO88346;66-2881-24904;85907;42;7284,36;450,96;941,77;4890,92;Comment 184
59932;2023-09-14 16:08:26;2023-02-28 11:18:57;2022-10-30 17:57:20;SO98469;66-2881-24904;46892;20;3864,4;443,68;466,96;5898,68;Comment 185
90185;2020-04-10 10:40:48;2023-07-05 13:42:35;2021-02-10 04:30:37;SO60280;61-5244-70735;55440;7;7220,14;260,49;59,49;17231,78;Comment 186
48111;2021-04-05 03:42:57;2020-08-15 17:17:22;2022-06-29 10:52:18;SO98152;57-9057-83653;94260;42;5568,98;471,9;606,3;19483,92;Comment 187
46887;2022-09-08 14:43:43;2021-03-18 00:34:59;2023-10-28 23:10:06;SO26984;74-3185-84739;71464;41;8879;174,49;607,61;9638,51;Comment 188
48069;2023-04-19 17:42:47;2022-10-21 03:34:40;2020-05-29 10:59:42;SO97084;83-7954-63932;91399;11;9456;242,54;53,25;3563,09;Comment 189
49693;2020-03-21 09:58:55;2020-03-05 15:37:07;2021-06-24 02:07:49;SO82214;85-4116-52037;54034;25;7998,44;97,92;575,85;2021,57;Comment 190
42771;2023-07-17 17:38:01;2022-07-28 21:41:19;2020-04-22 17:28:54;SO12108;74-3185-84739;53971;13;6316;356,93;469,51;4525,35;Comment 191
16075;2020-01-27 06:40:49;2020-09-03 07:02:40;2021-03-14 04:03:17;SO13327;40-5683-25279;77677;38;6210,19;92,8;496,52;9658,91;Comment 192
23637;2021-12-13 19:06:53;2021-01-27 03:56:50;2020-11-23 07:45:18;SO51720;29-3530-22517;26960;11;5654,79;214,81;145,45;7541,53;Comment 193
93399;2022-03-19 19:09:49;2021-01-17 06:29:00;2021-04-29 03:15:58;SO76643;69-1886-36823;56646;37;9998,64;23,58;647,17;15568,04;Comment 194
93529;2022-05-02 00:58:53;2023-12-10 00:11:31;2021-08-12 18:02:27;SO53547;74-2176-61667;83748;48;8283,51;165,37;50,1;18647,63;Comment 195
85533;2022-10-04 21:35:30;2021-06-02 01:12:01;2021-11-23 21:30:13;SO78491;84-8862-18518;63814;37;169,54;352,08;539,4;17359,19;Comment 196
62464;2023-06-06 22:58:22;2023-09-11 00:32:33;2020-02-28 01:06:55;SO80655;74-2176-61667;51593;37;720,98;249,32;638,98;17436,75;Comment 197
85954;2022-04-13 09:47:33;2020-02-04 00:37:52;2022-05-23 17:43:29;SO34215;78-5267-32468;69976;12;5940,36;77,11;980,34;19589,33;Comment 198
50267;2021-12-23 01:24:51;2021-01-24 14:53:25;2021-08-28 22:46:25;SO37228;35-6579-94037;70461;46;7317,31;205,03;423,13;9513,82;Comment 199
36841;2021-03-19 13:15:02;2022-08-28 23:46:17;2020-12-21 00:17:20;SO30490;53-9319-74957;80658;22;2938,21;488,93;704,73;251,06;Comment 200
11319;2020-07-06 16:34:55;2020-08-05 22:26:02;2021-01-16 05:41:12;SO45093;61-5244-70735;54490;22;928,87;38,06;264,3;1356,01;Comment 201
45906;2021-07-15 10:30:54;2023-12-22 17:39:27;2021-03-28 01:03:03;SO28594;23-8510-71623;68816;15;6746,98;142,26;616,33;9655,44;Comment 202
15157;2023-02-04 22:00:14;2020-07-11 00:26:40;2020-02-14 09:53:57;SO93691;96-7105-64379;95349;28;6166,63;28,46;225,15;18927,07;Comment 203
54340;2022-02-04 09:29:19;2021-10-10 02:15:10;2022-05-06 17:03:10;SO53574;42-3255-58813;28125;47;4234,43;392,69;467,07;18460,62;Comment 204
39398;2022-07-19 07:34:18;2021-09-21 00:34:44;2022-04-06 03:53:46;SO75253;85-4116-52037;99745;21;8378,31;244,88;85,07;5658,08;Comment 205
26185;2022-06-05 15:37:00;2023-11-02 21:19:13;2021-08-20 23:42:04;SO49847;84-8862-18518;95727;1;3329,42;36,29;379,96;12252,16;Comment 206
41443;2022-11-23 02:31:53;2022-10-18 21:36:40;2020-12-25 05:41:46;SO73739;75-7092-97988;36938;36;5717,83;332,81;798,56;7120,45;Comment 207
16854;2022-02-17 15:09:35;2023-06-27 10:43:57;2021-10-02 08:14:40;SO86090;49-7039-68376;64053;1;5212,27;359,41;293,84;6003,51;Comment 208
94631;2022-07-18 06:59:24;2022-03-26 08:35:49;2020-01-10 17:45:40;SO88178;92-2389-56247;54401;48;5543,4;221,85;212,88;7924,79;Comment 209
31655;2020-03-01 09:38:36;2022-01-01 01:35:05;2021-10-10 22:14:39;SO18759;66-2881-24904;14498;46;6803,45;77,53;511,09;1448,54;Comment 210
92037;2020-02-02 13:44:12;2022-01-06 17:48:10;2021-09-22 16:33:05;SO92757;83-7954-63932;70996;50;9763,69;311,39;64,51;18186,69;Comment 211
79700;2023-05-30 00:08:34;2022-03-22 23:12:57;2022-03-31 23:15:52;SO12224;78-5514-83427;89665;6;783,33;244,68;386,81;11605,17;Comment 212
84787;2022-07-19 15:17:41;2022-08-08 05:04:50;2021-11-18 11:44:39;SO18640;61-5244-70735;85821;3;9340,99;250,55;397,6;12717,58;Comment 213
54620;2020-10-07 22:25:29;2020-12-23 14:15:02;2023-01-08 18:01:27;SO80735;23-8510-71623;32227;28;6074,35;341;871,42;13438,35;Comment 214
51407;2023-07-15 07:24:05;2020-07-10 08:23:29;2022-07-13 06:52:44;SO67265;72-3440-90827;40024;30;2726,35;98,99;289,53;17383,39;Comment 215
21004;2023-10-16 01:22:13;2022-03-19 06:51:28;2021-02-25 00:10:50;SO23291;74-2176-61667;57610;48;9036,33;496,91;469,94;17143,85;Comment 216
67194;2020-09-15 04:09:40;2020-03-04 14:03:39;2022-10-23 03:48:20;SO42647;69-1886-36823;88955;3;9287,56;296,29;776,17;17756,7;Comment 217
37729;2020-11-08 18:15:40;2020-01-05 11:43:04;2020-12-16 21:14:47;SO85448;40-5683-25279;51735;24;3778,11;297,47;369,45;15183,08;Comment 218
26209;2022-03-09 11:15:40;2022-07-13 14:12:06;2021-02-14 21:28:17;SO30475;53-9319-74957;12918;27;4574,96;159,84;761,48;12563,85;Comment 219
39826;2021-08-04 08:45:02;2021-07-20 03:38:30;2023-09-29 23:16:34;SO28476;42-3255-58813;45238;7;1979,01;499,68;411,56;4036,41;Comment 220
90295;2022-04-30 02:59:59;2021-09-12 16:41:23;2020-10-28 04:03:26;SO81950;51-7602-22642;86790;48;2369,09;392,95;941,57;19502,68;Comment 221
21281;2022-11-23 13:53:41;2022-05-03 01:58:47;2022-03-01 09:34:08;SO55616;40-2409-67736;15194;27;2515,72;372,71;27,59;15493,36;Comment 222
84893;2020-09-01 10:59:56;2020-04-18 11:36:32;2020-01-05 18:56:01;SO75729;40-5683-25279;96288;8;1882,34;377,76;342,14;18769,94;Comment 223
85834;2020-03-20 05:49:11;2022-01-13 01:25:26;2023-06-19 02:44:18;SO65210;49-7039-68376;63855;45;5506,65;179,89;452,19;12907,97;Comment 224
98227;2020-06-06 21:18:08;2022-09-19 20:39:10;2021-01-13 11:26:48;SO67902;72-3440-90827;48949;11;721,43;247,8;703,67;18866,41;Comment 225
51903;2022-04-30 14:29:22;2023-06-22 20:59:29;2022-07-26 04:17:19;SO73741;23-8779-93758;61286;34;4616,16;43,29;40,27;6793,86;Comment 226
89138;2022-06-09 15:28:04;2020-07-09 06:39:04;2023-04-16 19:27:20;SO56422;40-2409-67736;96574;21;9071,56;422,95;224,61;18775,79;Comment 227
81316;2023-08-22 14:22:12;2021-05-27 21:54:47;2020-01-28 23:06:47;SO77891;29-3530-22517;31035;16;4162,03;488,8;375,05;561,28;Comment 228
43224;2023-12-06 13:31:44;2023-06-16 20:05:38;2021-01-13 21:05:29;SO15823;81-3143-56523;42370;15;9443,56;248,61;488,03;17401,81;Comment 229
59711;2021-03-31 16:28:43;2020-02-02 23:07:08;2023-06-20 12:32:19;SO84167;40-2409-67736;77951;43;1068,06;10,92;427,82;7174;Comment 230
11862;2020-03-01 23:00:23;2020-02-16 14:32:16;2020-06-16 01:21:29;SO26960;92-2389-56247;74475;39;5001,92;169,54;850,97;15134,36;Comment 231
97714;2021-08-28 08:44:00;2021-06-01 11:00:36;2021-11-22 06:08:44;SO14298;63-4608-21366;17899;26;380,88;41,09;910,42;3917,64;Comment 232
56678;2022-12-19 11:13:43;2023-12-12 07:03:14;2020-12-31 19:31:11;SO16251;69-8859-80035;36233;30;9739;392,13;376,11;9181,21;Comment 233
55717;2023-07-18 05:55:43;2023-07-30 09:36:27;2023-02-01 10:06:33;SO93666;50-5389-75591;62628;12;4079,91;433,27;54,45;1247,09;Comment 234
61975;2021-02-12 08:48:48;2021-08-20 07:35:45;2022-07-08 21:50:58;SO41054;96-7105-64379;36913;31;2450,14;474,41;351,67;10301;Comment 235
90660;2023-08-09 18:30:51;2022-06-17 14:14:05;2022-08-10 04:12:29;SO85205;53-9319-74957;97675;12;5471,73;384,94;456,72;17862,85;Comment 236
50217;2020-04-17 02:02:52;2022-07-05 21:36:49;2023-02-04 02:17:32;SO79401;17-6178-77430;26362;25;7735,71;239,94;200,56;17937,64;Comment 237
65097;2020-11-02 22:22:01;2020-11-15 21:48:37;2022-01-11 05:58:02;SO63982;16-3417-49054;52589;49;8092,3;83,23;455,65;139,28;Comment 238
80478;2021-09-21 03:03:46;2020-07-04 07:56:01;2022-12-10 04:37:01;SO48733;84-7460-34357;39373;20;8397,9;486,17;178,01;9605,95;Comment 239
63124;2020-07-06 11:34:37;2021-04-14 20:58:15;2020-08-26 12:11:40;SO32125;61-5244-70735;44310;32;7074,05;351,13;33,6;18501,8;Comment 240
33591;2022-07-12 06:32:40;2020-01-23 18:52:55;2021-10-14 03:37:25;SO73466;75-3751-62094;45461;19;9596,55;43,98;679,15;6871,32;Comment 241
14053;2023-09-08 13:16:21;2020-09-07 03:45:14;2022-12-08 09:24:43;SO65092;98-8354-24626;14978;20;5099,91;339,2;954,31;6615,71;Comment 242
90319;2021-01-14 14:53:27;2022-01-05 22:20:05;2021-01-04 01:15:21;SO36035;75-3751-62094;94888;43;8877,94;93,89;497,21;11934,2;Comment 243
69048;2021-05-24 17:14:24;2023-03-16 03:10:50;2021-10-04 20:08:15;SO94275;71-9532-69420;12938;23;7355,29;347,65;269,88;11125,85;Comment 244
67569;2022-01-25 18:10:02;2022-12-18 11:10:52;2020-07-23 13:36:24;SO40000;86-5535-57031;19985;39;6541,37;178,34;141,33;5145,81;Comment 245
38161;2021-03-02 02:39:34;2022-09-29 03:54:11;2023-07-08 14:49:41;SO43089;42-3255-58813;81491;35;4610,19;469,06;351,25;5859,51;Comment 246
69488;2022-05-13 22:03:06;2022-10-16 18:18:29;2022-07-22 11:50:14;SO31224;50-5389-75591;58367;39;6050,96;58,4;621,54;11293,15;Comment 247
82175;2022-04-02 15:33:36;2023-10-04 15:19:31;2023-06-10 23:08:38;SO19810;28-6393-31125;11923;8;4286,4;247,18;247,55;18975,25;Comment 248
51726;2021-06-11 16:06:48;2023-06-03 20:11:57;2022-07-30 19:45:23;SO95426;74-3185-84739;86205;36;2061,68;429,63;791,97;18657,61;Comment 249
74770;2022-03-03 22:49:20;2020-07-31 13:25:15;2023-01-05 16:13:33;SO42759;51-7602-22642;88886;36;7284,62;331,66;959,39;16911,19;Comment 250
66043;2023-02-20 00:15:46;2023-05-31 20:07:31;2021-08-18 07:06:24;SO22128;75-3751-62094;99250;32;5007,77;325,23;198,84;16524,04;Comment 251
46168;2022-06-10 17:14:15;2021-05-15 04:42:49;2020-11-27 07:23:17;SO44858;40-5683-25279;23130;40;6467,05;186,19;107,41;17138,84;Comment 252
11123;2023-08-08 00:23:21;2022-09-25 08:34:07;2020-03-17 14:55:56;SO41716;60-7449-26711;56732;43;3390,81;239,96;736,87;6962,77;Comment 253
90281;2020-07-07 11:23:13;2021-03-21 23:59:28;2022-02-15 07:34:01;SO41945;50-5389-75591;26875;19;8134,5;476,08;782,89;2928,13;Comment 254
17578;2023-10-09 05:16:12;2022-05-16 06:40:24;2020-06-10 22:48:13;SO18805;40-5683-25279;41190;13;4016,3;23,15;598,56;11966,05;Comment 255
23792;2021-01-17 10:20:02;2022-05-29 20:50:26;2020-09-04 22:16:13;SO41672;96-7105-64379;52187;34;1427,33;326,29;582,47;7535,75;Comment 256
16917;2023-12-30 08:34:58;2022-07-22 02:02:07;2023-10-16 02:23:01;SO60318;69-8859-80035;15037;42;1594,13;299,58;893,17;12995,89;Comment 257
75676;2022-05-28 18:46:32;2020-01-28 09:56:53;2023-07-10 11:13:02;SO36546;57-9057-83653;30507;4;5037,25;245,38;147,52;2674,46;Comment 258
79156;2022-04-09 18:29:36;2022-08-27 05:57:05;2023-03-13 13:07:30;SO55394;78-5514-83427;71978;18;317,68;150,41;150,37;6611,42;Comment 259
64095;2022-11-22 10:26:12;2020-04-12 06:34:49;2021-12-28 13:18:45;SO87822;75-3751-62094;72522;26;4956,96;443,79;955,28;19247,47;Comment 260
28269;2021-05-11 13:25:11;2023-10-06 00:01:33;2020-10-12 11:09:38;SO67041;84-8862-18518;58297;40;4105,99;94,23;37,12;7781,01;Comment 261
99487;2023-07-29 04:42:56;2023-09-05 01:51:57;2021-12-07 14:22:28;SO92431;75-3751-62094;50179;11;3367,82;357,67;560,51;17609,42;Comment 262
15771;2021-01-13 03:04:12;2021-12-10 21:35:22;2022-01-01 10:16:17;SO61549;92-2389-56247;93652;5;6703,49;332,74;877,67;1214,1;Comment 263
28866;2021-03-01 06:07:53;2022-10-04 23:00:08;2023-10-03 21:05:06;SO46778;73-8844-80299;31925;24;8949,94;381,2;943,99;2126,07;Comment 264
37310;2022-01-05 21:04:07;2023-05-18 02:44:21;2023-04-22 14:01:39;SO79809;16-3417-49054;74067;3;4761,08;128,27;891,16;8889,06;Comment 265
68836;2023-12-27 01:03:21;2021-11-03 16:39:23;2022-01-25 14:52:28;SO13719;84-7460-34357;19204;43;7673,55;474,1;537,49;12747,62;Comment 266
91723;2023-11-25 01:32:46;2020-01-14 07:35:09;2020-06-07 13:14:00;SO27221;16-3417-49054;80848;2;3565,38;329,15;164,52;10424,28;Comment 267
44687;2023-07-11 21:37:17;2023-06-09 13:41:47;2023-11-29 09:45:50;SO28799;74-3185-84739;81830;25;9779,84;153,86;816,46;554,3;Comment 268
74524;2023-11-20 05:42:59;2020-08-07 09:57:56;2022-01-23 00:25:33;SO94444;17-6178-77430;41715;44;9206,94;187,72;5,17;14696,18;Comment 269
31632;2020-08-23 21:23:21;2023-03-30 14:05:36;2022-03-06 14:37:26;SO92777;24-7081-87522;23508;23;7594,61;299,42;877,09;16990,24;Comment 270
75166;2022-07-21 09:25:00;2023-08-24 09:00:34;2022-05-23 03:50:14;SO87234;51-7602-22642;76613;38;3255,05;259,97;457,71;15741,85;Comment 271
95727;2021-05-25 14:45:46;2023-09-19 06:43:57;2022-04-30 21:02:35;SO64582;40-2409-67736;71683;44;6940,02;53,3;174,66;15626,14;Comment 272
23544;2022-01-08 17:10:32;2022-04-21 12:50:34;2022-07-17 03:30:11;SO58110;75-7092-97988;82872;48;3014,36;83,91;17,87;10174,64;Comment 273
96547;2022-04-13 00:20:15;2020-12-11 10:26:59;2023-10-04 10:11:43;SO72310;22-4444-25264;57497;22;5681,44;225,21;486,62;15423,9;Comment 274
33113;2020-03-19 06:56:02;2020-12-03 10:36:36;2022-11-16 02:37:25;SO15404;78-5267-32468;25388;39;4686,01;284,93;830,34;12949,22;Comment 275
67718;2023-06-04 17:38:21;2023-11-09 07:18:04;2020-04-01 06:42:47;SO37105;53-9319-74957;93243;35;7767,39;43,51;825,38;17473,52;Comment 276
53209;2022-06-19 09:47:52;2020-03-21 15:59:23;2023-08-31 17:25:40;SO49999;97-9859-86247;33984;11;7039,32;54,7;513,24;8792,48;Comment 277
15811;2022-11-07 07:26:30;2020-03-03 14:05:01;2023-01-20 15:31:16;SO68873;76-6173-91169;14546;33;8006,97;266,31;77,91;13034,63;Comment 278
38577;2022-02-12 19:40:08;2023-07-03 20:59:30;2022-12-06 15:19:32;SO11407;28-6393-31125;98210;7;5531;470,78;499,84;15015,06;Comment 279
51597;2023-09-25 21:36:50;2021-09-12 03:42:12;2023-01-25 13:59:05;SO70588;74-2176-61667;71942;23;4910,89;273,68;315,26;11946,17;Comment 280
59565;2022-08-16 23:36:23;2023-03-28 01:09:35;2022-10-04 19:29:04;SO52641;29-3530-22517;56135;20;3965,06;368,1;792,25;6667,99;Comment 281
23442;2021-10-23 08:51:59;2020-04-13 04:18:46;2022-04-11 19:55:32;SO52098;81-3143-56523;99643;17;2564,63;47,39;120,45;11294,52;Comment 282
65099;2020-02-29 17:20:18;2020-06-27 20:24:17;2022-02-09 14:20:20;SO75033;72-3440-90827;14770;21;6253,05;235,78;317,12;8778,15;Comment 283
86747;2020-05-21 16:40:22;2023-09-11 06:04:36;2021-12-11 12:10:03;SO30911;30-1489-79011;58770;7;6063,97;347,31;928,72;11102,03;Comment 284
84627;2020-03-23 05:11:18;2021-07-20 03:07:41;2022-01-03 16:36:05;SO43873;86-5535-57031;65877;43;2761,66;111,59;232,89;12197,38;Comment 285
63584;2021-08-09 00:01:25;2020-04-08 10:26:08;2020-02-01 05:59:51;SO71885;96-7105-64379;55079;1;2257,13;364,45;533,61;4277,74;Comment 286
41170;2020-07-25 17:19:12;2021-05-02 14:19:11;2021-01-05 05:27:54;SO65759;40-5683-25279;87070;19;8995,28;180,8;741,57;11152,05;Comment 287
71166;2022-07-09 08:55:11;2020-09-24 23:23:41;2022-08-11 17:11:41;SO50506;23-8510-71623;28526;34;6092,23;490,38;874,65;10297,34;Comment 288
46441;2023-07-21 17:07:23;2021-11-24 13:32:43;2023-05-31 22:01:49;SO57313;84-8862-18518;61445;35;1836,93;446,46;557,87;2262,47;Comment 289
73140;2020-11-30 10:41:43;2021-06-24 12:08:30;2023-02-22 04:59:24;SO39499;17-6178-77430;98910;24;4734,83;164,78;734,01;6711,41;Comment 290
79274;2020-04-23 01:20:42;2023-10-29 02:20:56;2022-06-22 05:29:40;SO99173;69-8859-80035;21126;30;5925,29;202,35;307,79;14328,78;Comment 291
59261;2021-07-15 00:18:31;2020-06-03 13:36:45;2022-10-23 09:46:03;SO47651;29-3530-22517;47484;16;4859,05;169,84;214,77;10508,18;Comment 292
23218;2021-08-11 23:10:31;2023-12-26 20:04:48;2021-09-13 19:50:06;SO63137;60-7449-26711;76308;39;2733,86;52,04;849,65;9999,32;Comment 293
17455;2023-04-25 10:35:53;2021-03-07 00:46:31;2020-05-14 13:21:59;SO63946;53-9319-74957;10967;15;6694;470,63;317,06;3937,96;Comment 294
71212;2020-04-04 18:03:09;2023-03-01 12:10:15;2023-11-14 10:30:43;SO58573;44-6968-96958;41612;16;6254,89;262,4;678,81;2422,37;Comment 295
85094;2022-01-03 10:08:44;2021-10-22 00:02:01;2023-07-13 05:33:22;SO86240;74-3185-84739;97254;24;7639,09;101,74;797;10325,99;Comment 296
83122;2021-12-21 14:16:28;2023-12-23 14:59:42;2021-07-21 14:43:14;SO13553;30-1489-79011;58960;18;4749,22;247,37;603,11;12632,79;Comment 297
75325;2020-02-08 19:31:30;2020-12-01 00:57:52;2020-04-02 08:10:07;SO19827;84-7460-34357;53061;37;3370,12;432,08;30,72;13723,68;Comment 298
15564;2021-07-05 11:52:24;2022-04-12 11:24:49;2021-03-21 21:22:12;SO73257;73-8844-80299;52912;39;5022,28;64,84;708,38;14522,89;Comment 299
16293;2022-03-15 04:24:37;2020-04-02 12:32:15;2022-05-28 04:42:34;SO16483;63-4608-21366;16921;39;7091,52;338,05;325,56;17738,6;Comment 300
32139;2023-04-20 16:20:03;2023-09-13 20:43:36;2021-08-11 05:58:25;SO63799;50-5389-75591;95312;29;8660,93;469,16;569,38;10466,17;Comment 301
43105;2022-03-08 12:04:36;2020-05-10 15:56:49;2020-03-19 03:08:57;SO13584;76-6173-91169;70256;28;9755,84;301,42;386,98;8098,46;Comment 302
70740;2022-11-12 03:35:20;2020-10-15 02:04:42;2021-05-23 12:50:08;SO27343;51-7602-22642;33359;46;5289,48;65,23;236,88;19011,5;Comment 303
71727;2020-06-24 08:46:35;2022-03-22 11:09:24;2021-08-30 10:31:19;SO79526;69-1886-36823;48592;10;7388,01;190;969,53;18914,11;Comment 304
72233;2020-06-30 08:48:54;2021-07-12 13:13:15;2021-07-15 22:02:31;SO14691;98-8354-24626;75863;43;6412,02;304,76;599,28;7349,65;Comment 305
60517;2022-01-24 16:48:53;2022-05-27 04:36:53;2022-09-24 23:07:32;SO48481;30-1489-79011;19615;31;3456,78;243,49;444,02;13334,2;Comment 306
83026;2020-10-26 00:40:03;2022-08-14 08:19:39;2021-11-18 15:08:43;SO43792;78-5267-32468;63336;13;8849,83;287,93;635,9;5694,06;Comment 307
22549;2023-11-05 04:13:45;2022-11-10 02:52:56;2020-07-15 13:59:11;SO95356;51-7541-34141;35869;31;5253,46;457;17,39;15464,56;Comment 308
60413;2023-05-30 17:28:11;2020-12-24 22:45:59;2021-07-25 15:48:48;SO20264;40-5683-25279;77867;27;653,35;194,05;377,49;17843,67;Comment 309
60011;2020-02-23 22:25:34;2020-01-07 09:05:59;2020-08-13 22:42:12;SO11322;44-6968-96958;77260;47;3179,4;330,69;691,15;13534,89;Comment 310
63851;2023-09-01 00:36:31;2021-11-22 16:09:31;2023-02-02 13:18:17;SO66916;76-6173-91169;21636;31;8200,99;413,54;281,44;10168,51;Comment 311
16281;2022-04-23 09:37:03;2022-07-18 00:49:38;2021-08-10 16:49:44;SO48706;48-2823-67639;48406;47;4111,65;229,09;49,94;10481,22;Comment 312
71762;2020-06-11 16:49:59;2022-07-15 20:28:04;2022-05-22 01:41:41;SO43241;92-2389-56247;64096;49;5108,18;76,12;865,98;1496,68;Comment 313
64423;2020-09-26 00:07:57;2023-03-04 04:53:00;2022-02-22 06:47:16;SO70512;49-7039-68376;54342;4;7644,98;243,05;787,3;8052,79;Comment 314
59773;2022-11-30 15:35:12;2021-11-03 03:57:25;2021-11-25 20:19:42;SO74611;83-7954-63932;52109;34;7673,27;12,04;501,45;4458,84;Comment 315
98357;2021-02-23 04:48:40;2022-09-25 11:40:28;2023-09-10 11:53:01;SO75600;23-8510-71623;39017;48;8124,99;252,57;535,45;7335,13;Comment 316
39659;2023-10-02 21:29:22;2022-09-25 02:59:18;2020-10-12 07:59:16;SO54648;53-9319-74957;84343;40;1318,27;390,78;811,46;6222,91;Comment 317
76606;2023-11-01 17:23:20;2020-03-30 17:30:57;2023-12-10 18:04:27;SO51353;35-6579-94037;96233;14;4562,04;413,17;438,03;2556,66;Comment 318
35389;2021-09-21 13:47:30;2022-03-16 23:48:28;2020-03-23 18:50:25;SO84799;24-7081-87522;10643;38;2286,21;194,73;881,17;11344,27;Comment 319
45563;2023-01-29 16:11:01;2021-06-16 01:19:59;2023-02-25 01:27:22;SO49253;83-7954-63932;27011;27;7605,43;416,23;421,83;16789,44;Comment 320
28485;2021-09-06 17:37:45;2023-08-04 00:45:18;2021-10-12 05:35:26;SO15340;16-3417-49054;93629;28;1165,56;13,7;211,02;13926,71;Comment 321
37255;2020-12-20 02:44:11;2020-12-07 07:37:11;2021-08-22 07:00:22;SO78571;40-2409-67736;98052;17;5066,86;414,09;437,54;10880,51;Comment 322
99112;2022-01-24 07:38:01;2020-11-30 16:27:56;2020-09-30 13:58:07;SO89427;78-5267-32468;95046;21;6500,45;317,79;74,35;8427,22;Comment 323
93044;2022-11-01 07:45:02;2020-05-03 03:05:05;2022-04-18 14:56:42;SO87593;75-7092-97988;64023;2;2205,39;162,95;144,49;18307,07;Comment 324
92675;2021-01-27 22:53:42;2020-11-24 04:15:11;2021-12-02 09:13:02;SO60834;69-8859-80035;13045;37;8694,19;135,56;674,74;6379,88;Comment 325
77500;2022-02-05 15:54:09;2021-11-06 19:09:39;2020-05-22 16:24:15;SO48235;69-1886-36823;81862;48;2649,17;74,37;717,47;3376,86;Comment 326
97810;2021-08-26 22:19:01;2023-02-28 23:09:45;2023-07-21 21:46:35;SO60725;49-7039-68376;71122;1;8551,82;165,81;10,56;7035,97;Comment 327
90521;2020-08-21 04:52:19;2022-08-13 07:32:17;2023-07-12 07:50:36;SO14357;23-8779-93758;81688;2;3046,16;327,57;29,87;11163,88;Comment 328
59783;2020-02-26 02:37:01;2020-07-20 17:54:17;2021-09-30 01:09:27;SO82381;28-4123-84663;54861;17;8377,02;371,39;911,61;6199,83;Comment 329
84440;2022-01-31 00:50:36;2020-01-13 00:01:13;2020-03-18 12:16:52;SO69465;17-6178-77430;74153;36;6562,74;212,75;551,72;7881,31;Comment 330
15743;2021-02-07 22:28:31;2023-06-26 07:35:12;2020-05-16 22:23:49;SO22850;30-1489-79011;65119;49;2628,27;155,27;834,33;17595,54;Comment 331
60302;2021-05-17 15:47:28;2023-02-14 16:29:34;2021-07-05 10:29:02;SO89839;83-7954-63932;52466;5;2456,49;419,87;533,33;3272,39;Comment 332
36089;2021-01-08 03:18:31;2020-03-05 18:33:04;2023-03-19 10:31:09;SO26723;92-2389-56247;40288;4;6020,04;228,19;641,5;4167,62;Comment 333
86341;2022-01-13 16:17:18;2020-05-10 11:52:30;2020-06-30 11:31:46;SO86493;51-7541-34141;24213;19;990,52;31,89;107,11;13899,32;Comment 334
22136;2020-11-10 07:32:37;2022-05-09 09:16:13;2021-06-21 03:57:10;SO92751;75-7092-97988;78539;24;4562,58;383,15;579,17;11684,44;Comment 335
12190;2022-05-02 02:04:28;2023-06-29 07:43:52;2023-08-19 03:40:45;SO98731;66-4277-92738;14545;18;8198,74;346,03;745,23;19364,22;Comment 336
90221;2023-10-10 01:31:00;2020-08-07 23:54:12;2023-03-12 11:27:35;SO67421;83-7954-63932;30671;46;8614,81;182,18;89,08;12515,83;Comment 337
74777;2022-03-25 13:44:13;2021-08-22 10:58:00;2023-04-24 09:53:08;SO83536;29-3530-22517;65842;38;2117,08;274,57;535,47;19268,17;Comment 338
89184;2020-10-21 20:37:33;2022-09-21 13:47:02;2021-12-11 23:21:44;SO97770;78-5514-83427;27832;12;8952,92;154,77;414;15880,78;Comment 339
44718;2021-02-10 05:19:38;2022-11-28 10:29:50;2023-03-06 03:32:39;SO31835;69-8859-80035;76648;4;1736,74;129,1;748,94;2433,6;Comment 340
47516;2022-12-21 23:20:32;2023-09-14 17:33:46;2020-09-22 12:01:37;SO73264;50-5389-75591;53717;16;6622,06;230,03;222,81;6247,29;Comment 341
52215;2021-05-17 16:48:27;2020-01-09 06:01:48;2022-10-01 15:09:27;SO10801;30-1489-79011;67594;6;4482,93;433,95;385,37;9691,72;Comment 342
18508;2022-07-20 05:07:42;2023-07-01 21:02:44;2020-04-14 23:06:28;SO17390;35-6579-94037;30974;38;2807,45;155,98;520,54;4304,79;Comment 343
91170;2023-06-28 20:39:42;2020-12-12 06:38:47;2022-11-12 23:59:56;SO79509;85-4116-52037;44672;48;7329,39;372,52;461,36;10896,99;Comment 344
48450;2022-12-02 09:50:48;2023-08-14 21:03:33;2023-09-09 01:55:05;SO54167;97-9859-86247;86740;41;2936,58;369,44;789,54;19248,96;Comment 345
51692;2022-08-20 08:07:35;2022-01-05 01:22:26;2022-11-05 20:31:29;SO62024;81-3143-56523;21037;36;8036,5;58,56;723,85;4079,22;Comment 346
32730;2020-07-29 14:19:02;2022-07-26 00:03:29;2022-12-02 14:47:05;SO74947;22-4444-25264;80316;2;8496,48;187,92;936,26;12122,91;Comment 347
59013;2022-05-05 17:58:05;2020-12-31 18:21:49;2021-09-24 08:30:15;SO74974;28-6393-31125;23459;48;8089,4;439,15;194,61;16446,62;Comment 348
89725;2020-08-31 15:45:09;2021-04-23 01:07:46;2021-04-23 15:08:57;SO64146;74-3185-84739;81211;47;7737,16;255,29;208,23;13778,09;Comment 349
20958;2022-02-11 12:01:29;2022-11-30 10:35:16;2020-02-26 18:06:33;SO56334;24-7081-87522;66719;48;6489,96;475,98;687,1;18776,46;Comment 350
58050;2023-02-14 03:11:47;2020-08-31 07:17:18;2021-10-05 18:44:28;SO26173;40-5683-25279;94312;25;3459,53;136,04;896,1;8114,3;Comment 351
99679;2020-05-21 22:58:14;2021-03-01 21:23:59;2021-11-04 03:12:41;SO98848;50-5389-75591;10821;2;5495,36;176,36;348,67;13828;Comment 352
14342;2022-09-30 04:31:22;2022-09-01 22:55:22;2021-10-21 19:52:30;SO54992;53-9319-74957;89901;34;7713,29;459,85;761,28;3194,49;Comment 353
45160;2020-09-01 15:48:59;2023-08-11 23:10:08;2022-07-28 01:55:36;SO71268;97-9859-86247;48968;31;8733,34;132,49;200,11;7555,28;Comment 354
93666;2022-10-08 01:46:55;2022-02-23 14:46:29;2022-02-09 21:56:43;SO43554;23-8779-93758;92691;29;2908,54;198,58;602,79;15866,45;Comment 355
23996;2022-06-17 20:49:09;2021-02-12 17:31:16;2021-03-17 01:29:26;SO22094;66-2881-24904;41600;33;5168,79;90,87;102,01;7806,93;Comment 356
20416;2021-06-27 12:42:27;2020-04-29 13:25:31;2023-04-04 14:50:29;SO39041;22-4444-25264;31993;33;6232,9;149,29;90,14;15427,47;Comment 357
46096;2022-05-25 22:34:32;2022-08-02 19:35:47;2022-06-19 19:01:54;SO69324;40-5683-25279;46329;18;1213,02;493,7;543,13;17800,65;Comment 358
36081;2021-11-09 11:18:06;2021-05-23 13:00:59;2023-10-08 06:07:19;SO44743;66-2881-24904;74110;16;8366,79;280,65;150,66;7854,72;Comment 359
72483;2020-06-13 15:44:18;2021-06-21 05:21:00;2020-01-05 18:29:53;SO46723;40-5683-25279;10651;18;9387,91;220,03;281,96;4783,69;Comment 360
47900;2022-07-02 22:47:21;2020-02-18 17:55:14;2022-09-11 17:42:43;SO30233;40-5683-25279;15739;36;9955,29;414,12;262,23;14708,74;Comment 361
54823;2021-11-23 04:11:42;2022-11-06 23:19:47;2021-10-24 07:25:59;SO71910;51-7602-22642;19549;2;6212,99;231,15;723,16;17621,19;Comment 362
56615;2020-02-13 09:31:51;2021-09-30 23:16:31;2021-05-10 19:47:56;SO45174;78-5267-32468;28459;14;6055,45;270,46;949,53;2396,74;Comment 363
10022;2020-08-05 23:22:25;2021-06-13 19:00:44;2020-01-26 20:38:26;SO85043;24-7081-87522;94243;9;1500,37;40,75;543,48;11544,47;Comment 364
47202;2023-05-19 14:36:53;2023-12-29 11:43:34;2023-09-24 15:17:35;SO77778;44-6968-96958;21721;39;8756,31;400,77;815,1;3980,96;Comment 365
93031;2020-10-31 17:19:09;2023-11-11 11:06:22;2020-12-28 17:39:30;SO75433;33-1973-80101;27356;8;8068,55;351,76;186,71;828,53;Comment 366
44237;2022-01-28 16:04:43;2023-09-10 03:12:09;2021-06-27 21:17:06;SO74542;86-5535-57031;99929;24;4496,85;289,3;166,8;8725,93;Comment 367
33247;2023-01-31 16:49:30;2023-10-03 17:07:58;2020-03-12 21:17:03;SO18399;51-7602-22642;42654;10;685,63;261,15;636,66;9769,4;Comment 368
52475;2022-02-12 07:01:31;2020-07-30 21:26:35;2020-11-26 18:01:05;SO97288;86-5535-57031;23794;2;1443,02;393,74;781,05;13785,32;Comment 369
99906;2023-09-18 15:00:29;2021-08-03 19:55:40;2020-04-23 16:36:43;SO66940;29-3530-22517;72282;37;3250,32;441,51;139,53;12513,56;Comment 370
82623;2021-09-07 16:40:09;2023-10-17 22:44:23;2023-11-25 11:53:09;SO39101;44-6968-96958;16411;8;4882,94;150,18;649,01;17399,36;Comment 371
31447;2020-01-12 13:39:28;2022-12-29 23:15:16;2022-08-09 10:30:04;SO30827;53-9319-74957;90333;30;6110,8;57,49;68,84;3967,62;Comment 372
69016;2021-10-05 19:32:11;2020-07-07 20:59:24;2023-04-04 17:16:15;SO63612;16-3417-49054;41986;39;2751,75;392,23;896,76;8059,42;Comment 373
46433;2023-08-19 17:28:46;2020-01-23 00:27:14;2022-12-04 13:09:19;SO15192;92-2389-56247;50881;17;8954,06;30,29;90,83;15582,7;Comment 374
96037;2020-01-05 09:15:51;2022-11-05 19:07:41;2020-10-18 05:41:50;SO43312;76-6173-91169;19936;45;4341,51;82,55;88,42;17426,48;Comment 375
61813;2022-06-21 16:01:08;2021-02-09 08:26:37;2023-09-22 17:31:47;SO73566;23-8779-93758;83843;26;2422,93;442,79;994,13;10900,82;Comment 376
57895;2022-10-15 17:07:39;2022-02-16 02:17:48;2021-01-15 05:48:12;SO78764;75-3751-62094;84965;40;8324,21;486,57;498,25;16361,47;Comment 377
62144;2021-10-05 19:46:09;2022-10-21 20:38:21;2020-04-04 20:55:11;SO16673;61-5244-70735;31846;47;6898,43;51,91;761,2;5055,42;Comment 378
80188;2020-07-23 06:12:28;2020-02-15 16:13:13;2020-09-08 03:11:07;SO81831;76-6173-91169;62571;22;2079,47;248,83;514,37;12509,48;Comment 379
31371;2020-05-08 07:59:52;2022-06-08 20:20:00;2020-08-09 19:42:56;SO58493;35-6579-94037;77113;34;7776,68;277,52;614,53;1569,68;Comment 380
44316;2023-09-23 16:17:23;2022-05-08 00:36:20;2020-10-05 23:13:28;SO30823;63-4608-21366;48270;15;5885,9;419,4;426,82;15968,26;Comment 381
58038;2021-02-06 17:07:46;2022-12-25 01:57:48;2021-05-21 04:22:59;SO32395;85-4116-52037;63405;4;6403,97;256,78;634,94;17476,05;Comment 382
10208;2021-06-29 19:05:42;2020-11-17 14:41:56;2023-10-15 15:24:46;SO85056;63-4608-21366;98993;18;8976,36;310,13;61,88;6869,71;Comment 383
35094;2021-10-11 04:31:06;2023-08-09 20:01:12;2022-11-16 17:09:45;SO60119;78-5514-83427;15547;45;4583,57;127,95;279,19;12461,3;Comment 384
47924;2022-01-31 01:09:43;2022-01-05 22:07:37;2023-02-04 11:37:07;SO77428;33-1973-80101;25987;9;6801,22;103,29;953,7;18410,72;Comment 385
37032;2023-12-25 10:58:35;2022-02-17 20:10:59;2021-10-24 11:50:58;SO16634;69-8859-80035;28214;17;6955,03;161,51;464,59;19839,95;Comment 386
97814;2020-01-18 05:33:27;2020-09-23 03:51:29;2023-05-19 18:22:55;SO36794;84-7460-34357;71953;22;1283,47;204,58;236,51;9463,07;Comment 387
70413;2023-11-27 02:43:35;2020-12-09 14:16:57;2023-11-01 15:50:50;SO18650;74-3185-84739;95462;44;6584,38;450,27;666,74;4703,57;Comment 388
74233;2023-12-26 20:11:47;2023-07-21 05:14:51;2021-09-14 12:53:55;SO38605;49-7039-68376;25577;39;1818,16;241,4;553,57;937,93;Comment 389
98595;2020-02-08 03:20:13;2021-05-03 08:34:10;2023-01-06 03:22:07;SO92285;84-8862-18518;83993;39;4689,98;241,95;382,98;513,75;Comment 390
20361;2021-08-14 19:05:07;2020-07-19 03:11:51;2020-12-09 18:17:25;SO83982;33-1973-80101;80145;12;3440,09;382,83;31,64;15608,27;Comment 391
35697;2022-09-13 03:53:54;2022-05-01 08:29:32;2020-08-28 07:39:08;SO70389;42-3255-58813;30046;21;7135,12;452,62;394,16;10721,11;Comment 392
68923;2022-07-02 06:00:41;2021-08-08 13:07:45;2022-09-06 14:45:58;SO15967;74-2176-61667;31906;13;5622,67;207,81;584,03;18863,04;Comment 393
88748;2021-12-06 20:55:26;2023-03-24 22:51:34;2021-08-11 09:49:51;SO27634;51-7602-22642;67199;38;7488,24;138,13;9,06;8278,93;Comment 394
57590;2021-02-04 02:41:31;2022-06-02 03:38:19;2021-01-14 06:58:16;SO57201;61-5244-70735;54084;15;2993,83;268,45;748,75;14978,86;Comment 395
85839;2022-01-22 13:33:39;2020-02-16 12:03:34;2021-09-01 20:08:51;SO28132;69-8859-80035;50814;8;4655,5;130,66;507,91;3601,2;Comment 396
89584;2023-10-31 18:04:17;2023-06-15 02:39:06;2020-08-16 15:41:44;SO90968;35-6579-94037;21802;18;5400,6;57,75;858,07;15401,07;Comment 397
12262;2021-07-01 03:01:17;2023-12-16 11:06:09;2020-09-03 06:23:00;SO28611;33-1973-80101;60487;49;4514,94;317,42;572,38;4791,14;Comment 398
83481;2022-01-14 15:54:16;2022-06-07 19:07:24;2023-07-25 22:32:25;SO46251;33-1973-80101;64729;20;3722,21;413,29;640,92;9645,44;Comment 399
22525;2021-05-14 03:28:52;2023-06-20 02:21:23;2021-12-15 17:16:17;SO79157;44-6968-96958;49266;31;1499,19;149,28;447,09;1694,91;Comment 400
28481;2021-01-08 18:59:54;2021-07-24 14:30:06;2021-03-22 16:11:21;SO85388;40-5683-25279;43269;30;6962,93;227,69;260,14;2398,23;Comment 401
98224;2023-01-30 22:20:50;2022-05-05 21:26:24;2020-04-03 17:41:28;SO73009;69-1886-36823;66304;29;2880,21;353,51;292,14;14217,05;Comment 402
80128;2022-11-09 06:41:36;2021-04-05 03:31:21;2020-05-18 04:55:50;SO81248;29-3530-22517;35760;34;2019,34;498,68;180,34;2390,93;Comment 403
85003;2020-10-30 01:32:34;2020-07-26 04:20:03;2022-08-21 05:54:54;SO20215;40-2409-67736;25476;6;4297,59;444,3;535,74;18881,18;Comment 404
50964;2021-01-28 23:35:20;2020-10-12 18:38:10;2020-08-07 20:52:35;SO41524;51-7541-34141;49687;37;9100,91;24,81;366,08;13269,67;Comment 405
47266;2022-01-13 10:21:05;2023-02-14 13:41:50;2020-03-15 11:30:40;SO69010;61-5244-70735;48620;46;6495,22;322,84;540,16;5541,25;Comment 406
30636;2023-02-08 10:00:48;2023-07-31 05:31:30;2020-06-10 19:20:01;SO89266;63-4608-21366;86107;28;6473,44;424,29;34,01;8790,73;Comment 407
18713;2020-04-18 20:33:58;2022-05-07 04:43:39;2020-07-17 08:08:43;SO52590;66-4277-92738;79403;47;1880,8;317,32;892,68;9144,98;Comment 408
17534;2021-03-09 11:38:05;2021-03-04 10:47:58;2021-02-02 01:38:07;SO99725;33-1973-80101;77904;16;4989,59;142,11;690,68;15920,15;Comment 409
37678;2020-04-30 23:20:42;2021-05-28 08:45:00;2022-04-13 04:50:04;SO92007;78-5514-83427;73943;39;9582,17;174,96;162,21;14173,13;Comment 410
72125;2023-09-18 06:53:07;2022-10-26 12:47:08;2023-08-08 23:20:57;SO51978;63-4608-21366;45057;43;9938,11;88,3;626,81;16053,88;Comment 411
35532;2022-04-28 14:29:40;2022-12-12 13:37:12;2023-04-05 14:08:01;SO65962;74-3185-84739;96453;13;9734,12;164,81;885,26;16978,48;Comment 412
21784;2021-02-28 23:59:20;2020-02-20 22:47:16;2023-01-26 10:26:44;SO80999;78-5514-83427;82735;5;7620,51;466,91;832,53;6095,72;Comment 413
31082;2023-07-18 04:57:42;2020-03-21 11:00:15;2020-05-04 05:11:29;SO60168;57-9057-83653;26022;4;2455,63;179,12;488,33;19120,64;Comment 414
82281;2023-08-13 06:32:34;2022-10-26 11:44:37;2022-11-11 16:07:54;SO18183;81-3143-56523;64929;27;4156,67;456,07;432,44;4881,38;Comment 415
51250;2023-04-10 14:59:52;2020-02-06 05:09:00;2021-01-08 08:39:33;SO96461;30-1489-79011;82915;7;7194,87;240,23;382,71;16082,81;Comment 416
31422;2022-08-10 20:22:44;2020-11-09 18:49:57;2021-11-14 21:34:36;SO14295;66-2881-24904;20109;34;9075,06;112,34;804,96;5996,88;Comment 417
23078;2021-10-20 16:29:01;2021-03-22 01:32:51;2021-08-19 06:51:45;SO65392;61-5244-70735;22523;44;2937,18;206,16;511,87;12151,24;Comment 418
44780;2020-06-08 17:07:11;2021-08-26 22:23:21;2022-11-23 22:05:44;SO25267;83-7954-63932;83193;19;2369,74;306,98;957,91;7633,45;Comment 419
27452;2022-10-14 05:51:56;2022-12-19 02:13:46;2023-01-12 05:52:07;SO35793;73-8844-80299;25183;6;3640,39;322,89;716,2;14005,29;Comment 420
87771;2020-12-12 19:36:01;2021-02-02 09:59:30;2023-02-26 04:49:38;SO89441;23-8510-71623;51512;8;2625,96;112,78;971,21;13577,31;Comment 421
24932;2020-06-07 04:28:03;2022-11-18 11:57:29;2021-01-04 16:35:38;SO62574;33-1973-80101;78578;15;469,31;263,83;858,07;12527,62;Comment 422
35555;2022-07-26 19:55:35;2020-03-02 02:07:35;2020-10-11 03:51:26;SO11798;24-7081-87522;92717;48;4105,59;124,05;8,32;13160,02;Comment 423
94450;2022-01-18 00:44:44;2020-11-18 22:30:29;2021-03-03 16:06:22;SO58442;69-8859-80035;64528;49;5884,63;134,65;477,7;11788,73;Comment 424
24447;2021-08-21 03:58:36;2021-10-13 21:24:45;2023-03-05 10:37:01;SO90866;74-3185-84739;69581;50;9890,13;357,62;922,55;15033,84;Comment 425
21451;2023-01-06 12:33:13;2021-03-07 21:56:37;2022-07-01 00:20:29;SO28567;96-7105-64379;46323;19;3432,45;309,11;362,13;13561,33;Comment 426
16623;2022-09-11 08:16:16;2021-07-19 09:37:25;2021-05-15 14:29:36;SO91562;60-7449-26711;35826;41;9687,98;459,44;347,2;13901,2;Comment 427
12056;2021-11-21 05:44:31;2022-10-15 08:00:58;2021-06-24 11:06:06;SO11444;74-3185-84739;57764;47;483,49;392,72;433,67;8106,62;Comment 428
70434;2023-03-12 16:08:21;2022-08-22 15:13:33;2020-12-04 21:49:43;SO35639;29-3530-22517;91298;25;1896,74;246,09;517,69;18060,93;Comment 429
37972;2021-09-26 02:23:44;2021-01-16 03:28:23;2022-07-19 13:53:20;SO89322;78-5267-32468;47139;31;2267,95;345,38;328,35;15021,59;Comment 430
17109;2020-12-06 21:12:49;2021-02-18 04:11:58;2021-01-04 21:12:02;SO22216;83-7954-63932;41691;30;7303,5;100,68;843,7;19243,22;Comment 431
27530;2020-02-08 07:17:23;2021-06-04 05:21:23;2022-01-27 23:50:22;SO35734;35-6579-94037;84016;49;2127,78;187,84;398,13;16709,59;Comment 432
53811;2023-06-07 11:40:59;2020-02-09 17:42:58;2022-11-09 21:48:55;SO96198;81-3143-56523;99841;50;2162,08;329;556,24;8191,7;Comment 433
22660;2023-04-12 22:43:11;2021-02-13 02:29:05;2021-02-20 10:33:07;SO91849;57-9057-83653;90197;27;6626,75;155,15;512,96;5558,63;Comment 434
10258;2021-10-30 22:57:57;2022-09-04 15:16:59;2023-04-20 23:06:10;SO40537;61-5244-70735;38947;47;2287,96;393,29;337,35;14972,17;Comment 435
96414;2023-08-27 00:09:27;2021-11-16 02:03:09;2022-10-09 21:40:00;SO33710;51-7541-34141;33819;19;6884,45;474,31;856,88;9394,31;Comment 436
95104;2020-10-01 16:53:48;2022-06-29 22:08:24;2021-05-24 23:03:38;SO63140;66-4277-92738;19783;19;8200,71;259,1;346,47;19058,12;Comment 437
94193;2020-08-03 05:11:46;2022-08-15 17:30:32;2023-03-15 01:15:56;SO65801;69-1886-36823;66197;50;9547,86;68,26;385,68;14180,86;Comment 438
23868;2020-10-04 17:15:40;2023-10-09 03:42:29;2022-01-11 18:54:18;SO41808;33-1973-80101;57024;47;7799,42;59,63;341,72;5817,84;Comment 439
41579;2020-02-04 03:47:44;2023-01-22 09:56:39;2023-03-21 11:19:39;SO11582;72-3440-90827;30550;18;5565,37;484,49;443,48;16342,68;Comment 440
31356;2021-11-10 03:36:23;2020-08-21 14:55:27;2022-07-17 06:02:39;SO16926;92-2389-56247;35707;5;3051,86;499,99;41,55;19482,5;Comment 441
75274;2021-02-12 12:40:51;2023-01-17 18:24:20;2020-12-21 00:24:06;SO25192;28-4123-84663;99605;4;1253,45;193,64;253,68;1564,8;Comment 442
17271;2020-02-18 15:30:37;2023-09-21 16:27:21;2020-06-12 05:33:55;SO94102;78-5514-83427;85571;3;5859,89;390,51;11,73;14048,11;Comment 443
46926;2022-04-21 11:25:40;2020-05-28 13:36:18;2020-03-11 03:12:03;SO82384;51-7541-34141;92759;20;9165,77;409,7;403,74;6345,4;Comment 444
89327;2022-05-01 16:25:15;2022-10-02 23:26:29;2023-02-20 23:24:24;SO48438;51-7602-22642;22132;14;6336,6;406,33;834,99;15761,55;Comment 445
14087;2020-06-12 12:38:50;2020-01-23 20:33:04;2023-12-07 06:37:26;SO59405;30-1489-79011;27649;14;2284,04;118,48;178,15;9926,63;Comment 446
90449;2023-10-17 17:08:56;2022-12-22 09:00:51;2020-04-15 14:32:36;SO58065;84-8862-18518;70154;48;4187,36;123,73;909,73;1547,84;Comment 447
14271;2021-03-31 02:50:27;2023-03-25 15:03:53;2021-02-16 21:45:58;SO72485;69-8859-80035;89273;42;4217,37;88,7;900,41;16838,77;Comment 448
51503;2023-01-01 16:16:43;2022-09-02 05:53:49;2020-07-03 03:05:00;SO34340;17-6178-77430;42437;42;9343,61;44,89;329,99;15436,54;Comment 449
48251;2020-03-10 08:00:53;2022-09-12 02:40:21;2021-09-09 14:00:42;SO11254;74-3185-84739;53962;33;2866,23;275,89;736,43;10362,53;Comment 450
69087;2022-01-23 07:44:35;2021-07-26 07:55:28;2020-01-25 01:00:11;SO15634;84-7460-34357;43484;28;9977,83;123,46;472,38;19783,5;Comment 451
68342;2022-04-02 18:24:55;2020-10-18 11:49:00;2020-10-23 06:42:08;SO74698;24-7081-87522;52921;42;3793,73;142,52;202,32;3732,09;Comment 452
87515;2022-08-31 00:44:47;2021-07-04 04:38:08;2020-02-05 02:13:15;SO42169;72-3440-90827;18169;14;782,5;203,77;20,07;18426,19;Comment 453
68417;2021-11-07 01:30:04;2020-03-29 23:32:30;2020-11-05 03:40:38;SO68843;69-8859-80035;43898;10;4634,49;14,94;213,8;4649,25;Comment 454
61395;2022-11-18 02:51:55;2021-01-15 07:22:48;2020-03-10 07:30:41;SO90618;85-4116-52037;68474;20;3361,48;89,01;484,56;16090,55;Comment 455
21907;2021-10-12 13:31:15;2022-10-03 05:13:28;2021-08-13 05:41:46;SO11007;28-6393-31125;59059;23;2103,78;402,45;382,12;17507,44;Comment 456
88959;2022-04-29 21:43:29;2022-07-01 09:03:59;2021-08-15 13:55:51;SO53452;92-2389-56247;93598;33;3215,28;298,73;499,13;4213,02;Comment 457
51975;2022-12-06 14:21:09;2023-07-24 06:56:21;2021-04-18 12:35:14;SO11637;50-5389-75591;91958;45;3574,37;78,76;90,34;9417,38;Comment 458
27118;2020-11-09 16:01:55;2021-02-07 00:05:07;2020-08-29 15:55:26;SO14146;85-4116-52037;90895;9;4872,73;143,1;883,4;4668,27;Comment 459
87445;2020-12-27 19:27:48;2020-05-23 04:35:59;2021-09-04 19:04:27;SO85312;72-3440-90827;65434;24;7172,83;371,97;778,87;3732,93;Comment 460
90774;2023-08-20 15:47:52;2020-06-04 08:24:07;2022-08-12 18:30:07;SO92771;98-8354-24626;34801;42;5770,71;439,34;831,25;11835,33;Comment 461
85249;2020-11-16 10:32:28;2020-01-21 07:39:16;2022-06-16 23:38:50;SO23537;29-3530-22517;24001;32;2423,63;447,76;22,34;10228,7;Comment 462
93200;2023-12-12 12:59:14;2023-11-09 06:11:30;2021-08-04 18:02:03;SO52579;28-4123-84663;29553;21;9980,85;37,66;884,38;13408,4;Comment 463
76564;2020-06-15 14:51:00;2020-04-21 17:44:54;2020-02-17 15:12:21;SO48583;63-4608-21366;23343;9;1560,83;492,17;169,46;4619,22;Comment 464
66527;2022-07-17 20:20:36;2022-11-13 10:34:47;2021-07-22 05:23:45;SO69340;57-9057-83653;72836;45;1676,3;120,84;681,61;6155,99;Comment 465
41556;2023-05-07 23:50:12;2021-08-20 13:28:52;2021-12-24 13:23:04;SO49109;84-8862-18518;69279;46;4119,02;387,3;393,2;6912,75;Comment 466
31989;2023-09-18 14:11:06;2020-06-01 06:25:35;2020-01-12 14:23:53;SO27518;40-5683-25279;17285;36;2995,39;271,42;12,89;4578,28;Comment 467
11384;2023-05-08 23:36:14;2023-10-10 09:59:59;2022-07-18 19:08:15;SO63262;23-8510-71623;39825;48;4653,56;311,69;8,7;15682,23;Comment 468
33455;2021-04-25 08:28:22;2022-11-09 09:08:05;2020-02-20 02:09:55;SO75071;33-1973-80101;48401;46;5216,43;37,93;385,91;7716,59;Comment 469
84995;2022-08-21 05:03:43;2023-06-06 08:13:12;2022-03-27 09:13:23;SO37519;69-8859-80035;15722;36;9179,51;47,81;592,35;7290,33;Comment 470
58473;2023-10-03 02:20:04;2022-06-27 12:55:27;2023-06-21 13:07:31;SO36817;61-5244-70735;55954;14;5453,19;132,71;217,65;2118,51;Comment 471
61621;2023-03-29 18:52:51;2021-09-19 01:58:22;2022-02-07 02:55:25;SO52212;83-7954-63932;94450;12;2689,67;472,75;35,41;14909,66;Comment 472
97931;2021-03-24 03:34:44;2021-05-09 22:54:46;2020-07-27 22:53:43;SO20581;49-7039-68376;16511;32;7340,77;314,78;64,73;7381,85;Comment 473
17493;2021-03-24 16:46:16;2021-01-28 04:54:05;2020-12-14 21:36:35;SO18113;92-2389-56247;15691;35;3202,21;18,21;261,75;8973,34;Comment 474
84008;2021-12-21 00:18:04;2020-11-06 10:56:56;2023-12-23 00:00:13;SO52231;17-6178-77430;26300;45;793,86;377,98;929,27;18343,19;Comment 475
79345;2020-03-30 11:31:30;2021-01-02 11:33:43;2021-01-11 00:44:54;SO89252;84-7460-34357;18512;11;6490,96;105,26;93,6;5382,72;Comment 476
98768;2021-07-13 10:01:29;2020-03-28 23:30:19;2021-11-23 15:09:13;SO45881;74-3185-84739;68749;45;1737,84;466,01;587,7;16450,96;Comment 477
54821;2020-01-11 11:35:10;2021-12-27 03:08:46;2022-08-05 00:37:04;SO93657;35-6579-94037;16334;13;7840,35;470,22;779,03;6075,34;Comment 478
36478;2023-08-23 16:16:12;2022-05-26 01:38:31;2022-05-26 04:55:23;SO44736;74-3185-84739;95181;38;9437,65;307,26;908,64;14018,2;Comment 479
80334;2021-01-24 04:45:23;2022-06-29 03:37:11;2022-03-22 13:07:44;SO50661;76-6173-91169;22599;32;7517,17;374,61;142,29;17120,17;Comment 480
86716;2021-03-06 13:45:39;2020-09-08 21:08:30;2020-12-04 17:40:43;SO95209;50-5389-75591;35896;21;9692,24;69,82;235,26;12349,64;Comment 481
33160;2021-08-26 03:40:04;2020-04-17 18:27:07;2020-04-30 14:45:41;SO54815;16-3417-49054;11269;34;1548,42;275,84;647,45;7056,88;Comment 482
34427;2021-03-11 23:52:45;2023-03-31 21:58:31;2020-02-04 21:33:52;SO91866;85-4116-52037;16116;10;3798,74;36,33;547,89;15154,59;Comment 483
81964;2021-11-26 14:07:59;2021-08-30 09:18:48;2023-06-01 14:52:13;SO59537;98-8354-24626;31659;40;868,8;281,69;107,4;10401,35;Comment 484
85193;2023-03-27 06:20:33;2020-01-10 10:30:33;2023-06-04 14:54:11;SO43349;60-7449-26711;30776;34;4821,23;75,56;452,28;4255,21;Comment 485
53757;2023-10-23 06:26:49;2021-08-31 06:39:45;2022-07-18 12:08:40;SO17605;24-7081-87522;88995;35;9515,87;113,84;612,84;8799,65;Comment 486
62561;2020-06-04 01:09:30;2023-04-01 19:33:20;2020-07-20 00:23:59;SO91744;75-3751-62094;10659;39;1875,25;84,79;298,78;8548,92;Comment 487
88030;2022-12-29 20:24:03;2023-03-30 23:37:12;2022-07-24 05:03:35;SO60581;84-7460-34357;95665;46;595,43;115,97;114,77;8401,22;Comment 488
12500;2023-04-15 18:23:31;2023-06-17 05:27:44;2021-06-27 04:40:54;SO22316;44-6968-96958;89841;40;8217,9;419,29;234,65;5722,51;Comment 489
77300;2022-04-04 11:56:58;2020-08-03 00:41:22;2022-03-11 12:28:10;SO41457;16-3417-49054;16717;22;4568,68;87,94;137,83;236,23;Comment 490
33464;2020-07-19 13:52:12;2023-12-11 05:54:39;2023-09-02 19:39:15;SO36265;33-1973-80101;25144;26;7804,5;402,82;693,93;16987,81;Comment 491
93651;2023-06-25 23:31:56;2021-12-17 23:26:12;2023-09-24 02:37:04;SO63853;86-5535-57031;68094;30;1203,28;176,33;372,2;2516,55;Comment 492
73384;2023-12-14 22:07:35;2023-05-17 19:54:11;2022-08-24 04:18:18;SO63118;97-9859-86247;93016;36;9312,46;127,03;690,03;8331,75;Comment 493
96811;2023-12-15 12:23:23;2020-04-21 22:17:56;2021-10-13 09:08:09;SO96283;33-1973-80101;22945;40;5415,46;370,92;477,17;17435,56;Comment 494
89436;2021-05-03 08:05:53;2022-05-17 08:21:53;2022-08-18 06:21:37;SO16393;49-7039-68376;80037;12;4493,7;252,73;47,42;3652,56;Comment 495
65664;2020-02-27 20:18:38;2020-09-05 01:00:44;2020-11-02 14:47:06;SO94659;60-7449-26711;42408;41;342,88;188,24;512;16126,39;Comment 496
64022;2022-12-09 06:05:03;2023-07-03 01:48:56;2023-04-15 08:43:56;SO91556;28-6393-31125;18510;5;4713,24;217,01;870,29;17436,64;Comment 497
83903;2020-06-29 08:49:11;2023-12-11 09:58:26;2022-09-29 23:35:24;SO26015;81-3143-56523;97423;34;9875,46;119,99;189,99;15271,83;Comment 498
67426;2023-03-29 19:00:02;2020-12-30 09:28:04;2021-09-30 15:06:47;SO44571;86-5535-57031;21517;36;3386,51;394,22;87,95;15072,76;Comment 499
70761;2022-09-13 10:10:34;2021-07-18 23:59:13;2020-09-14 23:10:52;SO24040;28-6393-31125;16199;29;4125,15;83,49;351,65;13643,68;Comment 500
96145;2020-04-25 05:34:40;2021-03-06 16:43:21;2021-10-30 16:43:32;SO72150;51-7541-34141;16089;10;9757,7;380,8;981,5;19055,33;Comment 501
59080;2023-06-17 01:50:12;2023-07-11 21:48:51;2023-05-08 04:31:32;SO21264;71-9532-69420;38939;44;5413,71;292,34;724,88;874,43;Comment 502
62072;2022-02-03 09:52:17;2023-04-25 19:34:14;2022-06-30 02:56:13;SO29436;57-9057-83653;34706;43;125,81;92,58;902,11;12359,08;Comment 503
18625;2021-09-05 00:51:28;2020-06-08 00:47:11;2022-09-17 09:34:14;SO94807;86-5535-57031;72756;1;8315,81;141,78;923,82;6674,27;Comment 504
16587;2021-08-21 14:28:15;2023-01-19 08:59:31;2020-12-25 16:54:53;SO75444;84-8862-18518;83822;44;4933,81;438,91;902,33;13581,9;Comment 505
58425;2020-11-19 21:42:11;2020-08-08 18:01:38;2023-04-26 10:13:17;SO59278;50-5389-75591;27212;23;4121,77;137,43;460,65;8277;Comment 506
97671;2021-07-04 02:24:22;2023-04-27 03:57:49;2022-07-07 10:14:44;SO63224;23-8779-93758;29938;27;6559,19;373,2;585,83;7776,27;Comment 507
21969;2023-06-25 08:38:31;2020-07-31 20:20:57;2022-08-01 07:43:45;SO45047;30-1489-79011;81094;24;3447,31;147,57;885,24;2947,09;Comment 508
64157;2020-05-21 10:23:52;2021-06-04 15:39:27;2020-04-11 06:39:54;SO59528;53-9319-74957;77345;47;4417,66;499,83;67,19;8120,96;Comment 509
70915;2020-02-13 22:42:45;2020-08-11 12:18:11;2022-05-14 10:12:32;SO81009;96-7105-64379;28778;1;4530,79;283,35;52,06;17385,18;Comment 510
75159;2020-02-18 01:38:15;2023-02-23 21:54:29;2020-09-02 12:34:00;SO58633;23-8510-71623;70572;48;5565,31;364,63;511,81;6457,34;Comment 511
41827;2022-04-24 06:39:11;2022-08-29 22:08:09;2020-12-20 00:32:35;SO37704;78-5514-83427;67293;41;9430,9;96,55;301,89;11178,71;Comment 512
78038;2023-09-25 16:08:56;2022-12-03 06:33:09;2020-02-12 03:12:40;SO66315;75-3751-62094;60039;16;3619,1;136,18;660,88;7864,06;Comment 513
50690;2022-03-29 22:27:00;2021-01-25 22:01:22;2020-07-27 08:18:14;SO47371;74-3185-84739;37540;29;2353,36;406,67;396,66;4891,12;Comment 514
43736;2023-07-02 00:46:28;2022-12-31 10:57:15;2022-07-13 15:18:50;SO91290;49-7039-68376;48077;28;8816,19;71,24;607,35;4881,93;Comment 515
64155;2020-12-22 16:45:49;2022-03-24 03:04:35;2021-09-15 17:19:12;SO42023;81-3143-56523;55480;23;9876,42;489,78;563,96;16183,89;Comment 516
98416;2021-01-19 01:37:22;2020-07-26 04:01:12;2021-05-05 23:38:47;SO76087;84-8862-18518;67621;17;5117,19;412,34;723,93;4668,31;Comment 517
68677;2023-10-15 12:38:34;2021-09-24 09:07:03;2020-10-23 06:24:43;SO51824;78-5267-32468;19475;44;9860,3;37,85;430,42;7489,42;Comment 518
60226;2022-06-07 12:49:03;2023-02-07 06:12:41;2023-02-02 00:08:09;SO36990;16-3417-49054;14155;2;9139,12;144,09;327,76;1366,3;Comment 519
22096;2023-08-26 05:22:57;2021-10-20 16:17:36;2022-07-06 03:32:25;SO63064;97-9859-86247;78861;7;8237,29;398,89;108,12;15873,57;Comment 520
99576;2021-04-06 06:22:38;2020-06-14 08:46:32;2021-05-22 03:42:59;SO93850;75-7092-97988;15800;34;462,15;424,67;77,28;16525,32;Comment 521
18552;2021-08-16 15:25:25;2023-03-16 23:16:43;2021-06-20 05:47:53;SO91424;69-1886-36823;55673;22;2154,8;462,37;793,69;5121,84;Comment 522
21564;2022-04-25 16:30:27;2022-09-20 08:29:28;2023-03-25 04:13:47;SO88381;60-7449-26711;32355;10;6017,02;224,58;783,64;2307,8;Comment 523
68242;2021-08-23 03:08:31;2022-09-10 12:50:45;2020-10-09 08:10:30;SO88894;75-3751-62094;60115;8;4176,02;224,2;895,2;1534,98;Comment 524
67235;2022-11-11 17:46:02;2023-06-05 01:57:09;2020-07-13 20:52:10;SO91392;51-7602-22642;21860;39;3954,13;33,71;198,21;17227,99;Comment 525
42996;2023-09-01 02:03:09;2023-03-23 13:43:05;2023-08-27 23:42:29;SO93859;60-7449-26711;48890;37;585,38;317,65;447,51;2616,25;Comment 526
62870;2021-03-16 12:54:40;2023-02-27 18:06:51;2020-05-12 18:13:46;SO78839;66-4277-92738;70169;29;8245,82;92,44;216,84;5313,14;Comment 527
44943;2020-03-11 01:06:04;2023-03-28 09:17:46;2020-09-08 23:05:09;SO10183;72-3440-90827;85143;14;1369,94;364,76;933,52;10023,46;Comment 528
11545;2022-10-11 12:40:46;2023-02-16 13:52:13;2021-07-13 21:01:03;SO82129;61-5244-70735;74614;14;2269,27;201,13;573,51;6545,86;Comment 529
70725;2022-07-17 09:49:35;2022-03-24 01:52:43;2022-10-16 13:27:30;SO44501;75-7092-97988;64282;1;9177,31;371,2;454,96;14185,85;Comment 530
79242;2022-10-13 21:02:34;2023-01-03 14:18:37;2023-01-22 19:00:32;SO63401;84-8862-18518;72518;20;2010,02;158,24;375,05;14171,76;Comment 531
74359;2023-03-22 18:41:31;2021-08-01 00:08:27;2023-07-17 12:35:12;SO51103;29-3530-22517;43568;17;6661,85;429,92;870,38;3802,52;Comment 532
29764;2023-12-23 12:29:18;2021-06-25 02:25:31;2022-02-09 03:12:32;SO62157;23-8510-71623;78291;13;7628,37;253,57;301,3;15955,65;Comment 533
50742;2020-08-10 03:10:02;2020-06-07 10:15:09;2020-12-28 12:11:51;SO20615;71-9532-69420;53818;41;1488,74;196,99;843,36;18711,82;Comment 534
35620;2021-09-18 06:50:34;2023-12-19 05:56:23;2020-11-28 11:58:00;SO23456;76-6173-91169;88593;11;7127,54;253,48;509,75;9058,7;Comment 535
77907;2020-09-26 20:39:54;2020-03-15 21:12:44;2021-01-10 14:13:11;SO97149;49-7039-68376;47902;27;535,64;55,63;585,33;129,94;Comment 536
18612;2022-01-12 04:07:02;2022-08-30 12:55:27;2023-12-01 16:32:06;SO26354;44-6968-96958;75957;49;5793,67;201,46;781,94;6209,95;Comment 537
81224;2022-12-09 22:43:48;2021-11-09 00:07:13;2020-04-13 15:50:27;SO60853;16-3417-49054;17594;20;8032,52;415,92;212,09;6311,35;Comment 538
93555;2020-01-04 06:57:02;2021-08-05 10:00:12;2023-09-15 06:29:25;SO89902;73-8844-80299;99821;26;7247,83;475;554,78;5681,47;Comment 539
77112;2021-04-29 18:50:47;2022-08-29 21:07:01;2023-02-01 08:11:11;SO38561;69-1886-36823;35622;28;5942,95;166,72;710;15344,14;Comment 540
73910;2020-03-14 18:07:14;2020-08-11 10:51:11;2023-05-16 20:42:35;SO14768;42-3255-58813;50961;28;3274,89;213,51;298,79;11231,06;Comment 541
41330;2021-09-24 17:35:56;2023-11-17 21:59:05;2023-07-24 22:29:43;SO70191;60-7449-26711;91541;24;4338,45;182,88;898,33;17144,12;Comment 542
39907;2020-12-07 15:17:08;2022-07-26 19:28:40;2023-05-12 16:19:35;SO96426;92-2389-56247;57173;28;6507,79;219,99;943,82;5601,3;Comment 543
33120;2021-03-06 23:36:04;2020-08-03 05:04:58;2023-06-01 01:34:09;SO76990;98-8354-24626;57131;50;5393,08;16,13;501,65;9410,28;Comment 544
29834;2022-12-16 03:03:20;2021-07-03 19:48:39;2023-04-13 08:12:08;SO16039;60-7449-26711;26440;37;4599,08;211,61;221,72;2734;Comment 545
92190;2020-04-25 05:00:14;2021-08-04 11:44:42;2020-09-02 08:07:40;SO63499;72-3440-90827;75919;15;8564,04;107,86;782,25;3264,52;Comment 546
75899;2023-10-05 20:59:42;2023-07-01 23:22:45;2022-07-30 02:33:54;SO65485;74-3185-84739;84286;18;5449,34;60,27;525,55;11392,06;Comment 547
62482;2021-03-10 01:38:01;2022-09-17 13:28:16;2023-09-01 05:57:56;SO24640;75-3751-62094;13574;36;3593,66;86,84;930,31;10318,15;Comment 548
42913;2021-11-30 10:31:01;2021-12-29 15:58:33;2022-10-02 01:00:58;SO31253;17-6178-77430;38755;41;7832,35;179,04;710,76;11747,78;Comment 549
91545;2021-07-10 20:29:21;2023-12-07 13:29:24;2023-03-18 15:54:36;SO77136;23-8779-93758;67059;7;7768,36;329,96;983,87;3612,49;Comment 550
11844;2021-02-22 22:29:24;2021-11-08 13:58:56;2020-06-07 19:47:30;SO82407;53-9319-74957;51357;48;6756,71;338,16;202,49;14276,18;Comment 551
49161;2021-09-05 15:20:24;2020-09-21 12:31:04;2023-07-18 05:25:09;SO97628;61-5244-70735;30639;21;7012,15;379,39;217,98;13542,22;Comment 552
75611;2020-10-27 19:02:08;2021-04-14 01:50:40;2020-08-26 18:27:45;SO31816;24-7081-87522;37584;15;8427,74;467,86;559,43;15373,12;Comment 553
86233;2021-11-14 07:03:56;2021-03-26 00:27:04;2021-07-25 01:23:25;SO59424;76-6173-91169;53580;10;7283,67;351,13;915,79;12890,79;Comment 554
97572;2023-01-19 17:51:02;2023-01-01 18:09:50;2021-01-21 10:26:11;SO67963;29-3530-22517;68984;8;9033,27;386,98;554,23;19423,03;Comment 555
43146;2022-05-07 02:38:23;2022-02-28 21:50:23;2020-11-11 21:12:41;SO35786;51-7541-34141;48394;10;509,25;73,2;128,03;7887,8;Comment 556
45720;2022-11-12 01:16:39;2020-01-07 12:27:06;2023-02-23 19:11:00;SO28811;49-7039-68376;75037;34;9157,72;196,48;48,51;12029,32;Comment 557
72165;2022-06-14 23:27:46;2021-09-13 06:15:40;2022-08-18 19:12:58;SO70236;50-5389-75591;99392;43;5753,75;468,29;392,53;15350,89;Comment 558
26772;2023-05-04 08:00:12;2023-03-14 18:59:25;2022-09-24 20:53:20;SO67966;74-3185-84739;36177;48;3981,77;47,08;425,73;15181,71;Comment 559
15317;2023-02-19 04:48:58;2020-11-08 08:18:18;2022-04-17 23:56:05;SO91199;78-5514-83427;39508;21;9868,83;318,72;831,48;9843,32;Comment 560
25835;2021-04-09 19:37:37;2020-01-16 16:05:50;2021-08-26 21:09:58;SO32072;98-8354-24626;81180;42;470,41;353,53;69,05;2603,81;Comment 561
16553;2020-09-15 18:31:04;2021-02-02 08:23:17;2023-04-21 19:58:23;SO59037;72-3440-90827;44338;4;8002,63;482,69;546,33;3415,29;Comment 562
10623;2021-11-18 04:41:44;2021-05-22 17:54:09;2023-10-15 03:45:13;SO58238;60-7449-26711;97588;5;1469,56;433,98;689,02;18530,22;Comment 563
68946;2020-09-08 11:02:33;2023-01-18 00:39:19;2022-04-11 23:13:43;SO53494;16-3417-49054;23476;34;5123,88;97,58;124,79;2942,98;Comment 564
72171;2020-09-28 04:34:04;2023-03-18 13:41:37;2020-04-03 04:06:53;SO30942;35-6579-94037;68771;4;5710,77;491,85;565,67;4219,27;Comment 565
20876;2022-05-13 20:18:51;2022-04-22 22:56:36;2023-05-16 14:32:52;SO15450;66-2881-24904;86214;40;521,17;455,52;761,07;2383,58;Comment 566
15105;2023-08-05 20:03:13;2022-03-11 11:29:00;2021-11-15 01:02:13;SO37691;86-5535-57031;34708;22;8295,38;379,9;828,13;8915,38;Comment 567
75949;2023-09-05 01:41:03;2020-05-07 01:58:44;2020-12-11 11:44:06;SO26267;28-6393-31125;34590;24;1841,09;354,86;769,66;17144,69;Comment 568
28924;2021-03-11 03:44:29;2023-11-28 13:15:05;2023-12-08 03:42:58;SO54593;72-3440-90827;32972;25;9023,59;163,42;711,42;417,69;Comment 569
39239;2021-06-24 11:53:39;2023-08-20 23:06:20;2020-11-17 14:40:17;SO52439;72-3440-90827;47998;15;2124,64;389,98;893,77;14540,19;Comment 570
54775;2022-11-30 13:47:35;2021-07-11 02:09:53;2022-01-25 05:12:28;SO35782;57-9057-83653;76570;49;7767,29;231,58;127,43;5087,91;Comment 571
35347;2023-06-17 12:21:03;2020-06-23 09:27:04;2023-01-10 07:08:17;SO56129;83-7954-63932;84019;8;7110,72;58,92;497,36;6570,11;Comment 572
59934;2020-09-19 09:39:09;2020-03-28 03:14:10;2020-08-04 13:40:42;SO68639;75-7092-97988;22921;32;7472,91;393;570,85;8175,44;Comment 573
90121;2023-06-25 18:20:51;2021-12-05 19:24:38;2021-12-26 03:24:20;SO33269;49-7039-68376;61298;17;5141,77;454,66;304,24;14223,4;Comment 574
73936;2023-04-12 19:28:12;2022-09-03 07:55:24;2023-02-12 21:16:05;SO77761;53-9319-74957;93060;34;1723,85;387,51;727,99;4260,15;Comment 575
91318;2020-07-10 17:17:23;2020-06-27 04:51:22;2022-02-14 02:41:16;SO96287;51-7541-34141;47155;17;2743,89;206,81;568,91;5951,93;Comment 576
12856;2020-02-22 20:59:40;2020-02-19 20:46:58;2023-04-19 16:00:04;SO54264;73-8844-80299;59661;17;6783,4;153,28;847,59;8097,34;Comment 577
87629;2020-09-24 20:04:21;2023-08-07 16:30:53;2023-09-22 16:32:34;SO23541;30-1489-79011;63347;20;3808,74;370,83;995,87;17627,98;Comment 578
94338;2020-09-22 22:40:11;2023-11-04 17:16:21;2022-07-18 20:02:47;SO40889;24-7081-87522;29980;43;6098,74;363,77;80,08;12962,5;Comment 579
97794;2021-03-06 16:41:07;2023-11-16 17:18:18;2020-09-18 15:47:42;SO23089;29-3530-22517;95060;24;6746,53;58,63;530,46;5922,03;Comment 580
55897;2022-07-02 06:09:57;2020-03-04 00:32:52;2021-12-25 06:46:17;SO11744;74-2176-61667;52099;20;6096,41;423,62;473;4229,71;Comment 581
93212;2021-12-12 08:15:08;2020-10-11 20:08:38;2020-11-10 12:54:18;SO55364;23-8510-71623;27256;39;7900,82;376,64;937,29;16530,76;Comment 582
91406;2021-07-10 18:33:56;2022-12-20 14:14:12;2022-08-10 13:50:37;SO57316;30-1489-79011;49063;38;4613,47;161,22;727,97;17529,33;Comment 583
31863;2021-12-20 23:34:27;2020-04-05 12:06:29;2020-12-24 00:29:58;SO68802;33-1973-80101;84579;10;2880,53;284,27;44,92;3633,07;Comment 584
41828;2022-12-02 01:17:36;2020-02-13 16:57:15;2023-03-27 10:25:39;SO97111;42-3255-58813;23140;23;8306,09;255;937,85;1457,37;Comment 585
77835;2020-10-14 01:30:32;2023-08-09 14:36:00;2023-09-29 21:18:35;SO82618;66-2881-24904;40888;40;8797,53;466,18;259,17;18708,57;Comment 586
68932;2020-02-02 07:26:12;2021-12-13 02:14:30;2021-01-04 12:13:26;SO36099;33-1973-80101;57617;40;8466,32;158,5;167,42;2995,99;Comment 587
65931;2020-08-02 21:38:45;2022-02-06 19:01:05;2021-10-24 00:09:37;SO72319;57-9057-83653;10521;44;7036,68;181,61;28,99;7571,68;Comment 588
37991;2020-04-18 06:57:00;2020-08-20 19:44:16;2023-09-28 06:12:25;SO34151;44-6968-96958;51152;5;322,03;201,5;628,45;8135,69;Comment 589
92151;2023-08-18 05:10:48;2022-10-10 20:57:06;2022-04-27 20:28:48;SO30757;16-3417-49054;40706;10;2419,99;373,42;752,5;9250,76;Comment 590
26108;2023-03-17 08:48:51;2021-06-25 16:30:16;2022-01-18 06:22:16;SO13216;69-8859-80035;47540;7;437,82;213,52;502,55;7311,93;Comment 591
81095;2023-10-12 18:37:32;2022-03-04 01:16:54;2022-06-03 16:40:28;SO46206;63-4608-21366;10826;43;8581,46;413,77;830,3;4611,26;Comment 592
94205;2022-04-10 17:33:15;2020-11-24 16:14:33;2021-12-06 02:08:49;SO97219;69-1886-36823;90979;11;214,12;358,32;327,93;8653,98;Comment 593
42988;2023-07-26 13:34:16;2023-07-15 18:32:22;2022-04-23 02:53:16;SO22109;40-2409-67736;84757;16;9838,59;199,43;675,27;10430,69;Comment 594
90069;2022-10-26 09:50:56;2021-12-24 19:11:29;2022-01-10 09:32:13;SO79198;33-1973-80101;56211;43;8757,17;111,27;639,43;3096,33;Comment 595
79422;2022-10-04 08:35:10;2020-12-26 12:36:20;2020-02-17 07:35:56;SO31631;75-3751-62094;84481;10;2330,1;123,34;646,36;8314,28;Comment 596
29190;2023-12-07 15:27:09;2022-01-30 22:44:24;2020-11-15 11:58:36;SO37114;53-9319-74957;48114;7;7504,7;179,04;21,98;14072,25;Comment 597
70854;2020-10-19 22:16:46;2021-01-25 12:40:13;2020-12-04 22:33:47;SO78282;81-3143-56523;34471;17;8345,93;182,36;749,16;10096,83;Comment 598
30436;2022-02-17 21:02:06;2022-09-16 01:20:19;2023-05-11 16:29:18;SO50446;60-7449-26711;91245;23;8087,5;118,42;531,53;1477,54;Comment 599
78478;2022-03-04 05:10:51;2020-03-20 19:13:44;2021-12-01 09:20:23;SO29718;57-9057-83653;51526;8;8180,77;10,61;382,52;9263,67;Comment 600
68739;2022-08-25 10:08:56;2021-05-24 11:01:32;2021-01-18 18:55:58;SO39479;63-4608-21366;79668;22;1319,92;31,82;355,27;115,4;Comment 601
16089;2020-03-31 02:29:22;2021-07-29 11:45:01;2021-03-30 11:43:35;SO13780;22-4444-25264;86421;2;7803,22;14,79;452,99;6374,93;Comment 602
98428;2022-05-22 12:17:36;2020-12-13 16:37:31;2020-01-23 06:55:11;SO54549;75-3751-62094;45168;33;9103,35;99,89;182,86;12643,29;Comment 603
62992;2023-12-10 02:05:48;2020-09-26 09:11:15;2023-08-15 08:34:49;SO81684;44-6968-96958;57684;8;1208,61;370,99;929,16;6323,19;Comment 604
79050;2023-04-29 19:36:45;2020-09-30 22:54:05;2023-08-20 18:43:03;SO70154;76-6173-91169;15682;47;6580,27;184,44;640,52;7456,93;Comment 605
39687;2021-11-05 06:43:52;2020-06-14 20:51:08;2020-06-23 04:12:33;SO18078;48-2823-67639;69580;17;3413,27;32,3;51,27;13560,88;Comment 606
49284;2020-09-05 21:59:26;2023-06-12 07:23:25;2020-06-12 16:21:07;SO89357;72-3440-90827;95571;23;7620,62;352,56;207,92;4618,76;Comment 607
74298;2022-09-07 04:30:56;2023-05-19 00:43:40;2021-06-07 14:21:20;SO28046;40-2409-67736;45686;11;1678,31;302,83;732,97;16626,05;Comment 608
87616;2023-12-03 20:23:41;2021-12-04 22:48:57;2022-03-24 08:20:49;SO98794;28-6393-31125;98940;23;1158,8;230,86;686,21;2768,45;Comment 609
54924;2023-07-29 19:15:55;2023-02-11 13:44:44;2022-01-11 20:32:22;SO43139;16-3417-49054;34334;40;3021,05;356,97;872,76;684,26;Comment 610
17066;2022-03-28 20:15:25;2022-12-05 01:18:13;2020-06-08 00:48:27;SO44304;35-6579-94037;94385;39;6148,92;458,07;239,11;16830,71;Comment 611
67568;2023-03-25 16:04:22;2023-05-10 05:14:24;2022-08-09 02:30:08;SO68465;66-2881-24904;21054;6;9097,71;382,12;412,58;8565,63;Comment 612
47316;2020-03-16 18:06:16;2020-05-29 13:25:13;2023-03-08 07:19:34;SO16039;63-4608-21366;84941;5;6687,93;309,86;952,61;2523,88;Comment 613
22399;2021-03-29 13:00:18;2021-08-18 22:05:38;2021-05-11 18:42:40;SO26918;23-8779-93758;64058;36;2111,71;354,98;577,67;19212,22;Comment 614
40384;2021-06-11 19:15:52;2022-02-07 05:29:00;2021-06-30 13:42:49;SO14500;81-3143-56523;61866;24;4712,89;77,23;513,9;3803,95;Comment 615
37255;2023-07-14 16:04:20;2021-08-01 20:59:29;2021-11-16 09:54:32;SO86841;33-1973-80101;51956;1;3992,14;486,04;565,67;7204,64;Comment 616
81986;2022-04-10 19:30:15;2022-04-11 07:45:37;2022-08-23 22:30:47;SO25367;22-4444-25264;89464;36;9206,36;249,15;909,25;16543,67;Comment 617
99287;2021-09-27 03:42:21;2023-12-24 00:48:43;2021-04-26 23:25:19;SO50352;71-9532-69420;55950;14;8496,64;325,03;598,75;5977,18;Comment 618
67263;2023-04-20 15:05:45;2020-06-03 10:24:12;2021-12-20 15:09:57;SO21066;40-2409-67736;30812;30;3153,91;41,34;109,62;1043,83;Comment 619
57210;2023-04-01 12:40:45;2020-11-28 00:26:49;2021-11-16 01:12:00;SO40663;73-8844-80299;47566;12;3604,74;271,39;938,3;2638,03;Comment 620
30186;2022-09-16 05:57:23;2021-10-12 22:45:39;2023-09-19 13:36:40;SO86428;29-3530-22517;44227;42;8329,27;118,84;60,17;2419,06;Comment 621
37985;2022-03-19 02:49:05;2022-10-02 18:43:59;2020-10-22 10:43:10;SO21357;49-7039-68376;14832;30;4642,37;145,81;690,33;10267,11;Comment 622
97804;2022-01-12 22:37:00;2022-12-29 02:37:16;2022-10-30 08:39:56;SO98770;69-1886-36823;78648;34;6363,37;83,17;829,69;9232,37;Comment 623
46354;2020-03-04 10:27:21;2023-05-29 21:04:54;2021-12-16 15:15:46;SO41599;53-9319-74957;47562;4;666,67;149,94;418,31;9569,27;Comment 624
88020;2023-11-12 20:59:35;2020-05-08 20:29:18;2020-07-12 00:34:44;SO45152;69-8859-80035;27714;29;2664,78;118,96;373,33;2338,8;Comment 625
93346;2020-07-20 08:18:03;2022-05-31 05:30:12;2023-04-19 10:00:38;SO45816;83-7954-63932;33164;15;496,72;100,38;353,95;1965,39;Comment 626
27443;2021-04-08 11:11:26;2021-05-14 13:33:41;2023-06-18 22:24:18;SO13859;66-2881-24904;12142;14;2068,27;222,58;696,68;14234,29;Comment 627
85751;2023-03-12 02:53:18;2023-01-06 09:18:09;2022-04-23 11:19:16;SO79783;49-7039-68376;99957;50;3051,09;436,02;543,67;16891,01;Comment 628
89054;2022-06-02 04:24:02;2023-06-19 21:16:03;2021-11-13 22:38:08;SO96219;51-7541-34141;58748;32;3562,14;402,8;865,27;14494,77;Comment 629
86761;2022-10-16 18:01:29;2020-02-16 19:51:56;2021-01-15 08:40:23;SO85592;29-3530-22517;39483;45;4391,38;227,97;11,3;11031,6;Comment 630
39347;2021-06-01 02:03:58;2022-04-16 04:39:46;2021-06-27 12:59:57;SO43229;96-7105-64379;47747;35;961,31;46;89,15;3505,69;Comment 631
64792;2022-01-23 09:57:30;2020-02-20 21:22:59;2021-12-13 03:08:34;SO94422;66-4277-92738;88404;45;3794,89;60,47;658,11;2250,68;Comment 632
82116;2022-10-03 07:21:28;2020-10-09 06:07:02;2021-06-22 16:18:43;SO75653;61-5244-70735;64589;11;9892,76;494,95;786,88;457,35;Comment 633
57835;2022-09-25 01:30:04;2023-07-02 15:10:57;2021-06-20 03:22:29;SO90037;49-7039-68376;66136;36;5866,18;349,25;187,05;8978,56;Comment 634
43905;2022-05-12 16:56:46;2020-05-16 02:07:47;2020-05-15 12:09:28;SO23915;81-3143-56523;55999;28;7742,78;448,24;133,9;1085,37;Comment 635
11320;2020-01-12 20:28:35;2022-05-03 15:01:24;2021-10-27 23:45:59;SO92605;84-8862-18518;42392;13;7895,1;342,88;22,99;12307,97;Comment 636
77732;2021-02-18 05:56:46;2023-06-13 03:56:19;2022-10-17 07:05:08;SO23687;78-5514-83427;87704;31;5142,53;210,09;126,94;17384,38;Comment 637
34208;2022-09-25 14:50:13;2020-07-08 12:01:23;2023-09-07 10:12:13;SO52422;44-6968-96958;11367;1;1277,33;324,15;150,74;19204,04;Comment 638
88426;2022-09-19 12:44:20;2020-04-28 09:48:53;2023-08-06 13:20:29;SO32236;81-3143-56523;40959;38;8871,15;225,94;156,26;1123,17;Comment 639
10976;2020-04-17 06:55:33;2022-05-11 12:37:31;2021-01-05 14:56:54;SO11462;83-7954-63932;94255;4;1256,63;66,91;56,73;5592,56;Comment 640
88722;2023-09-22 02:48:23;2021-05-15 21:26:23;2020-07-25 10:18:08;SO32015;51-7602-22642;47533;45;4979,93;298,34;945,83;19309,7;Comment 641
90720;2023-10-28 17:36:01;2023-02-24 18:17:06;2023-01-22 01:02:49;SO90271;72-3440-90827;59293;20;3751,68;285,39;350,95;17957,05;Comment 642
30903;2021-11-15 09:38:47;2021-07-14 22:22:47;2023-05-29 10:54:25;SO98463;72-3440-90827;41082;5;8954,81;116,06;135,17;7819,47;Comment 643
52585;2022-02-14 16:07:14;2022-05-31 04:45:53;2021-09-11 20:34:11;SO21164;60-7449-26711;65984;13;1626,17;347,16;74,85;3599,35;Comment 644
35322;2022-11-18 21:01:59;2023-03-28 23:42:35;2020-02-23 06:46:05;SO74151;60-7449-26711;35535;13;8947,44;334,24;625,15;8434,54;Comment 645
76659;2020-07-31 15:43:47;2020-12-06 09:10:13;2022-03-14 20:29:52;SO62259;63-4608-21366;89777;23;6350,09;109,89;443,66;19469,83;Comment 646
36970;2021-06-24 21:27:45;2023-01-20 02:46:56;2021-06-30 20:13:47;SO66719;81-3143-56523;11732;43;3651,18;219,96;931,79;16170,34;Comment 647
41202;2023-06-12 00:09:15;2021-07-21 05:49:52;2020-10-07 16:47:25;SO76164;28-6393-31125;34386;40;7137,89;266,43;77,7;6657,32;Comment 648
11148;2020-12-12 12:15:16;2022-01-20 01:05:41;2021-05-06 09:01:59;SO75488;78-5514-83427;50728;40;3525,48;178,35;185,64;1039,24;Comment 649
21659;2021-09-20 20:43:27;2022-05-01 03:42:08;2022-02-21 12:28:46;SO72053;16-3417-49054;10985;16;4731,66;225,79;428,83;10219,39;Comment 650
85895;2020-05-05 02:48:09;2020-11-19 08:50:29;2020-03-23 06:16:08;SO67753;28-4123-84663;53883;40;9762,16;204,14;952,21;5166,23;Comment 651
96895;2021-04-03 15:04:45;2021-09-14 11:13:01;2023-05-22 03:47:33;SO99891;40-2409-67736;84117;45;8391,37;313,43;681,52;8585,74;Comment 652
65570;2020-08-25 21:49:29;2022-07-24 05:17:12;2022-03-21 21:12:43;SO84678;97-9859-86247;26076;50;7576,41;68,86;540,79;17330,76;Comment 653
40467;2021-11-06 04:25:28;2023-11-03 18:28:46;2022-02-12 05:04:25;SO13927;74-3185-84739;56611;17;7919,38;39,89;774,21;14462,51;Comment 654
93498;2021-03-13 05:19:41;2022-08-21 21:34:04;2023-12-24 08:30:52;SO54623;35-6579-94037;95424;43;2532,73;362,72;826,34;9389,85;Comment 655
68120;2020-05-02 22:33:18;2023-03-09 09:57:44;2021-03-09 01:49:37;SO53687;75-3751-62094;95726;16;3561,65;315,49;222,53;15148,89;Comment 656
23335;2022-10-18 20:29:59;2020-10-19 04:36:39;2021-08-04 12:23:59;SO89761;96-7105-64379;65195;21;1809,81;53,45;720,21;12683,11;Comment 657
79161;2021-08-27 23:29:55;2021-05-19 01:45:02;2021-11-12 12:52:13;SO32635;97-9859-86247;74914;38;8168,59;496,1;324,5;17714,83;Comment 658
52696;2022-09-09 07:56:43;2022-10-15 23:45:00;2022-01-18 12:22:17;SO57408;69-8859-80035;27472;25;4112,44;478,22;734,05;8172;Comment 659
92062;2022-07-11 13:35:26;2021-06-29 21:40:50;2020-10-05 15:47:02;SO38387;72-3440-90827;57259;46;5414,35;310,83;682,47;14153,35;Comment 660
84657;2021-08-27 04:40:58;2023-03-01 21:47:03;2022-11-27 00:45:40;SO10445;66-2881-24904;72558;30;7917,48;287,82;430,55;2736,73;Comment 661
47970;2021-05-27 00:21:14;2021-06-14 01:59:24;2020-07-27 17:24:26;SO86855;28-6393-31125;63677;14;5775,37;93,94;575,51;9356,87;Comment 662
49067;2020-12-30 06:39:17;2022-12-23 01:46:04;2020-07-22 07:52:49;SO68968;28-6393-31125;47181;16;3888,7;472,43;964,15;2758,55;Comment 663
33619;2023-03-03 23:08:59;2022-06-15 11:36:47;2023-06-04 09:53:34;SO20987;71-9532-69420;93035;27;5468,73;173,86;227,58;12796,57;Comment 664
48728;2020-12-25 20:27:35;2020-04-02 23:49:54;2020-01-17 03:26:47;SO98573;40-2409-67736;67381;48;1961,66;489,49;589,47;10022,77;Comment 665
10318;2021-06-30 15:09:45;2022-11-06 08:30:20;2021-11-23 10:07:47;SO16139;53-9319-74957;79421;32;6406,92;419,96;581,07;9788,53;Comment 666
49733;2021-09-26 17:48:13;2022-02-16 05:39:56;2022-04-28 22:41:08;SO48272;73-8844-80299;99752;5;9143,36;94,3;817,11;3443,02;Comment 667
10602;2021-10-21 19:54:56;2020-12-23 11:15:03;2022-12-27 22:58:38;SO59605;28-6393-31125;86637;34;9485,14;415,17;544,96;13072,39;Comment 668
15598;2023-06-27 18:28:20;2020-12-28 10:08:24;2022-10-21 16:02:33;SO60205;92-2389-56247;99056;9;2771,23;337,22;668,23;7944,47;Comment 669
10259;2021-04-30 13:21:46;2021-02-02 09:24:24;2021-07-30 01:21:29;SO88232;44-6968-96958;70785;41;2617,5;235,99;556,34;9826,23;Comment 670
56745;2021-05-24 13:29:10;2020-04-21 13:51:56;2021-03-17 02:22:59;SO52566;16-3417-49054;76643;32;4653,56;424,27;948,12;4093,71;Comment 671
26179;2021-10-11 21:46:05;2023-03-07 15:10:37;2023-02-17 04:03:37;SO47688;51-7541-34141;36114;33;3084,9;213,39;692,55;6503,34;Comment 672
55047;2023-12-30 23:10:18;2020-01-10 13:03:51;2022-12-01 23:36:40;SO86318;66-2881-24904;23623;28;5802,07;464,38;905,18;17509,66;Comment 673
59198;2020-11-19 17:15:19;2023-02-16 19:56:07;2023-10-14 03:22:40;SO60274;75-7092-97988;15767;10;7245,33;224,18;972,88;19246,73;Comment 674
41859;2022-05-30 00:28:59;2022-09-15 14:03:13;2021-12-03 12:13:45;SO31264;69-1886-36823;76274;16;9323,64;207,46;603,97;6301,88;Comment 675
37177;2020-04-03 19:38:08;2023-02-22 11:34:01;2022-05-31 02:26:15;SO69505;86-5535-57031;10452;29;4211,04;187,76;481,06;6321,77;Comment 676
56486;2023-03-10 23:22:26;2022-04-13 16:01:22;2023-05-23 21:00:11;SO30663;97-9859-86247;17099;12;7070,18;335,95;960,15;19129,04;Comment 677
61386;2022-05-26 05:31:24;2023-01-16 14:16:08;2023-05-26 23:41:06;SO67738;92-2389-56247;55958;27;3090,55;229,7;368,38;4060,22;Comment 678
87232;2022-06-24 18:46:28;2022-01-20 18:10:54;2021-05-25 11:05:32;SO89818;92-2389-56247;34835;23;2503,81;374,62;932,82;6844,28;Comment 679
49176;2021-05-17 19:14:14;2022-05-29 16:52:09;2023-06-20 16:36:24;SO94059;69-1886-36823;53143;42;7463,12;47,59;294,73;13689,89;Comment 680
26809;2022-08-13 14:36:16;2022-08-17 07:16:26;2021-08-07 12:09:31;SO13008;51-7602-22642;64687;21;3997,3;487,88;196,97;3058,19;Comment 681
26802;2023-01-05 19:02:40;2020-05-16 16:20:12;2020-01-18 17:32:15;SO74927;81-3143-56523;23451;46;274,39;232,83;721,7;19968,48;Comment 682
39233;2020-03-17 13:03:20;2022-06-30 23:36:15;2020-07-06 11:30:22;SO97111;57-9057-83653;98228;35;7886,44;19,65;433,8;14793,99;Comment 683
58809;2020-11-27 11:31:47;2020-08-04 21:51:04;2023-03-21 09:15:44;SO56559;74-2176-61667;64827;24;6829,66;49,67;665,61;369,9;Comment 684
35052;2020-04-14 07:27:23;2022-10-29 00:07:02;2023-03-17 04:47:52;SO70202;28-4123-84663;56732;43;4716,39;293,03;509,21;4703,34;Comment 685
79403;2020-02-28 00:26:17;2020-05-07 10:37:54;2021-06-10 22:19:41;SO26522;28-4123-84663;10423;50;5357,35;17,69;231,91;1619,63;Comment 686
99383;2023-09-29 15:17:18;2023-04-07 00:08:09;2021-10-07 18:10:30;SO84411;23-8779-93758;22529;17;7830;107,65;573,01;8838,05;Comment 687
93961;2023-05-25 13:50:00;2020-12-25 08:05:17;2023-10-03 04:50:32;SO66763;42-3255-58813;19321;12;9298,89;270;250,29;6328,52;Comment 688
15076;2022-01-14 20:05:15;2022-08-27 22:59:38;2020-01-07 15:16:22;SO37786;29-3530-22517;25702;35;4665,96;425,67;762,44;11991,32;Comment 689
75437;2023-08-19 21:00:58;2020-09-01 23:03:47;2023-06-11 09:21:25;SO45481;78-5267-32468;90514;8;3750,31;252,24;955,69;18161,06;Comment 690
92508;2020-10-05 19:34:39;2023-02-23 11:50:04;2020-09-27 19:25:42;SO72446;57-9057-83653;48435;1;9995,82;417,46;887,01;1995,83;Comment 691
92377;2021-08-06 01:54:07;2020-04-11 12:56:33;2020-11-11 03:12:52;SO31093;81-3143-56523;70039;34;3303,65;426,71;541,81;18471,24;Comment 692
82061;2022-05-08 04:57:06;2021-08-21 02:12:13;2020-08-27 08:59:24;SO61012;66-2881-24904;52677;35;2669,33;256,97;52,34;9595,21;Comment 693
92863;2023-11-08 09:39:27;2020-10-20 16:28:27;2022-05-18 12:49:47;SO72829;97-9859-86247;13984;26;7731;76,65;961,8;17149,51;Comment 694
48962;2023-01-19 07:06:01;2021-07-08 05:54:16;2022-05-29 00:06:01;SO49721;72-3440-90827;95513;27;1493,85;240,14;393,4;2215,52;Comment 695
35162;2020-03-17 07:19:02;2022-09-12 06:11:26;2022-03-30 20:07:34;SO95590;83-7954-63932;74092;15;3025,04;23,7;432,74;2501,24;Comment 696
90295;2020-12-25 14:49:25;2022-08-26 09:37:43;2020-10-06 13:39:59;SO37064;69-8859-80035;15566;32;7484,41;410,16;637,97;16477,54;Comment 697
76164;2020-10-06 21:39:31;2021-08-07 11:00:38;2022-08-01 15:41:24;SO70288;85-4116-52037;33430;44;1250,95;422,36;95,89;10658,84;Comment 698
87126;2023-06-10 21:47:40;2023-05-17 10:29:01;2023-05-23 00:40:55;SO23726;92-2389-56247;63851;7;1662,31;244;152,98;683,28;Comment 699
53391;2022-08-10 23:07:01;2021-03-13 02:43:05;2023-10-02 14:52:27;SO90665;24-7081-87522;96334;46;101,57;467,68;286,9;5487,06;Comment 700
22635;2022-02-10 09:44:05;2021-12-07 01:56:34;2021-01-09 23:23:49;SO75851;78-5514-83427;88702;35;5215,4;204,58;77,92;7190,34;Comment 701
81275;2022-06-11 11:05:04;2020-08-24 15:45:11;2020-05-06 08:00:57;SO51810;69-1886-36823;84644;25;3475,62;101;970,34;16308,86;Comment 702
41294;2023-06-08 22:22:09;2023-05-12 17:47:39;2020-07-10 14:04:11;SO77054;17-6178-77430;83700;32;7932,1;178,34;983,52;15538,25;Comment 703
77501;2022-11-20 12:19:38;2021-06-15 10:35:59;2022-04-16 14:14:47;SO68766;85-4116-52037;46204;20;4341,76;22,3;227,8;10952,92;Comment 704
86439;2023-06-04 11:43:02;2021-07-03 14:01:50;2023-03-06 22:44:14;SO40027;66-2881-24904;53801;46;5122,33;238,18;422,78;9938,48;Comment 705
97091;2021-03-09 17:42:09;2021-03-31 08:01:51;2021-06-21 04:59:23;SO75796;86-5535-57031;26629;25;2922,9;466,93;656,03;4052,79;Comment 706
85793;2021-10-29 14:09:13;2022-03-26 07:28:23;2021-12-02 18:26:44;SO68304;78-5267-32468;47330;40;6985,33;471,71;820,02;16208,7;Comment 707
54312;2020-05-17 08:53:25;2022-05-12 19:11:38;2023-11-09 10:29:04;SO26376;92-2389-56247;40671;21;1906,29;134,62;889,69;17142,03;Comment 708
56884;2023-10-11 05:25:20;2022-11-19 09:13:07;2020-01-05 11:15:45;SO90022;75-7092-97988;72344;25;1974,21;300,59;665,85;16560,66;Comment 709
70957;2020-10-09 09:42:48;2021-08-26 06:48:27;2023-12-11 09:21:06;SO52212;78-5267-32468;31906;4;2229,08;34,64;322,93;13290,03;Comment 710
94345;2023-05-11 18:24:26;2020-03-26 00:56:59;2023-07-07 07:24:36;SO11480;23-8510-71623;50443;24;2318,1;399,74;533,29;11508,77;Comment 711
48114;2020-07-01 08:07:15;2020-11-19 18:53:54;2023-08-30 07:25:27;SO54490;69-8859-80035;67019;46;7793,65;285,23;206,55;1193,17;Comment 712
90068;2022-05-20 04:50:19;2020-09-25 22:14:52;2022-04-19 01:26:21;SO64676;44-6968-96958;28561;4;4579,32;395,26;133,65;1487,05;Comment 713
68507;2022-10-28 16:14:41;2022-01-23 19:53:09;2020-08-30 02:41:43;SO16962;75-7092-97988;25622;42;5222,07;100,38;826,13;3282,28;Comment 714
94877;2023-05-06 02:55:13;2022-10-07 13:10:17;2022-07-05 04:07:13;SO26930;84-7460-34357;39081;44;2216,09;329,06;835,17;16527,88;Comment 715
59727;2023-11-08 22:40:52;2023-12-06 09:43:07;2020-12-05 23:46:05;SO93616;44-6968-96958;10812;14;3969,73;272,26;650,7;10294,71;Comment 716
33493;2021-11-19 07:56:20;2021-02-18 00:26:18;2023-01-05 04:50:58;SO86117;75-7092-97988;21397;8;5215,4;211,34;959,06;3347,55;Comment 717
98979;2022-01-13 15:08:01;2021-12-20 06:54:17;2021-10-06 17:16:36;SO39139;23-8510-71623;50446;13;8820,12;357,69;740,35;10444,45;Comment 718
79142;2022-07-19 10:14:58;2020-10-16 19:32:44;2021-07-10 21:23:39;SO94238;85-4116-52037;46523;10;6134,19;248,5;723,05;14186,58;Comment 719
75276;2023-09-14 20:59:00;2020-03-12 03:00:39;2020-01-11 19:48:22;SO20570;40-5683-25279;37898;8;1021,52;294,89;883,88;4021,48;Comment 720
52642;2023-05-03 07:20:05;2022-01-20 13:17:46;2022-04-06 05:32:55;SO45669;28-6393-31125;68583;7;7922,78;366,22;805,49;6673,78;Comment 721
45465;2020-02-23 01:08:00;2021-08-16 16:45:31;2022-11-07 10:58:22;SO43717;86-5535-57031;68922;40;7327,57;352,83;173,68;280,67;Comment 722
40456;2021-12-08 08:48:35;2023-03-20 17:00:52;2021-01-04 09:05:54;SO17949;51-7541-34141;47737;24;2094,83;27,24;787,19;6144,42;Comment 723
28278;2021-02-07 00:10:30;2023-07-03 17:24:23;2023-06-26 19:56:41;SO51805;24-7081-87522;50918;5;9379,87;11,25;138,98;16579,47;Comment 724
42832;2021-04-10 16:43:58;2021-05-04 14:52:07;2020-03-26 06:30:24;SO14393;16-3417-49054;75517;45;2429,28;25,79;865,95;6555,91;Comment 725
17297;2022-03-04 06:11:55;2021-05-06 11:21:27;2021-12-30 01:37:41;SO61629;60-7449-26711;26232;19;577,03;95,66;519,42;9326,31;Comment 726
53660;2023-04-17 00:59:36;2020-12-22 20:17:43;2021-06-29 12:37:45;SO31267;75-7092-97988;82970;23;6821,94;240,91;372,97;8303,37;Comment 727
24230;2021-12-11 19:19:42;2021-05-23 03:24:24;2022-12-28 11:07:12;SO88536;40-2409-67736;60455;32;7339,1;391,76;584,61;16612,99;Comment 728
73428;2023-11-04 04:49:24;2020-06-06 03:25:42;2022-11-20 14:25:30;SO74264;44-6968-96958;70000;20;5630,93;278,52;92,49;16008,53;Comment 729
43265;2020-02-18 05:20:49;2023-02-11 14:47:06;2023-08-22 16:02:31;SO79467;28-4123-84663;16810;5;2990,92;472,14;298,25;19193,73;Comment 730
27470;2020-10-10 22:04:39;2020-08-09 07:37:23;2022-12-25 16:38:10;SO54737;49-7039-68376;62688;15;8002,86;343,29;165,12;19147,07;Comment 731
10757;2021-08-19 15:26:11;2022-02-02 00:00:37;2023-03-19 17:35:16;SO17702;57-9057-83653;46653;32;8923,98;312,77;546,55;7584,36;Comment 732
45461;2023-09-11 05:04:44;2022-06-21 06:55:53;2023-01-14 14:03:08;SO92042;51-7602-22642;85434;9;7196,87;384,6;195,64;4903,44;Comment 733
78083;2023-07-23 11:52:54;2021-12-12 02:35:41;2021-12-15 02:50:20;SO66305;84-8862-18518;31375;26;9560,13;146,33;43,94;4732,33;Comment 734
86226;2021-10-13 14:59:27;2022-12-17 20:34:17;2020-12-18 12:31:10;SO82350;57-9057-83653;62748;2;6501,56;368,46;197,18;423,87;Comment 735
97984;2020-04-04 18:02:43;2023-02-21 08:03:50;2022-07-21 23:18:02;SO21729;51-7541-34141;27046;48;3025,15;60,29;188,37;5141,26;Comment 736
79613;2022-02-25 14:34:18;2022-10-14 16:34:22;2023-08-11 07:41:44;SO96072;51-7602-22642;92712;40;1545,54;215,59;666,95;17508,6;Comment 737
13750;2023-02-28 23:20:46;2020-10-06 21:55:41;2020-02-14 02:35:31;SO58509;85-4116-52037;92795;42;4661,85;447,91;183,96;16813,3;Comment 738
25171;2022-07-20 16:31:37;2021-05-26 14:39:01;2022-04-27 02:08:07;SO86807;96-7105-64379;61914;46;4731,72;28,43;139,43;2598,11;Comment 739
37954;2023-03-25 22:07:36;2022-09-12 00:09:20;2023-12-26 17:45:18;SO31251;78-5267-32468;56954;7;1712,49;208,71;578,52;7319,27;Comment 740
60115;2023-11-29 05:52:16;2020-07-18 12:24:22;2021-04-10 06:39:31;SO40154;30-1489-79011;44815;34;9409,13;482,48;649,94;6800,89;Comment 741
36261;2020-03-06 11:29:59;2020-07-04 18:13:22;2023-08-19 00:28:03;SO38446;23-8510-71623;31603;15;7001,43;410,81;143,34;7923,73;Comment 742
63839;2021-10-04 08:21:35;2021-09-29 00:10:19;2022-02-07 20:24:57;SO13368;97-9859-86247;72879;29;9498,23;122,19;90,29;11816,59;Comment 743
53903;2023-01-08 19:36:45;2023-02-07 11:07:58;2020-09-01 05:21:36;SO78684;72-3440-90827;91151;42;797,36;233,69;490,64;8170,8;Comment 744
14404;2022-01-20 11:41:52;2021-04-30 04:16:26;2022-09-03 10:55:12;SO55694;28-4123-84663;48529;47;1402,73;69,56;824,71;12513,89;Comment 745
13865;2023-12-18 03:45:48;2022-03-22 18:30:01;2023-12-05 20:01:13;SO25003;66-4277-92738;75120;13;7764,84;171,84;226,36;9959,18;Comment 746
22002;2020-05-22 00:11:33;2022-08-10 11:51:37;2021-12-03 12:32:35;SO88771;96-7105-64379;41414;30;740,77;271,57;966,67;2613,55;Comment 747
86106;2022-04-10 18:44:31;2021-04-28 21:54:25;2020-04-12 19:47:09;SO57357;73-8844-80299;54375;1;7070,94;356,77;394,01;3267,81;Comment 748
99583;2023-05-30 02:35:22;2022-02-14 22:12:42;2020-03-05 15:37:13;SO18865;44-6968-96958;66406;18;2287,98;439,9;312,1;14502,61;Comment 749
56287;2020-12-13 09:11:07;2021-07-29 22:33:15;2022-05-29 08:41:12;SO55930;98-8354-24626;47502;25;7212,45;96,85;877,01;11681,91;Comment 750
15010;2021-01-08 19:22:17;2022-11-28 09:54:51;2023-09-10 04:21:32;SO81291;78-5267-32468;45328;21;224,04;160,56;189,66;2159,82;Comment 751
83794;2023-07-14 13:00:25;2021-01-24 04:24:33;2022-08-12 15:21:18;SO64038;23-8510-71623;87116;6;8563,67;212,92;21,05;2717,23;Comment 752
53236;2023-01-23 20:58:19;2020-05-21 10:48:09;2021-03-30 16:29:02;SO96870;85-4116-52037;68932;32;9995;10,24;673,44;8278,21;Comment 753
58986;2020-07-14 10:54:16;2022-03-10 19:52:51;2023-12-28 21:09:27;SO82265;75-7092-97988;15130;8;2388,63;29,7;750,56;10569,93;Comment 754
11937;2023-06-02 16:35:05;2020-09-28 09:34:42;2021-10-02 16:21:10;SO44947;84-7460-34357;65863;33;2233,23;63,74;600,41;8391,16;Comment 755
10127;2020-09-05 06:22:50;2020-07-02 01:33:18;2021-09-30 11:26:17;SO81738;22-4444-25264;70760;28;7322,31;130,19;938,38;17063,59;Comment 756
74529;2022-05-05 03:30:24;2020-02-20 07:40:18;2020-04-14 03:51:44;SO35619;97-9859-86247;14611;48;5392,61;327,67;871,88;6070,88;Comment 757
68280;2020-12-28 02:06:15;2021-12-20 06:08:04;2022-07-19 09:01:53;SO32194;98-8354-24626;75623;14;144,6;144,51;997,03;2672,18;Comment 758
73465;2022-10-17 19:40:10;2023-01-04 06:12:44;2023-09-05 05:24:58;SO86565;23-8779-93758;63320;43;4814,45;17,2;678,24;9433,23;Comment 759
85386;2022-04-29 10:10:35;2020-06-03 17:10:42;2023-01-13 01:54:08;SO15529;85-4116-52037;11483;1;2987,44;42,96;807,96;8251,47;Comment 760
88034;2023-02-05 19:43:49;2023-03-10 02:27:18;2020-11-14 16:33:07;SO23451;50-5389-75591;44421;19;9227,22;230;991,33;2097,87;Comment 761
21839;2021-06-23 06:35:26;2023-05-06 12:57:11;2021-08-29 01:39:36;SO88194;78-5267-32468;48711;48;2073,44;490,39;366,74;10887,41;Comment 762
95027;2022-06-26 15:41:01;2021-06-08 02:36:56;2022-11-09 06:37:18;SO13917;17-6178-77430;30371;31;2077,82;447,32;432,78;1530,51;Comment 763
14346;2022-07-09 05:25:34;2022-06-20 09:30:17;2022-03-31 19:19:02;SO41194;71-9532-69420;94276;43;7730,41;306,19;260,24;4312,25;Comment 764
48308;2023-04-14 14:53:26;2022-05-15 20:55:18;2020-04-22 10:08:03;SO29184;53-9319-74957;20396;11;3405,11;462,31;723,22;19737,18;Comment 765
27289;2022-08-06 04:23:30;2023-06-19 14:02:07;2020-07-03 14:05:32;SO60172;35-6579-94037;69127;2;7695,26;42,79;69,46;2884,26;Comment 766
42603;2022-12-06 02:41:36;2023-03-18 16:42:28;2020-12-28 21:49:07;SO77600;40-5683-25279;90625;12;1613,78;60,59;215,29;515,76;Comment 767
62716;2023-01-31 02:26:02;2021-06-12 20:26:46;2022-10-16 15:38:34;SO28733;97-9859-86247;27677;31;8859,24;225,31;67,42;5422,62;Comment 768
57584;2022-03-14 01:47:07;2022-12-25 06:43:43;2022-04-22 04:07:09;SO28923;85-4116-52037;86052;13;3422,85;262,85;587,18;2850,48;Comment 769
34373;2021-06-09 07:33:09;2022-07-15 18:20:30;2021-01-26 23:05:58;SO63072;97-9859-86247;51506;18;4807,98;11,51;91,69;5039,44;Comment 770
71473;2020-09-29 21:08:01;2022-02-22 18:00:12;2023-08-18 01:21:20;SO94608;75-7092-97988;39139;27;8659,22;484,26;423,81;17474,53;Comment 771
33215;2022-11-23 13:13:36;2021-12-20 10:06:51;2023-01-28 17:00:50;SO63857;84-7460-34357;93880;39;6181,9;481,96;641,69;16301,92;Comment 772
41174;2023-03-26 22:53:58;2020-07-12 03:32:56;2020-07-24 05:15:19;SO44600;75-3751-62094;54409;36;3748,59;387,57;144,29;3553,44;Comment 773
45593;2023-02-19 16:46:38;2023-07-06 13:53:48;2021-12-19 05:39:47;SO43737;60-7449-26711;58306;5;9238,51;401,36;883,58;3362,64;Comment 774
41785;2021-07-05 11:44:24;2022-03-14 23:53:46;2021-09-21 19:46:37;SO72927;86-5535-57031;11314;47;6018,08;292,65;152,22;18077,12;Comment 775
90380;2022-01-22 03:03:06;2023-01-14 08:41:02;2020-08-14 08:42:24;SO68633;35-6579-94037;95247;41;6645,47;309,02;11,74;6027,73;Comment 776
62418;2023-10-19 18:38:07;2022-02-15 01:32:59;2021-08-15 10:36:18;SO84263;48-2823-67639;85443;11;2524,69;10,74;233,67;2980,14;Comment 777
28414;2022-01-20 19:12:26;2023-04-11 04:13:07;2020-03-02 03:24:17;SO41587;51-7602-22642;73488;22;5945,89;71,49;860,03;3701,65;Comment 778
39047;2020-01-18 09:44:45;2021-05-31 14:38:27;2022-03-22 14:55:47;SO22682;40-2409-67736;80426;31;9701,88;458,96;743,14;6088,16;Comment 779
16929;2023-10-13 22:46:17;2023-01-16 00:01:54;2020-05-24 21:21:26;SO61453;28-4123-84663;34669;30;6252,09;454,15;687,51;13767,22;Comment 780
63620;2022-03-14 03:50:06;2022-12-20 02:18:08;2022-01-03 08:09:36;SO86206;83-7954-63932;67967;43;3237,49;369,24;764,74;5750,95;Comment 781
44302;2022-03-10 11:46:26;2021-06-08 00:41:50;2023-10-30 03:57:40;SO75387;69-1886-36823;73953;11;971,34;239,67;596,61;5197,04;Comment 782
90557;2021-01-21 18:06:36;2022-06-25 17:19:26;2022-08-23 19:47:03;SO36639;84-8862-18518;97266;6;4621,26;457,72;558,13;3004,23;Comment 783
95447;2022-05-17 21:32:12;2021-10-11 23:52:43;2023-04-09 05:30:45;SO28658;75-3751-62094;77245;45;9931,3;395,43;949,45;7578,86;Comment 784
48351;2021-10-12 01:22:54;2020-12-13 23:32:14;2022-01-11 23:04:12;SO87300;51-7602-22642;61481;34;5062,3;479,59;81,68;2309,76;Comment 785
76283;2021-01-06 00:06:54;2020-03-12 03:34:33;2020-03-14 15:20:45;SO50002;96-7105-64379;37355;25;7701,67;490,44;741,21;10480,69;Comment 786
37733;2020-07-10 04:50:06;2021-02-05 16:17:02;2021-12-13 09:54:57;SO73693;75-3751-62094;27675;45;4366,46;181,94;434,69;13133,71;Comment 787
68438;2023-04-20 08:29:23;2022-05-01 19:40:09;2023-05-27 21:53:54;SO68619;28-4123-84663;31124;13;2855,48;313,2;626,57;4689,23;Comment 788
91880;2020-03-09 16:54:40;2021-04-29 03:55:38;2021-03-28 17:52:07;SO30005;66-4277-92738;78567;1;5713,71;111,09;186,35;8345,44;Comment 789
81667;2020-09-26 21:46:46;2021-10-31 09:22:25;2020-05-16 10:27:20;SO66140;81-3143-56523;23238;2;855,14;67,07;294,34;19999,27;Comment 790
94749;2022-04-17 19:14:15;2021-10-30 08:05:57;2021-09-06 04:00:53;SO12933;40-5683-25279;10451;19;5605,31;478,33;705,86;17151,06;Comment 791
63247;2021-01-05 22:06:27;2022-09-23 00:13:33;2022-02-13 21:07:47;SO12510;74-3185-84739;96704;18;5840,16;190,95;63,32;7083,52;Comment 792
54487;2023-12-24 02:15:34;2022-11-24 18:42:40;2022-04-15 17:22:58;SO48502;69-1886-36823;51551;25;5403,17;406,15;409,54;6265,77;Comment 793
62117;2022-08-27 15:50:26;2023-05-17 22:42:31;2020-05-09 02:18:16;SO87556;66-2881-24904;82933;8;1996,89;242,02;872,22;1010,48;Comment 794
36796;2020-01-07 12:22:30;2022-11-29 16:03:33;2021-05-20 23:53:03;SO67646;84-7460-34357;13100;31;8733,43;423,04;620,9;5883,39;Comment 795
16697;2020-08-19 07:12:57;2020-11-01 20:07:03;2021-02-01 16:11:13;SO79858;76-6173-91169;72382;6;803,65;119,11;887,24;11816,47;Comment 796
11582;2023-01-27 12:00:23;2023-07-13 00:42:50;2021-01-08 19:09:34;SO89139;66-4277-92738;39017;42;3274,06;267,97;197,86;12878,57;Comment 797
61436;2020-12-10 02:55:14;2020-01-12 10:32:45;2021-11-08 13:03:00;SO23257;40-2409-67736;26565;23;381,92;460,35;741,39;4605,85;Comment 798
90926;2020-11-17 06:26:41;2023-06-03 01:50:40;2022-08-15 08:33:16;SO56152;53-9319-74957;53250;9;1725,73;215,48;148,56;14947,86;Comment 799
51379;2021-11-25 14:12:51;2023-12-27 00:00:04;2023-02-27 19:31:06;SO89073;48-2823-67639;57177;46;9119,87;318,67;571,7;17419,96;Comment 800
89512;2023-09-22 00:40:44;2021-10-04 19:06:12;2022-01-31 19:21:32;SO18577;51-7541-34141;18592;43;4178,23;139,12;280,51;2854,26;Comment 801
73162;2022-02-22 23:14:47;2022-07-01 02:46:18;2022-10-22 01:31:40;SO17664;61-5244-70735;72739;35;5148,58;200,68;603,54;19857,17;Comment 802
61343;2023-02-18 21:27:28;2020-08-03 16:48:40;2023-03-23 04:43:34;SO33629;69-8859-80035;34065;4;5003,36;385,9;895,47;664,7;Comment 803
59444;2020-05-16 23:36:10;2020-09-14 12:48:56;2022-12-31 14:40:46;SO22714;84-7460-34357;32312;42;4741,4;33,48;366,72;8562,23;Comment 804
48632;2021-10-18 22:58:51;2022-10-12 11:31:32;2020-11-16 12:58:49;SO98625;63-4608-21366;92461;40;7894,21;441,91;546,03;1036,95;Comment 805
82880;2021-02-06 14:46:00;2022-07-11 10:51:10;2023-03-30 10:12:22;SO84331;24-7081-87522;91745;41;2588,34;277,92;781,62;13512,03;Comment 806
18862;2021-06-11 15:50:28;2020-02-27 14:53:12;2020-08-16 21:44:05;SO71531;23-8510-71623;33183;4;5697,55;225,59;163,2;6642,76;Comment 807
86466;2021-08-03 02:40:11;2023-03-20 09:21:21;2022-06-12 21:35:47;SO10518;44-6968-96958;41656;21;187,4;286,03;233,29;3325,52;Comment 808
90830;2020-03-16 18:11:36;2022-11-26 03:00:11;2021-03-12 14:02:15;SO59557;23-8779-93758;34083;6;6273,97;482,42;738,97;3003,1;Comment 809
15171;2023-10-26 17:48:30;2020-08-29 10:01:32;2020-01-07 20:45:39;SO78737;76-6173-91169;31825;16;7358,05;97,27;259,98;6650,96;Comment 810
46738;2022-03-31 22:30:29;2023-07-19 12:18:28;2020-03-19 02:38:45;SO89328;92-2389-56247;51803;9;6514,39;23,85;294,67;19259,56;Comment 811
80827;2022-04-21 13:12:31;2020-10-28 17:04:42;2021-12-05 22:00:52;SO25908;44-6968-96958;23865;27;4655,23;343,77;873,03;1330,1;Comment 812
40422;2022-03-19 16:01:08;2020-07-10 22:01:08;2022-05-18 01:01:49;SO50364;84-8862-18518;39593;5;9498,93;199,47;793,38;19574,34;Comment 813
25544;2021-08-23 22:00:05;2020-07-19 11:13:56;2023-12-20 08:17:20;SO24661;33-1973-80101;68464;49;6971,84;248,62;724,53;4670,27;Comment 814
25625;2022-08-07 15:49:20;2023-08-14 01:59:56;2021-07-01 23:14:44;SO36629;69-8859-80035;69397;36;7208,66;54,12;612,85;9940,9;Comment 815
19325;2023-03-17 02:46:11;2020-11-04 18:49:19;2022-01-17 10:05:56;SO67994;23-8510-71623;67990;38;6416,78;176,65;685,9;13984,92;Comment 816
46609;2022-05-17 02:30:07;2020-02-04 20:52:41;2021-06-09 07:25:09;SO23764;85-4116-52037;51662;16;1347,02;47,43;607,34;9730,39;Comment 817
29839;2021-01-05 22:56:47;2020-10-21 18:51:56;2023-07-01 19:41:23;SO25783;57-9057-83653;91795;33;962,12;418,91;52,06;2497,34;Comment 818
63495;2023-04-09 11:25:21;2022-10-13 05:36:43;2020-12-27 02:55:40;SO99212;92-2389-56247;39825;16;5743,46;261,97;544,85;13990,84;Comment 819
46360;2020-09-01 22:36:09;2023-03-18 15:29:19;2023-12-05 23:00:15;SO17172;73-8844-80299;18679;42;5246,45;431,31;779,59;13562,11;Comment 820
39079;2022-04-30 02:45:02;2023-12-24 16:20:43;2020-09-07 07:54:53;SO93380;17-6178-77430;34389;40;3914,61;494;910,78;14679,29;Comment 821
85570;2021-04-24 05:37:52;2022-02-25 23:25:46;2021-11-30 02:20:39;SO11337;96-7105-64379;85224;24;3668,16;496,45;840,88;14893,4;Comment 822
85761;2023-07-02 21:52:08;2022-12-18 15:30:01;2023-12-22 15:50:07;SO29031;75-3751-62094;47685;8;9071,68;232,68;867;14669,04;Comment 823
54021;2021-04-20 02:57:45;2021-09-26 03:30:14;2021-10-17 02:02:34;SO97066;48-2823-67639;19616;30;9667,38;17,91;38,64;6802,53;Comment 824
87993;2020-01-16 23:04:26;2020-01-22 14:57:03;2021-03-12 11:43:17;SO86361;75-3751-62094;18223;29;8841,61;459,92;85,18;19003,8;Comment 825
55354;2022-06-16 00:30:55;2023-06-17 15:08:16;2022-07-03 05:16:27;SO24466;75-7092-97988;42921;18;2094,13;263,5;330,52;18618,26;Comment 826
22722;2023-05-31 17:14:35;2023-05-27 16:19:45;2020-07-28 18:39:53;SO12521;51-7541-34141;82115;33;144,63;208,96;806,16;19183,49;Comment 827
70289;2023-10-18 21:13:31;2021-08-01 10:38:26;2023-01-04 05:39:35;SO46131;63-4608-21366;64210;27;7141,49;204,1;761,52;5265,15;Comment 828
60027;2020-02-05 22:56:03;2022-06-11 16:34:11;2022-07-07 09:27:15;SO11991;23-8779-93758;48366;35;6003,59;448,59;134,51;15635,17;Comment 829
29601;2023-09-08 04:23:33;2020-09-12 19:52:46;2023-02-23 18:01:13;SO68867;75-7092-97988;45209;50;413,5;92,8;696,19;13756,39;Comment 830
91544;2021-12-04 01:59:22;2023-02-17 17:13:31;2023-02-18 10:15:01;SO93857;73-8844-80299;64371;41;6665,44;343,62;544,88;9689,7;Comment 831
25272;2022-03-12 03:00:31;2022-10-29 16:47:29;2022-03-19 21:02:15;SO41366;72-3440-90827;59717;44;5434,24;406,18;370,37;12498,53;Comment 832
49396;2021-07-20 23:19:08;2022-10-07 11:51:36;2022-12-11 03:27:03;SO10172;33-1973-80101;97018;44;4196,7;442,4;85,43;8344,69;Comment 833
80982;2020-05-25 09:28:14;2023-08-23 22:53:12;2023-03-19 19:12:24;SO42004;81-3143-56523;13129;49;820,77;189,07;898,28;12792,97;Comment 834
40076;2021-03-12 20:24:00;2023-10-17 18:20:59;2023-11-16 20:53:08;SO59647;98-8354-24626;56537;9;7426,92;227,87;300,66;9037,22;Comment 835
79918;2021-09-27 01:22:01;2022-02-15 00:13:17;2021-06-21 00:07:39;SO58911;74-2176-61667;40427;16;7810,54;280,85;443,9;17992,52;Comment 836
17885;2020-11-23 02:16:14;2020-05-11 00:05:05;2022-09-26 06:06:30;SO15605;35-6579-94037;69804;25;5572,7;366,61;125,21;6022,12;Comment 837
30485;2022-08-11 01:57:23;2022-06-18 22:09:26;2020-10-05 04:07:49;SO80582;60-7449-26711;84025;8;2729,37;402,48;54,04;17945,61;Comment 838
79106;2023-11-06 04:54:54;2020-01-17 09:14:05;2023-01-23 12:42:01;SO80665;78-5514-83427;52338;37;9945,56;76,92;366,14;19006,08;Comment 839
65458;2021-10-15 16:49:49;2022-02-26 15:00:37;2020-11-16 15:34:19;SO67524;30-1489-79011;14370;43;8454,36;361,94;945,33;15620,01;Comment 840
22624;2023-05-09 00:17:39;2023-08-07 12:12:58;2022-11-09 02:18:38;SO45555;50-5389-75591;91152;48;395,98;416,64;271,65;16992,04;Comment 841
23156;2021-05-01 23:30:30;2021-09-30 19:58:50;2021-06-21 23:55:58;SO30158;50-5389-75591;45115;31;5574,05;193,5;77,99;8415,19;Comment 842
93806;2021-10-04 11:22:15;2020-12-05 23:33:26;2022-10-26 02:26:18;SO73518;96-7105-64379;10574;32;3041,41;350,67;455,63;7954,84;Comment 843
71341;2023-04-24 16:35:51;2021-06-08 04:29:01;2021-07-25 22:01:45;SO34989;74-3185-84739;73574;31;7132,85;422,75;142,25;3472,12;Comment 844
81698;2021-01-23 16:39:06;2022-08-21 16:25:28;2021-01-01 13:19:46;SO24722;84-7460-34357;20520;13;8976,74;470,69;193,39;424,86;Comment 845
16539;2023-01-22 14:52:13;2022-02-17 16:38:51;2023-04-16 20:20:59;SO80686;96-7105-64379;25215;40;2952,79;165,94;163,5;4348,62;Comment 846
16771;2023-02-06 19:34:58;2023-04-09 09:23:47;2022-05-30 03:16:40;SO47923;71-9532-69420;36884;44;9418,51;203,79;53,65;14305;Comment 847
27244;2021-11-21 06:10:47;2021-07-12 17:00:01;2023-04-24 03:15:44;SO90860;42-3255-58813;39113;2;4021,21;93,56;250,93;1198,89;Comment 848
69020;2021-08-22 08:25:13;2022-02-06 11:45:25;2020-11-17 18:58:21;SO94888;23-8779-93758;63365;18;3865,91;42,46;894,03;15308,66;Comment 849
23222;2022-10-07 10:49:26;2021-11-17 03:20:32;2021-07-14 02:07:32;SO26960;51-7541-34141;18018;27;9084,16;184,93;133,63;14516,2;Comment 850
13936;2023-10-01 04:59:22;2023-07-13 11:51:06;2021-03-29 18:11:09;SO34352;40-2409-67736;74443;13;240,7;159,59;728,67;19968,17;Comment 851
25699;2023-04-27 01:54:03;2020-09-23 16:15:43;2020-03-01 01:39:54;SO41609;40-5683-25279;25070;29;6913,26;247,53;369,7;10195,33;Comment 852
85068;2023-05-10 12:17:14;2021-09-11 09:52:37;2023-04-30 07:19:36;SO89528;75-3751-62094;64592;15;5865;331,35;132,83;19240,24;Comment 853
68570;2023-01-08 12:05:59;2021-10-31 17:27:29;2023-08-23 18:24:59;SO60132;35-6579-94037;76781;45;9110,6;218,26;491,84;16173,98;Comment 854
52687;2022-04-19 13:36:04;2021-06-07 22:47:01;2021-07-24 09:21:50;SO13798;16-3417-49054;65414;7;7689,31;76,55;19,08;9167,41;Comment 855
92478;2023-09-28 05:09:15;2023-06-25 02:20:28;2023-06-05 12:57:39;SO89576;81-3143-56523;11957;7;9386,47;58,28;898,03;7286,35;Comment 856
83422;2021-02-14 20:23:20;2020-04-02 21:59:13;2020-07-09 04:05:05;SO41798;75-7092-97988;96525;50;7517,03;241,99;657,34;11341,21;Comment 857
68610;2023-03-02 14:51:14;2023-02-11 15:40:25;2023-08-28 08:32:04;SO59415;73-8844-80299;71433;48;1125,21;52,77;259,17;19329,18;Comment 858
38842;2022-12-01 12:10:10;2022-01-16 05:15:35;2023-11-07 05:46:23;SO74837;30-1489-79011;41747;21;171,23;459,73;127,38;5575,24;Comment 859
56787;2022-06-13 09:23:29;2020-01-27 07:22:46;2023-05-08 13:54:34;SO61397;92-2389-56247;20180;2;441,98;486,21;79,45;1598,16;Comment 860
85907;2021-01-08 19:20:52;2023-12-14 10:56:27;2023-12-08 05:04:09;SO65186;98-8354-24626;16948;45;1261,03;225,57;172,73;7800,71;Comment 861
47275;2023-09-22 21:49:49;2020-07-18 03:44:44;2023-10-27 12:00:49;SO33151;66-4277-92738;93028;40;2461,56;148,48;762,86;2746,98;Comment 862
41998;2022-01-22 02:24:12;2023-10-04 01:33:19;2020-03-21 13:32:19;SO94809;69-1886-36823;13519;23;6305,9;58,95;658,77;7964,3;Comment 863
67028;2021-02-25 21:51:53;2022-10-12 05:14:58;2021-01-18 00:54:01;SO94605;84-8862-18518;56808;13;7240,78;371,84;968,93;15395,15;Comment 864
76264;2021-08-28 13:43:18;2023-09-21 00:28:05;2023-05-13 17:21:21;SO69021;66-4277-92738;10984;19;9292,62;268,82;715,88;14419,62;Comment 865
81230;2020-05-25 20:26:10;2023-06-01 11:32:27;2023-05-06 08:35:34;SO95982;51-7602-22642;73521;12;5194,77;444,83;371,34;1007,92;Comment 866
97300;2022-01-25 15:31:12;2021-06-25 07:07:59;2021-08-21 02:23:39;SO67886;51-7602-22642;47025;8;2746,05;455,09;233,51;16573,11;Comment 867
40979;2021-03-01 13:22:28;2020-11-30 21:41:56;2023-03-14 19:36:58;SO10544;98-8354-24626;99719;28;6305,17;319,9;966,17;19573,65;Comment 868
36079;2022-07-06 17:59:13;2020-04-08 23:23:42;2023-12-14 05:29:43;SO47088;48-2823-67639;88330;37;2199,2;122,1;382,89;11506,9;Comment 869
18920;2020-08-11 00:47:23;2022-08-13 19:49:55;2021-05-26 04:59:51;SO96760;85-4116-52037;56824;28;2421,36;479;128,06;13072,43;Comment 870
40951;2021-11-07 01:51:28;2023-09-04 04:02:27;2021-11-08 20:54:07;SO43613;50-5389-75591;49517;48;1830,28;212,51;305,21;18278,06;Comment 871
59186;2022-03-10 05:32:13;2022-04-28 22:16:15;2020-01-14 05:52:55;SO12712;28-4123-84663;58456;28;373,84;178,09;243,59;8969,87;Comment 872
25764;2021-02-22 20:34:35;2020-04-27 11:38:30;2020-09-09 09:21:34;SO55972;48-2823-67639;60069;10;7609,44;395,07;840,7;16584,57;Comment 873
48432;2022-07-15 10:57:40;2021-06-28 06:56:20;2023-07-08 10:15:21;SO58206;75-3751-62094;84802;23;3454,54;333,05;677,63;5507,32;Comment 874
69073;2022-11-10 11:15:00;2023-08-19 17:53:51;2020-12-22 13:25:48;SO48161;16-3417-49054;98253;11;2944,94;174,8;656,79;16143,72;Comment 875
15107;2020-03-13 03:40:12;2023-01-29 20:16:49;2022-08-20 23:52:32;SO68355;24-7081-87522;60321;16;768,26;409,35;516,52;6237,02;Comment 876
89937;2022-02-07 05:02:32;2023-05-14 16:18:50;2022-12-20 09:30:40;SO22560;17-6178-77430;16282;48;9444,99;450,71;170,32;12671,76;Comment 877
77916;2022-03-21 01:51:28;2020-12-09 15:36:02;2023-03-07 09:01:44;SO51430;75-7092-97988;82809;12;3966,57;255,26;208,86;14171,08;Comment 878
48584;2023-06-13 19:33:08;2021-11-14 03:03:58;2023-05-16 06:46:02;SO54640;16-3417-49054;89570;29;7214,39;490,16;257,92;2661,11;Comment 879
69032;2021-08-17 05:09:26;2021-09-22 14:44:22;2023-09-03 22:21:02;SO24081;23-8510-71623;19825;33;3536,38;336,62;660,47;6296,7;Comment 880
58872;2022-01-02 19:14:02;2021-09-10 14:14:44;2022-03-15 15:56:13;SO85061;69-8859-80035;16304;31;3873,3;386,5;398,86;17103,66;Comment 881
89000;2023-10-22 03:21:51;2023-09-08 14:48:54;2023-10-04 01:59:08;SO55068;57-9057-83653;29804;42;3542,39;95,98;238,12;7345,85;Comment 882
96668;2022-11-01 14:36:40;2022-07-30 13:28:08;2022-03-21 18:59:27;SO35147;69-8859-80035;24905;14;8138,86;242,8;722,09;7542,27;Comment 883
50087;2021-11-21 17:47:45;2020-03-24 04:47:43;2021-01-13 04:07:57;SO72140;51-7541-34141;70023;31;7319,42;97,78;860,14;15404,48;Comment 884
93435;2021-06-16 22:31:27;2022-08-31 18:20:55;2023-08-16 06:10:52;SO29137;40-5683-25279;91870;15;3061,74;260,97;778,41;12196,3;Comment 885
39194;2020-05-09 00:48:04;2022-12-15 06:52:13;2022-09-20 03:09:07;SO47280;78-5514-83427;63693;49;1506,03;208,16;307,89;6667,61;Comment 886
12916;2022-11-02 05:52:49;2020-04-23 08:18:09;2023-09-08 22:50:16;SO54382;74-3185-84739;35913;35;9225,02;153,35;463,79;2178,87;Comment 887
27672;2023-03-27 17:50:54;2023-08-27 17:24:19;2021-06-21 20:45:57;SO84756;98-8354-24626;22617;38;9099,4;363,01;372,37;9934,7;Comment 888
86484;2023-11-10 09:06:43;2022-01-20 18:53:09;2022-03-22 10:28:35;SO89746;22-4444-25264;69636;12;6146,45;361,22;714,36;4317,76;Comment 889
11923;2021-12-13 23:16:55;2023-04-11 17:49:40;2022-03-31 12:43:23;SO59781;84-7460-34357;61303;27;9393,57;252,25;399,78;19796,73;Comment 890
47370;2023-11-10 13:00:02;2022-05-04 22:58:29;2020-07-06 04:58:39;SO28479;35-6579-94037;12819;31;6045,89;383,71;228,11;13733,42;Comment 891
79227;2023-12-21 02:52:09;2020-05-13 03:48:15;2022-10-06 10:10:45;SO75960;78-5267-32468;42324;24;4459,86;390,36;801,55;1235,14;Comment 892
23607;2022-10-28 05:21:47;2022-04-21 04:59:26;2021-08-19 01:46:05;SO22206;40-2409-67736;68790;20;2705,49;489,85;214,42;10378,12;Comment 893
65501;2023-07-21 04:43:23;2022-07-12 04:21:31;2021-06-30 07:29:12;SO34805;85-4116-52037;58700;35;6423,31;171,01;949,12;12256,9;Comment 894
58701;2021-11-19 03:09:45;2023-10-03 03:33:52;2021-06-14 14:43:28;SO39412;69-1886-36823;47337;50;3332,45;358,43;184,2;15105,15;Comment 895
42151;2022-04-03 06:38:19;2023-02-28 15:19:25;2021-01-13 04:12:15;SO26558;28-6393-31125;19193;16;2758,63;356,37;817,1;8511,54;Comment 896
69752;2023-09-13 11:27:36;2021-05-22 16:31:44;2020-11-10 10:35:48;SO60827;84-8862-18518;91538;44;7557,78;194,33;136,08;18877,58;Comment 897
92615;2021-07-28 20:16:35;2021-03-19 06:35:06;2020-04-13 10:17:53;SO56834;23-8779-93758;37857;34;401,22;122,06;631,77;9123,85;Comment 898
44250;2023-12-06 01:43:08;2020-09-11 17:54:43;2023-07-13 09:06:31;SO61949;28-6393-31125;87632;12;5376,25;444,66;686,62;16820,09;Comment 899
65878;2023-01-14 00:01:48;2023-03-14 06:40:50;2022-05-19 19:00:11;SO77607;84-7460-34357;76408;34;729,02;136,7;307,89;15121,06;Comment 900
27282;2023-11-02 17:23:48;2023-07-29 06:02:37;2022-06-19 02:20:36;SO18568;78-5267-32468;61016;26;2829,37;191,37;258,37;11368,64;Comment 901
67239;2023-11-03 15:37:56;2022-04-20 17:40:16;2022-01-31 09:32:46;SO79357;23-8510-71623;55084;42;9037,37;24,32;413,69;7297,08;Comment 902
17048;2022-09-03 07:26:46;2020-01-12 07:16:45;2020-11-25 07:37:08;SO53366;74-2176-61667;13933;1;9209,69;442,9;343,87;2726,13;Comment 903
51556;2021-12-25 10:54:24;2021-09-13 13:47:20;2021-06-20 19:15:34;SO65992;49-7039-68376;20053;31;5680,36;73,18;142,9;15663,23;Comment 904
91027;2022-12-28 18:55:42;2023-07-17 14:42:25;2020-09-28 04:17:35;SO11503;57-9057-83653;80966;7;701,72;278,16;260,15;10307,51;Comment 905
32479;2020-05-29 04:17:58;2022-12-07 00:19:47;2022-07-27 07:20:34;SO32580;98-8354-24626;50041;10;7832,85;152,89;541,77;6983,34;Comment 906
78059;2021-08-17 14:33:16;2021-01-11 09:55:25;2022-10-13 17:40:21;SO12187;57-9057-83653;66458;18;8662,92;138,47;332,1;16100,46;Comment 907
52839;2022-08-04 01:41:27;2020-06-27 20:07:02;2023-06-11 16:02:22;SO95444;98-8354-24626;91578;31;9867,99;56,35;212,28;9641,28;Comment 908
99471;2023-06-01 18:05:50;2023-02-13 03:33:39;2021-08-16 03:26:18;SO32238;60-7449-26711;22650;23;2319,75;462,75;200,25;8674,65;Comment 909
87762;2022-12-07 00:56:51;2020-01-20 13:26:59;2020-12-09 23:19:47;SO22723;73-8844-80299;45294;50;8325,65;408,71;25,72;3051,5;Comment 910
26918;2022-11-27 23:44:16;2020-07-10 14:57:19;2023-06-05 18:49:36;SO71035;33-1973-80101;31573;9;2766,22;132,56;570,69;18594,36;Comment 911
16244;2022-12-12 01:19:32;2021-05-20 14:05:21;2023-03-06 14:41:13;SO46771;85-4116-52037;50352;41;466,6;364,74;662,99;547,77;Comment 912
24585;2023-12-21 23:23:52;2020-04-05 05:32:52;2022-02-27 02:24:38;SO67486;57-9057-83653;84698;32;5172,08;319,87;720,63;6815,15;Comment 913
21078;2020-09-25 07:28:49;2021-12-22 11:23:38;2022-11-14 01:53:09;SO43715;66-4277-92738;32031;34;3834,01;97,58;252,27;13145,66;Comment 914
50501;2020-03-13 19:58:03;2020-11-08 05:31:23;2022-08-29 02:11:39;SO30078;51-7602-22642;94253;16;2226,25;176,44;921,36;6180,39;Comment 915
62678;2023-11-06 00:37:55;2021-10-16 22:30:36;2020-03-20 12:29:39;SO61862;42-3255-58813;75139;31;3212,49;346,18;213,05;10732,24;Comment 916
21062;2023-01-24 07:02:40;2020-01-21 22:12:10;2020-04-23 16:24:43;SO69438;28-4123-84663;66976;12;2303,77;294,09;125,68;10641,97;Comment 917
77750;2021-05-25 09:55:51;2020-04-16 11:05:07;2021-04-02 05:45:11;SO85265;48-2823-67639;70469;6;1772,62;370,21;207,08;7745,51;Comment 918
34586;2021-08-26 04:47:40;2021-11-21 00:36:21;2020-01-07 14:59:26;SO20351;96-7105-64379;40836;41;2895,68;320,07;431,01;17481,7;Comment 919
35487;2022-07-19 02:19:23;2022-10-05 04:00:56;2021-01-11 11:20:49;SO48390;97-9859-86247;55431;40;8178,18;359,99;164,95;13918,6;Comment 920
94151;2022-04-24 04:05:34;2020-07-16 09:04:12;2022-10-21 20:10:55;SO37671;73-8844-80299;31607;34;9743,93;452,04;728,86;18772,21;Comment 921
55290;2022-07-25 03:19:24;2020-06-06 06:38:18;2023-11-17 12:18:52;SO94427;84-8862-18518;56505;33;4185,3;336,96;509,14;1848,54;Comment 922
43553;2022-06-05 14:46:43;2022-03-10 04:34:24;2023-12-14 06:21:00;SO43384;28-4123-84663;45416;30;9434,47;451,11;34,95;19908,57;Comment 923
84330;2023-02-12 01:27:39;2020-04-17 11:31:41;2023-05-20 17:38:40;SO31595;53-9319-74957;46333;16;7783,05;402,94;486,64;914,17;Comment 924
99005;2020-12-04 11:59:49;2021-03-17 18:03:58;2022-06-05 19:47:16;SO66578;35-6579-94037;95841;29;222,54;164,33;598,86;15173,97;Comment 925
92029;2022-01-05 10:35:01;2021-12-31 09:19:42;2022-07-22 00:35:40;SO53698;50-5389-75591;59215;45;8665,87;99,99;43,76;17253,1;Comment 926
74975;2023-09-10 00:33:12;2021-12-19 09:31:59;2023-11-11 09:17:49;SO47358;61-5244-70735;70568;25;540,1;289,28;827,75;3011,53;Comment 927
88292;2021-11-08 07:43:06;2021-08-10 22:19:26;2023-05-27 18:46:17;SO34392;23-8779-93758;96236;41;4015,43;488,43;788,04;16948,31;Comment 928
18573;2020-04-19 05:50:45;2021-04-26 22:05:06;2023-01-23 11:35:32;SO82005;72-3440-90827;40701;33;3173,94;265,17;141,33;11553,42;Comment 929
14007;2023-04-05 03:48:46;2023-11-12 00:47:53;2020-12-02 16:02:07;SO67083;66-4277-92738;18140;33;3037,89;147,78;700,93;8074,78;Comment 930
47200;2023-06-21 09:18:52;2021-07-20 07:03:30;2021-04-27 08:45:02;SO29648;69-1886-36823;66463;36;964,85;300,65;160,72;3225,12;Comment 931
61162;2023-09-16 16:48:55;2021-05-11 14:24:02;2022-04-24 11:47:01;SO53245;98-8354-24626;41845;36;8676,9;343,96;399,25;19972,56;Comment 932
12426;2022-11-23 09:47:41;2022-06-24 18:59:00;2020-08-03 10:53:24;SO62209;61-5244-70735;63730;5;1780,7;324,29;51,38;16681,51;Comment 933
17178;2020-03-02 01:22:59;2021-11-24 02:52:04;2021-11-03 13:00:39;SO18432;81-3143-56523;49933;47;2077,92;425,89;181,97;8837,49;Comment 934
33812;2020-04-04 19:08:16;2023-02-22 01:49:17;2021-05-27 01:42:42;SO93036;66-2881-24904;98165;28;2432,14;93,89;275,52;4203,33;Comment 935
66280;2020-05-30 11:17:57;2023-10-08 03:07:04;2020-08-13 06:03:07;SO17511;22-4444-25264;34750;36;3211,03;215,22;314,98;14709,26;Comment 936
25574;2021-07-01 22:27:24;2022-12-01 03:48:14;2020-03-18 09:49:04;SO12341;96-7105-64379;16347;18;7608,3;214,65;103,48;8317,1;Comment 937
17805;2023-09-21 05:26:01;2021-02-07 06:22:24;2020-11-30 22:57:00;SO22189;48-2823-67639;24523;29;4433,48;294,3;160,44;13200,5;Comment 938
28875;2020-12-14 00:38:57;2022-08-03 19:04:17;2023-07-04 18:02:50;SO21699;23-8510-71623;38044;30;7873,66;49,5;691,82;587,17;Comment 939
69412;2022-07-17 20:39:51;2021-06-09 04:09:21;2022-02-09 19:47:04;SO95057;35-6579-94037;70791;21;2248,95;383,22;807,16;10366,89;Comment 940
28712;2023-09-04 21:15:35;2022-11-06 07:59:06;2022-11-05 19:56:40;SO14808;81-3143-56523;95016;24;2662,06;318,02;83,51;16486,91;Comment 941
88121;2023-11-16 11:48:44;2021-05-27 11:05:15;2022-02-10 18:59:29;SO52537;50-5389-75591;78810;9;4485,9;143,61;971,63;10591,16;Comment 942
78855;2021-05-25 20:09:04;2022-10-02 20:18:00;2022-10-12 11:59:06;SO57843;92-2389-56247;22416;12;3160,49;491,26;366,99;2061,85;Comment 943
19200;2021-06-20 23:42:34;2023-05-12 07:02:17;2021-09-23 00:31:24;SO66098;35-6579-94037;44216;7;7022,95;349,1;467,09;2204,39;Comment 944
30127;2023-03-30 17:02:58;2021-01-07 05:17:39;2023-12-24 02:23:02;SO97508;24-7081-87522;13454;32;9874,63;53,41;289,35;4082,73;Comment 945
70561;2023-06-23 15:58:22;2020-04-07 03:05:19;2021-11-29 02:54:42;SO81281;22-4444-25264;53281;38;6044,27;225;678,64;2628,89;Comment 946
68587;2020-05-28 00:12:51;2023-02-19 20:45:44;2023-09-20 05:52:13;SO96458;96-7105-64379;40781;1;6773,73;407,43;75;8974,33;Comment 947
46557;2021-08-05 16:19:17;2023-04-15 12:25:13;2022-06-24 10:17:44;SO75334;51-7541-34141;30452;26;3351,97;238,75;608,49;7939,62;Comment 948
46667;2022-04-23 23:54:47;2021-09-09 17:29:34;2021-09-28 18:50:12;SO49400;75-7092-97988;29782;4;4968,32;300,07;361,04;6997,8;Comment 949
59108;2020-07-26 20:15:18;2023-09-23 19:59:36;2022-09-04 14:43:49;SO90932;69-1886-36823;18720;20;9928,38;484,4;486,93;3823,59;Comment 950
18932;2021-08-19 05:02:00;2020-07-13 16:59:16;2023-04-06 04:53:48;SO68476;78-5267-32468;41489;35;7247,64;421,67;486,61;8751,44;Comment 951
92196;2023-03-17 02:04:02;2022-12-19 01:59:33;2023-03-11 08:54:09;SO26709;71-9532-69420;24646;17;2294,51;146,71;437,37;12349,54;Comment 952
94832;2023-09-21 05:40:28;2023-07-09 20:12:58;2021-07-08 06:13:22;SO19756;49-7039-68376;95579;17;5841,26;359,65;662,4;16611,64;Comment 953
74413;2023-10-25 04:13:03;2020-04-06 19:44:06;2022-02-06 09:29:04;SO38414;98-8354-24626;64967;40;5095,87;342,1;182,52;19077,77;Comment 954
30262;2021-09-05 16:14:58;2022-06-01 23:10:04;2022-08-16 19:08:07;SO11116;75-3751-62094;72278;15;1528,54;77,62;133,09;14705,51;Comment 955
86694;2021-05-24 06:22:09;2022-07-08 19:43:47;2020-01-11 14:00:27;SO13967;75-3751-62094;68681;42;9294,76;418,29;128,99;15106,96;Comment 956
24635;2022-05-22 01:36:00;2021-06-20 11:25:24;2022-11-24 00:05:38;SO69504;33-1973-80101;68193;4;6556,84;378,37;599,63;13384,71;Comment 957
13202;2021-08-22 10:38:44;2021-04-22 08:07:19;2023-12-29 06:17:35;SO93467;23-8779-93758;96961;30;6027,3;98,34;804,57;10247,72;Comment 958
59598;2020-05-17 11:40:25;2020-10-10 11:00:40;2023-10-20 12:29:17;SO35105;33-1973-80101;60791;45;792,55;251,34;243,18;8690,45;Comment 959
80577;2022-01-20 02:31:52;2023-05-04 19:02:17;2022-06-22 11:37:00;SO79947;40-5683-25279;26538;46;6488,05;368,96;468,6;10182,37;Comment 960
85188;2020-05-19 08:08:16;2022-04-04 09:32:25;2020-09-02 13:24:39;SO43107;30-1489-79011;53492;4;9783,74;325,79;790,66;15567,97;Comment 961
84916;2022-08-24 10:53:54;2021-02-17 19:49:11;2020-04-18 20:01:13;SO45266;24-7081-87522;70228;17;2753,15;336,94;922,08;15104,85;Comment 962
87445;2020-08-10 10:21:33;2021-03-22 18:52:17;2021-05-04 10:01:45;SO16631;44-6968-96958;82573;29;163,2;286,92;796,9;16579,46;Comment 963
55499;2022-11-16 08:49:47;2022-07-02 22:02:43;2021-01-15 06:42:06;SO67836;75-3751-62094;12486;16;4355,23;470,43;754,72;4846,93;Comment 964
78910;2022-03-31 18:17:54;2021-07-04 12:23:43;2020-09-23 12:03:47;SO84370;92-2389-56247;66112;7;2210,01;144,05;672,43;2503,97;Comment 965
99107;2023-07-30 07:49:03;2020-09-29 12:48:00;2021-07-26 15:16:49;SO30652;44-6968-96958;63328;34;1045,94;17,65;32,59;17890,52;Comment 966
13521;2021-07-21 11:08:19;2022-04-01 16:14:18;2021-11-11 21:39:06;SO13380;83-7954-63932;82665;7;2435,07;312,62;704,41;6669,07;Comment 967
10208;2021-03-07 07:01:19;2021-01-06 14:24:36;2023-06-04 08:13:44;SO66488;71-9532-69420;79127;27;3756,58;354,54;801,18;13216,01;Comment 968
51468;2023-10-08 19:32:56;2022-07-27 10:29:09;2020-06-24 01:19:27;SO94844;49-7039-68376;12863;38;8019,18;85,2;799,64;18084,78;Comment 969
38335;2022-04-20 05:18:54;2022-09-28 14:18:25;2020-07-22 22:31:01;SO78074;66-2881-24904;81757;36;9211,42;304,67;660,68;15756;Comment 970
79691;2021-09-11 04:51:46;2023-07-14 05:48:08;2023-08-23 18:15:03;SO52777;98-8354-24626;86021;39;5038,86;101,99;85,44;7911,01;Comment 971
53494;2022-10-02 18:07:32;2022-06-29 17:21:46;2020-01-14 09:18:02;SO32617;40-2409-67736;84720;14;8328,42;288,56;510,58;18212,79;Comment 972
72976;2023-04-10 12:03:39;2023-12-28 19:18:46;2020-06-04 04:51:11;SO48580;86-5535-57031;92832;35;8694,82;358,5;485,14;3355,54;Comment 973
88373;2020-01-26 07:43:37;2021-05-08 07:13:06;2023-04-14 05:36:37;SO75607;85-4116-52037;63556;9;6679,93;144,42;473,93;15369,61;Comment 974
27228;2020-12-19 00:57:15;2022-02-09 07:28:06;2022-08-10 19:14:28;SO94999;23-8510-71623;34382;44;8593,22;420,83;701,52;3254,1;Comment 975
22829;2023-11-05 16:28:24;2021-06-12 17:21:44;2021-07-22 03:35:12;SO28799;16-3417-49054;51687;3;9910,86;483,6;18,08;12675,99;Comment 976
25641;2022-03-16 04:14:01;2020-07-07 02:22:50;2021-04-19 23:01:17;SO76643;17-6178-77430;77915;22;4797,72;459,11;648,42;14003,69;Comment 977
77703;2022-06-06 05:59:49;2023-04-24 02:03:26;2022-10-11 19:29:52;SO96732;84-8862-18518;23877;12;6363,2;71,24;567,91;6739,1;Comment 978
65664;2020-10-14 01:22:25;2020-02-29 21:52:32;2023-03-26 19:04:47;SO46921;78-5267-32468;54386;31;5996,76;348,14;454,9;17203;Comment 979
94320;2022-08-07 11:52:36;2020-11-17 18:24:41;2020-11-08 18:15:24;SO24079;17-6178-77430;53583;8;9440,75;432,96;564,86;6669,72;Comment 980
99599;2023-08-16 09:17:51;2020-08-11 01:38:48;2021-11-30 10:04:17;SO90977;51-7602-22642;60938;8;3884,95;47,1;766,41;1340,07;Comment 981
98479;2021-03-16 22:15:00;2022-08-15 05:09:18;2020-06-10 11:08:28;SO72046;71-9532-69420;30424;37;9113,97;261,94;964,78;13498,27;Comment 982
77205;2022-08-15 06:41:38;2021-08-09 05:33:38;2023-01-03 17:11:00;SO41626;81-3143-56523;56123;50;4763,2;190,77;802,71;19993,83;Comment 983
49635;2021-05-21 17:18:27;2020-02-20 10:09:07;2021-07-03 01:15:29;SO94757;75-3751-62094;84485;31;5884,99;81,24;494,82;10312,68;Comment 984
37711;2022-01-03 08:21:23;2021-08-18 16:13:43;2021-01-31 07:31:47;SO42954;69-8859-80035;97934;1;5586,06;358,55;673,54;14878,94;Comment 985
55310;2021-11-18 00:55:37;2021-07-09 06:28:01;2023-01-04 04:12:44;SO10051;42-3255-58813;33787;36;6354,86;196,16;686,84;2187,89;Comment 986
12096;2021-09-10 11:25:50;2020-03-23 23:17:44;2020-08-11 02:45:03;SO97833;33-1973-80101;36406;35;9985,44;360,65;404,43;520,73;Comment 987
14501;2022-07-29 10:34:29;2023-11-30 16:47:51;2023-05-27 00:54:48;SO41189;57-9057-83653;59956;38;2584,04;281,33;73,93;7793,6;Comment 988
38968;2021-09-08 05:16:05;2020-12-11 03:16:53;2020-05-29 11:27:25;SO51008;74-3185-84739;92123;15;6865,76;455,33;845,18;17527,69;Comment 989
14069;2021-07-14 06:03:15;2020-03-04 11:14:19;2023-07-12 21:14:22;SO94977;84-8862-18518;12205;29;5092,21;413,77;459,66;7411,85;Comment 990
97782;2023-02-04 10:37:18;2020-09-09 11:44:11;2022-04-19 21:35:04;SO73354;98-8354-24626;43077;10;625,24;200,51;681,47;19908,62;Comment 991
18762;2021-10-03 13:24:38;2023-03-16 21:20:23;2022-03-01 04:40:06;SO35252;74-3185-84739;52074;6;2763,92;204,74;694,82;12603,68;Comment 992
31709;2021-06-18 17:45:31;2020-11-03 06:18:59;2023-04-10 08:48:02;SO59667;66-4277-92738;61028;27;2471,59;131,81;559,2;15650,44;Comment 993
83532;2020-02-19 10:08:00;2022-05-21 09:11:40;2020-05-20 11:33:03;SO57919;98-8354-24626;94921;43;5572,68;13,34;473,27;15315,15;Comment 994
71441;2020-09-16 14:50:50;2021-04-18 04:18:58;2020-01-12 11:57:54;SO65696;75-7092-97988;59363;4;3521,46;264,25;233,25;9484,84;Comment 995
59352;2023-09-26 10:14:23;2021-09-26 12:24:35;2020-04-23 03:41:18;SO70622;66-2881-24904;94493;10;4639,91;157,48;133,25;19401,42;Comment 996
25743;2021-04-17 17:28:07;2020-08-31 05:32:11;2020-11-15 00:19:07;SO67782;22-4444-25264;71797;19;1998,44;434,84;282,58;6907,26;Comment 997
97387;2021-12-05 14:32:41;2023-11-18 06:33:22;2020-01-30 13:32:02;SO90707;74-3185-84739;79871;16;3476,82;328,14;305,74;6953,35;Comment 998
13522;2023-07-07 04:44:59;2020-08-17 05:16:13;2022-05-24 19:07:47;SO47298;35-6579-94037;85474;23;8390,49;125,48;339,07;10394,71;Comment 999
16859;2022-01-27 17:21:24;2022-12-27 04:48:42;2023-07-25 03:12:05;SO96871;48-2823-67639;31971;18;7413,77;61,95;951,15;12355,6;Comment 1000
19489;2022-02-21 10:39:38;2020-01-10 12:23:08;2022-08-14 20:26:54;SO15996;53-9319-74957;69824;19;5015,92;62,11;614,19;12865,06;Comment 1001
77345;2023-07-19 07:51:24;2023-05-21 11:25:19;2020-04-22 18:15:54;SO89723;51-7541-34141;65004;2;649,18;163,26;373,71;19332,65;Comment 1002
99791;2022-06-03 09:11:55;2022-11-07 23:15:41;2023-11-26 02:16:38;SO93970;78-5514-83427;93397;49;4867,41;429,8;973,39;671,86;Comment 1003
96860;2022-01-23 07:48:53;2020-09-13 19:43:06;2020-05-13 15:00:54;SO39244;23-8510-71623;85030;5;2452,57;209,23;89;8087,46;Comment 1004
55743;2021-05-03 12:41:56;2021-10-09 21:45:36;2020-06-13 03:12:23;SO82999;42-3255-58813;78872;15;5308,83;291,04;665,3;19601,15;Comment 1005
41789;2020-12-27 04:39:56;2022-12-17 16:38:32;2020-03-04 21:37:25;SO57024;17-6178-77430;45114;1;3382,57;232,64;210,96;17506,96;Comment 1006
92929;2022-09-12 02:22:29;2022-08-03 15:15:55;2022-04-05 23:15:29;SO12254;61-5244-70735;85529;33;1045,03;404,94;973,27;5054,49;Comment 1007
95492;2022-08-15 22:32:56;2023-10-16 22:39:08;2020-08-15 04:09:01;SO88358;63-4608-21366;16046;29;267,56;303,97;206,81;571,51;Comment 1008
23112;2020-03-20 04:54:26;2020-01-09 17:27:31;2022-05-05 22:31:30;SO99003;49-7039-68376;42377;16;4738,58;492,13;361,73;17798,42;Comment 1009
96232;2021-11-10 21:14:50;2022-05-25 13:32:04;2023-02-16 14:15:38;SO46106;84-8862-18518;72698;7;6764,05;452,9;335,27;17142,38;Comment 1010
87465;2020-09-13 18:12:25;2021-08-09 16:06:01;2020-10-22 14:07:40;SO17841;16-3417-49054;97433;2;267,6;494,13;802,05;1599,53;Comment 1011
93666;2021-09-20 19:28:17;2022-05-24 15:19:56;2022-12-21 02:36:07;SO54195;35-6579-94037;13906;40;3608,85;38,2;601,24;9828,08;Comment 1012
48846;2020-05-12 16:44:03;2020-07-09 14:39:33;2022-09-02 17:43:22;SO93320;24-7081-87522;85446;22;1997,23;301,79;801,27;5135,92;Comment 1013
89103;2022-01-24 20:01:02;2021-04-11 06:54:17;2022-07-14 06:44:38;SO96277;23-8779-93758;62401;5;1249,23;477,38;844,76;119,66;Comment 1014
59546;2020-11-05 19:15:48;2020-11-28 13:48:54;2022-08-25 11:09:20;SO18227;81-3143-56523;23239;18;6354,27;243;880,15;19523,92;Comment 1015
24883;2021-05-12 20:43:17;2021-09-22 19:11:02;2021-07-30 15:47:01;SO59337;50-5389-75591;98284;24;4460,39;98,98;668,38;10812,6;Comment 1016
43952;2020-01-31 16:38:54;2021-02-14 13:58:17;2020-02-27 03:48:58;SO91789;96-7105-64379;83578;16;1236,13;466;449,24;1381,31;Comment 1017
50702;2023-07-27 12:10:26;2021-10-18 12:09:05;2023-03-12 01:57:46;SO73698;30-1489-79011;66811;40;2792,57;257,64;468,67;14843,31;Comment 1018
86544;2020-01-23 13:50:51;2023-01-18 19:54:15;2020-10-08 03:51:13;SO24619;71-9532-69420;58788;8;8590,63;418,51;366,1;2614,77;Comment 1019
11535;2020-02-25 07:47:04;2023-01-06 08:52:57;2021-10-04 06:20:57;SO58549;66-4277-92738;84503;29;7089,38;309,44;754,33;9412,98;Comment 1020
13384;2021-06-03 01:51:25;2021-03-12 20:11:05;2022-03-21 17:46:41;SO49221;75-3751-62094;21664;8;8744,01;349,96;795,4;11913,38;Comment 1021
21863;2023-11-26 02:09:10;2021-10-14 03:47:42;2021-05-03 14:07:14;SO50923;92-2389-56247;97819;36;5075,28;336,56;447,43;15426,09;Comment 1022
83849;2022-02-11 02:56:29;2022-07-05 03:24:23;2021-05-06 13:44:17;SO99837;74-2176-61667;43032;12;3421,45;136,52;965,69;16878,75;Comment 1023
91265;2020-10-02 18:36:32;2023-01-06 23:04:39;2021-05-19 00:02:51;SO62768;85-4116-52037;89671;13;1306,23;235,61;134,52;12516,19;Comment 1024
66808;2023-05-18 02:12:34;2023-02-25 03:09:57;2023-01-27 04:15:07;SO35500;51-7541-34141;70086;14;8194,26;285,73;340,4;16107,06;Comment 1025
33426;2023-07-21 16:21:15;2020-02-04 23:08:18;2020-07-30 09:04:28;SO22797;16-3417-49054;65747;20;1075,01;30,82;111,07;14454,92;Comment 1026
96552;2020-12-08 11:11:09;2020-07-28 10:16:17;2021-12-24 09:15:10;SO69531;75-7092-97988;16489;11;1587,71;106,31;365,34;18118,42;Comment 1027
45846;2022-12-19 16:17:35;2021-08-22 03:09:34;2022-10-17 04:01:28;SO81566;85-4116-52037;76947;11;8157,48;431,43;530,87;4796,02;Comment 1028
96397;2021-04-25 00:33:05;2022-02-19 13:51:18;2023-09-23 03:24:04;SO77922;23-8779-93758;37422;7;6475,35;238,35;641,1;9028,58;Comment 1029
93130;2022-01-07 20:47:21;2023-09-15 08:31:25;2020-01-01 12:45:27;SO88532;49-7039-68376;16879;23;3792,75;170,15;306,79;14321,72;Comment 1030
48584;2022-09-29 12:28:20;2023-05-27 06:57:29;2022-06-21 15:01:52;SO95882;76-6173-91169;24893;13;7061,22;49,32;971,58;7246,23;Comment 1031
45686;2021-02-12 20:52:13;2022-07-19 21:02:05;2020-10-21 20:26:04;SO57504;17-6178-77430;19044;23;1238,82;159,2;383,33;5999,23;Comment 1032
87877;2020-09-05 23:07:43;2021-03-25 13:54:48;2020-09-04 10:44:51;SO70074;66-4277-92738;49347;46;7621,75;361,74;456,05;434,09;Comment 1033
12201;2021-01-28 09:41:41;2022-01-28 22:28:00;2022-12-06 18:31:23;SO13503;66-4277-92738;26832;7;7580,24;158,91;197,99;14584,39;Comment 1034
57028;2021-02-01 18:32:36;2022-12-17 13:37:22;2020-06-01 17:27:47;SO69031;60-7449-26711;72169;41;1616,51;120,15;973;17492,99;Comment 1035
70778;2020-12-25 04:12:35;2023-08-09 13:42:16;2021-12-22 13:44:04;SO25373;48-2823-67639;52018;18;3126,87;472,56;14,3;3268,74;Comment 1036
82542;2022-06-29 08:51:45;2022-02-27 05:08:18;2022-04-07 04:01:12;SO61358;61-5244-70735;77128;36;2213,66;163,45;324,81;1449,27;Comment 1037
54215;2020-03-30 04:58:42;2020-08-30 16:09:30;2022-10-24 00:31:04;SO52341;23-8779-93758;32516;14;1603,79;84,72;929,38;12752,64;Comment 1038
32811;2021-05-21 19:26:12;2023-03-08 21:27:43;2021-12-02 15:32:05;SO88598;84-7460-34357;54936;37;527,45;137,64;222,15;6651,69;Comment 1039
67631;2022-06-13 01:28:48;2023-03-26 18:24:57;2021-05-08 03:38:04;SO32102;83-7954-63932;78332;2;1314,85;238,85;783,24;15736,47;Comment 1040
52424;2021-10-24 06:45:10;2022-12-28 08:45:23;2021-09-26 07:56:56;SO69037;49-7039-68376;38634;20;2839,04;226,4;466,68;11477,21;Comment 1041
52851;2021-01-05 03:48:41;2020-08-12 18:10:43;2022-02-19 10:14:58;SO76641;17-6178-77430;27768;4;4898,3;161,65;530,8;128,1;Comment 1042
13122;2023-02-26 03:16:47;2023-04-03 06:03:42;2020-05-11 22:37:03;SO28322;40-2409-67736;17683;39;4788,98;260,37;332,17;6390,62;Comment 1043
70173;2020-07-14 10:49:33;2021-03-15 19:35:47;2020-06-04 21:11:10;SO52897;69-1886-36823;20242;17;6849,24;17,86;678,44;16118,92;Comment 1044
58054;2022-10-25 18:24:52;2022-07-07 20:49:22;2022-06-30 19:23:47;SO12629;66-2881-24904;54843;12;5023,44;444,52;671,56;13246,79;Comment 1045
14733;2021-12-14 03:37:15;2021-06-08 18:57:48;2023-05-02 20:22:42;SO88184;74-2176-61667;15433;46;6632,47;449,48;597,93;924,59;Comment 1046
79726;2022-12-21 05:09:43;2021-12-02 16:30:13;2021-10-22 09:18:06;SO70415;29-3530-22517;45056;48;307,83;393,27;692,34;18005,79;Comment 1047
42718;2023-02-15 07:22:54;2021-04-13 16:12:54;2020-01-20 08:08:49;SO90036;16-3417-49054;78037;50;2007,44;83,1;894,2;5683,4;Comment 1048
15821;2021-01-10 10:28:57;2022-02-03 06:15:51;2021-04-10 00:06:08;SO47032;48-2823-67639;53076;13;6748,11;19,47;755,77;5565,27;Comment 1049
43632;2022-03-11 17:13:18;2023-12-03 17:51:50;2020-02-14 12:13:42;SO73104;44-6968-96958;35039;34;1771,76;347,38;118,35;17200,79;Comment 1050
43594;2020-03-17 21:32:54;2021-10-09 17:42:05;2022-04-05 08:41:50;SO69061;57-9057-83653;39224;38;231,62;147,6;622,42;655,33;Comment 1051
53897;2021-07-25 22:45:22;2022-11-09 15:19:11;2022-12-13 14:15:57;SO17488;23-8779-93758;94127;14;3068,91;172,81;535,86;10983,73;Comment 1052
18079;2023-08-14 02:02:50;2023-07-01 16:27:34;2021-10-30 15:56:48;SO12736;17-6178-77430;12038;39;9513,22;273,38;780,5;6570,25;Comment 1053
88758;2023-01-21 20:23:40;2023-02-17 18:50:21;2021-07-25 09:33:26;SO45526;33-1973-80101;55911;11;8714,86;145,72;815,74;7702,29;Comment 1054
51732;2021-08-06 14:27:35;2021-12-04 06:43:12;2023-07-29 23:18:39;SO24839;76-6173-91169;80995;8;2647,84;183,64;443,16;13483,33;Comment 1055
27799;2020-10-07 16:54:11;2023-03-25 20:32:33;2020-04-26 23:14:46;SO84512;66-4277-92738;43764;18;7737,8;25,35;938,27;5205,38;Comment 1056
78164;2020-10-26 13:42:24;2022-03-08 12:21:39;2020-06-10 07:34:11;SO69917;85-4116-52037;14769;12;4147,97;454,31;414,22;2163,28;Comment 1057
99662;2023-06-29 14:32:25;2022-06-06 21:31:47;2023-04-04 23:07:00;SO58812;81-3143-56523;96145;12;8016,76;183,09;789,8;14582,75;Comment 1058
65581;2020-03-15 02:02:15;2023-04-05 02:16:51;2022-11-30 06:42:45;SO24167;96-7105-64379;85087;16;8155,36;19,06;931,52;18342,7;Comment 1059
36881;2021-06-08 10:42:58;2022-04-11 09:42:33;2022-03-07 09:51:30;SO68319;74-2176-61667;26608;36;355,79;299,82;445,06;13042,88;Comment 1060
32775;2021-09-30 07:23:27;2021-01-12 12:57:08;2021-06-16 01:07:53;SO59948;30-1489-79011;14165;21;339,63;14,01;547,45;16125,77;Comment 1061
33275;2022-03-24 00:23:31;2020-09-20 11:50:24;2020-10-05 01:51:19;SO13062;28-4123-84663;13182;34;6088,11;89,51;334,12;8711,78;Comment 1062
72895;2023-04-11 04:31:34;2023-05-08 09:07:44;2020-03-15 20:17:01;SO19806;85-4116-52037;47245;47;5297,26;424,29;907,44;7064,48;Comment 1063
16521;2020-08-15 00:28:26;2022-08-11 23:31:48;2022-12-30 13:36:08;SO68575;24-7081-87522;17985;43;7151,02;241,73;213,25;10382,2;Comment 1064
34265;2020-11-06 16:40:27;2022-01-08 20:49:22;2023-04-17 17:18:15;SO12502;63-4608-21366;73682;37;6397,65;24,78;20,44;13396,59;Comment 1065
99990;2022-12-16 23:55:10;2020-04-29 10:03:30;2023-10-05 12:30:44;SO52241;17-6178-77430;56971;11;8193,21;67,27;638,97;2352,5;Comment 1066
82589;2023-08-25 10:38:02;2020-03-24 17:25:41;2023-08-22 14:30:39;SO47031;23-8779-93758;81767;2;5503,98;186,81;552,28;9641,32;Comment 1067
31546;2023-08-04 04:36:40;2021-10-25 05:31:30;2022-12-13 03:39:19;SO30949;29-3530-22517;59947;31;7390,58;250,57;104,8;14138,91;Comment 1068
14043;2023-11-19 07:43:09;2023-01-22 23:54:40;2022-05-16 15:16:07;SO12808;48-2823-67639;48545;37;9100,79;252,13;735,37;2298,74;Comment 1069
76265;2021-08-26 03:48:06;2021-05-12 01:54:42;2022-12-31 14:40:24;SO43558;73-8844-80299;79052;9;158,92;355,58;270,87;3989,1;Comment 1070
46559;2023-07-29 08:00:57;2023-08-29 11:51:46;2021-08-13 18:31:32;SO36479;24-7081-87522;73949;5;3316,59;394,05;462,13;18407,62;Comment 1071
34222;2021-05-18 06:26:20;2023-08-09 12:38:58;2022-08-11 22:42:00;SO86083;69-1886-36823;90739;43;7537,81;153,73;369,13;6698,46;Comment 1072
32402;2021-01-22 05:56:51;2020-10-01 14:44:56;2020-10-13 00:45:07;SO88866;42-3255-58813;72940;20;9141,09;51,35;198,38;4849,71;Comment 1073
36764;2022-09-16 22:21:53;2022-11-19 09:37:21;2022-04-05 00:12:29;SO47618;92-2389-56247;43505;42;7450,22;129,13;965,68;386,17;Comment 1074
96583;2021-06-18 15:14:21;2021-07-28 12:20:38;2021-02-14 16:43:59;SO13355;57-9057-83653;41375;42;5330,57;231,05;686,96;16235,84;Comment 1075
26166;2022-05-01 10:42:04;2023-08-28 04:51:15;2023-09-24 07:25:11;SO15706;69-8859-80035;38071;5;6288,1;72,79;907,71;13345,19;Comment 1076
27151;2022-05-18 04:41:40;2023-08-01 14:53:23;2022-04-03 03:15:53;SO67089;78-5514-83427;98606;7;5271,16;354,94;116,05;14921,94;Comment 1077
74879;2021-01-30 18:14:29;2021-01-11 14:57:42;2022-07-03 00:07:11;SO54678;69-1886-36823;55594;23;4432,62;399,9;347,01;13674,03;Comment 1078
15267;2022-08-11 02:26:59;2022-12-04 02:52:31;2023-03-07 23:42:27;SO43531;78-5514-83427;31828;3;4287,58;168,89;710,89;340,38;Comment 1079
68065;2022-11-04 09:04:11;2021-03-11 14:52:05;2022-02-22 00:34:42;SO31709;69-8859-80035;34976;1;5676,47;78,23;993,9;1862,87;Comment 1080
73468;2022-05-06 21:43:28;2021-09-01 14:43:15;2023-02-13 20:52:06;SO70343;24-7081-87522;89668;25;6537;260,8;712,75;2038,87;Comment 1081
54520;2020-07-29 13:53:54;2020-07-08 03:24:26;2023-08-14 10:29:52;SO32408;28-4123-84663;49191;28;3278,09;20,63;815,46;4805,02;Comment 1082
14993;2021-06-07 18:21:27;2021-07-04 03:54:05;2020-09-04 02:22:24;SO68960;24-7081-87522;84787;2;6590,48;344,08;340,94;514,73;Comment 1083
32779;2020-05-09 04:33:10;2022-01-20 09:46:50;2022-11-29 04:32:26;SO38708;84-7460-34357;89599;50;7303,44;319,04;162,6;18936,92;Comment 1084
76534;2023-08-16 09:01:39;2020-03-20 17:07:50;2023-06-14 16:18:09;SO19888;74-3185-84739;54719;23;3763,83;104,08;711,61;8739,48;Comment 1085
20268;2023-07-24 03:00:13;2021-04-19 01:23:40;2023-12-30 11:47:55;SO99870;17-6178-77430;39266;9;2599,96;196,18;574,73;5313,43;Comment 1086
57019;2023-05-04 05:38:11;2023-04-19 03:28:34;2021-01-09 10:51:14;SO43994;51-7602-22642;53814;8;380,27;432,67;515,61;1612,22;Comment 1087
91446;2022-04-22 09:19:13;2023-10-09 04:39:54;2020-12-05 17:00:24;SO58086;69-1886-36823;90751;37;2818,5;428,05;32,32;9850,23;Comment 1088
36636;2021-01-26 16:09:47;2022-06-05 23:39:44;2022-02-18 16:17:32;SO24161;86-5535-57031;85961;12;3774,28;58,71;72,27;19371,47;Comment 1089
76544;2022-07-22 18:02:13;2022-10-21 01:52:27;2020-10-17 02:38:49;SO93675;85-4116-52037;85100;38;7760;287,16;179,86;10075,53;Comment 1090
46244;2020-03-11 21:24:58;2022-06-11 22:58:31;2021-06-27 22:23:17;SO63393;17-6178-77430;62538;24;1326,04;418,89;757,91;18551,28;Comment 1091
42926;2023-06-26 15:43:04;2023-06-28 04:26:35;2020-10-03 11:42:16;SO98523;69-8859-80035;89788;1;7817,15;61,79;874,87;2749,63;Comment 1092
72552;2021-08-19 05:45:23;2020-04-01 13:49:19;2021-02-19 22:49:30;SO98497;40-5683-25279;64413;3;5411,32;395,57;606,64;7001,41;Comment 1093
32416;2021-03-21 10:50:23;2023-12-16 17:53:20;2023-03-19 20:21:41;SO24663;85-4116-52037;27631;15;472,07;196,56;943,29;16611,06;Comment 1094
13566;2022-02-17 19:02:19;2022-08-06 22:10:33;2022-01-01 21:29:29;SO35321;61-5244-70735;73988;20;5184,71;403,91;616,61;8041,06;Comment 1095
44490;2021-05-20 18:53:28;2021-12-22 23:38:49;2021-01-08 09:30:54;SO44962;75-3751-62094;26269;47;1296,19;154,2;18,05;15169,74;Comment 1096
72024;2022-04-14 08:09:10;2022-02-21 18:32:24;2023-11-05 11:59:48;SO77379;74-2176-61667;87499;3;1207,78;51,66;493,8;1826,27;Comment 1097
25684;2023-01-12 13:53:14;2020-03-29 21:27:23;2020-03-16 22:30:22;SO72447;66-2881-24904;87046;2;9873,57;23,34;203,07;3738,18;Comment 1098
75042;2020-08-05 00:37:54;2021-12-01 11:56:51;2023-05-01 00:10:12;SO88979;78-5514-83427;46180;39;4639,46;22,78;558,05;19983,66;Comment 1099
24052;2022-04-18 11:50:08;2021-10-13 14:12:49;2021-07-06 12:53:26;SO67002;86-5535-57031;57914;14;3609,49;154,97;163,81;4875,02;Comment 1100
27982;2023-03-23 13:35:30;2022-04-11 09:16:09;2021-08-05 09:02:16;SO68327;81-3143-56523;89839;40;3523,28;412,05;286,81;6317,21;Comment 1101
43990;2023-07-28 02:35:49;2020-03-16 06:17:44;2023-06-19 23:22:07;SO24316;28-4123-84663;28895;42;4322,43;480,85;255,29;15045,41;Comment 1102
73609;2020-03-31 12:31:21;2023-11-07 11:41:43;2022-03-20 15:08:01;SO32919;35-6579-94037;20275;33;7109,17;484,75;63,11;1099,38;Comment 1103
48854;2023-11-30 14:08:18;2021-06-18 11:10:13;2021-11-08 08:18:36;SO68416;42-3255-58813;23998;21;4483,03;266,53;989,64;11726,65;Comment 1104
37833;2020-04-06 16:05:58;2021-02-23 10:24:39;2023-12-30 14:36:01;SO54695;23-8779-93758;48405;47;2057,82;212,15;202,35;11851,22;Comment 1105
81119;2022-05-12 08:36:10;2023-09-17 07:17:16;2023-02-11 22:53:03;SO71398;35-6579-94037;53827;2;7065,16;136,11;754,95;9841,02;Comment 1106
35800;2021-04-28 06:17:00;2023-08-04 15:59:51;2022-06-04 14:20:31;SO75021;50-5389-75591;71470;38;2274,85;158,2;974,29;15704,83;Comment 1107
14659;2020-08-22 19:55:08;2022-10-11 13:13:01;2021-07-27 18:54:44;SO67573;63-4608-21366;72335;22;3612,21;485,36;398,64;11925,35;Comment 1108
45506;2020-08-19 14:40:29;2020-11-04 06:59:50;2023-01-22 17:08:31;SO19309;51-7602-22642;60172;33;3149,15;228,45;423,2;9661,44;Comment 1109
49805;2022-01-16 13:19:33;2020-08-18 03:50:44;2020-11-16 18:52:14;SO63068;48-2823-67639;48753;3;3180,47;15,06;181,65;6422,42;Comment 1110
90300;2022-07-18 08:51:43;2022-07-12 14:06:37;2021-03-23 20:53:59;SO55948;78-5514-83427;98710;7;5686,12;141,29;189,86;16489,71;Comment 1111
83761;2021-11-21 19:55:46;2021-12-27 13:33:07;2023-09-05 15:45:02;SO28723;71-9532-69420;27158;23;8299,02;476,43;527,44;6959,97;Comment 1112
56451;2023-11-16 13:36:00;2023-08-01 15:53:06;2021-11-21 18:41:01;SO50318;96-7105-64379;43630;43;8094,22;155,28;802,69;6224,58;Comment 1113
62199;2022-09-20 13:01:03;2020-09-14 00:29:35;2020-07-30 23:00:52;SO35638;23-8510-71623;59428;4;7268,39;94,07;908,86;19285,8;Comment 1114
38829;2023-02-25 01:28:47;2021-07-28 18:10:55;2023-09-09 22:23:56;SO46605;78-5267-32468;68829;13;6838,48;391,75;778,91;7590,59;Comment 1115
68301;2023-09-14 05:27:35;2020-11-09 08:47:34;2020-01-27 12:48:30;SO97986;30-1489-79011;29635;14;5645,89;187,92;126,6;14003,3;Comment 1116
73167;2020-07-05 10:41:52;2020-01-24 14:00:38;2021-10-13 22:49:18;SO17085;33-1973-80101;40241;8;3160,84;186,13;530,89;14169,81;Comment 1117
35616;2020-08-25 23:17:19;2020-12-28 17:54:56;2020-12-09 21:40:37;SO36966;53-9319-74957;87677;10;6150,61;51,68;895,03;1366,07;Comment 1118
71209;2020-10-27 18:57:40;2023-05-11 23:15:17;2021-01-19 02:30:25;SO67053;23-8779-93758;78490;22;9691,99;443,47;123,35;12517,76;Comment 1119
46406;2021-02-16 18:00:10;2022-03-16 16:31:26;2022-08-26 12:08:15;SO70067;51-7602-22642;69222;36;6010,27;118,71;678,34;10191,61;Comment 1120
76012;2022-10-22 04:25:23;2022-03-28 16:57:46;2020-01-13 13:38:55;SO32641;71-9532-69420;33791;20;4010,1;196,71;79,6;16373,23;Comment 1121
81441;2021-02-12 00:42:58;2021-07-08 16:46:57;2020-07-21 08:13:03;SO64615;84-8862-18518;94309;4;6207,72;150,1;533,95;7584,3;Comment 1122
26768;2023-05-26 17:33:09;2021-11-13 12:11:34;2023-07-31 23:28:17;SO15232;29-3530-22517;26868;24;8260,37;411,07;44,1;6870,06;Comment 1123
26211;2023-08-25 09:19:53;2023-05-11 10:25:16;2021-01-18 03:49:15;SO97725;73-8844-80299;79371;16;2614,34;212,55;301,14;505,32;Comment 1124
77426;2022-10-24 16:10:58;2022-01-02 18:20:29;2020-08-09 19:31:37;SO65977;60-7449-26711;64623;43;5288,35;147,49;210,87;11797,54;Comment 1125
14912;2021-12-21 22:37:08;2023-09-26 10:08:04;2022-03-28 11:49:57;SO40340;84-7460-34357;25650;7;9573,49;474,5;291,36;2462,87;Comment 1126
61656;2021-09-23 15:36:38;2023-07-22 04:11:00;2020-01-13 13:26:24;SO58921;78-5267-32468;59974;12;2140,65;243,39;49,61;16594,48;Comment 1127
70772;2023-02-28 23:20:15;2023-09-06 11:48:32;2021-05-25 21:01:46;SO41045;42-3255-58813;96753;38;3423,04;171,11;489,29;14566,64;Comment 1128
20934;2023-03-16 00:00:13;2020-06-02 03:14:25;2020-09-13 20:50:35;SO50976;78-5514-83427;96168;6;9258,97;234,16;829,67;3269,47;Comment 1129
70843;2023-02-09 23:03:11;2021-05-05 06:31:01;2020-07-06 04:12:34;SO22354;71-9532-69420;73027;28;1209,11;463,87;725,95;10743,13;Comment 1130
45959;2020-06-12 14:36:54;2022-03-04 07:25:12;2023-03-04 08:22:19;SO68709;72-3440-90827;41537;13;7886,19;96,09;223,6;18314,12;Comment 1131
80485;2021-01-15 02:47:08;2023-05-31 19:46:24;2021-11-01 13:05:25;SO43803;60-7449-26711;72592;43;1317,49;188,32;910,85;12320,02;Comment 1132
46487;2020-09-04 17:54:22;2021-06-12 08:06:57;2021-01-08 14:50:33;SO63148;69-8859-80035;19141;20;462,4;70,16;738,43;15138,92;Comment 1133
48150;2023-03-17 00:41:56;2023-02-27 03:00:25;2020-05-02 10:01:51;SO85745;74-2176-61667;34893;9;3079,5;236,35;910,5;4987,22;Comment 1134
11877;2021-05-15 15:43:37;2023-01-08 10:54:44;2021-01-26 11:05:07;SO78560;78-5514-83427;48615;46;364,44;37,84;832,35;8849,29;Comment 1135
90253;2022-02-06 18:17:46;2021-08-22 04:58:17;2022-05-20 19:41:16;SO38657;57-9057-83653;94685;37;6412,32;111,41;772,37;8717,31;Comment 1136
68602;2021-12-10 14:10:45;2020-06-09 07:53:30;2023-04-01 05:18:29;SO73373;69-8859-80035;55084;21;7159,01;494,38;353,61;17170,73;Comment 1137
36290;2023-02-14 03:11:16;2022-11-15 10:51:49;2022-10-06 19:17:11;SO75655;86-5535-57031;90359;16;8414,52;317,46;719,23;7873,55;Comment 1138
77665;2022-01-30 10:52:09;2023-05-05 07:05:29;2023-12-11 10:35:34;SO14704;22-4444-25264;98701;18;5697,23;168,09;275,86;12568;Comment 1139
92823;2020-08-11 17:16:37;2020-07-20 18:41:11;2022-03-18 01:41:19;SO46525;73-8844-80299;20410;14;4523,23;36,45;344,97;10279,89;Comment 1140
46610;2020-01-02 11:17:29;2021-02-04 21:33:23;2020-10-07 05:18:51;SO50760;28-6393-31125;55685;2;4268,81;199,46;183,94;16048,16;Comment 1141
72042;2021-07-25 03:45:36;2022-10-19 09:04:09;2020-06-08 22:35:58;SO24618;33-1973-80101;96965;9;8084,04;291,09;135,98;13671,14;Comment 1142
84234;2020-01-12 01:20:52;2022-10-30 03:18:16;2023-11-03 14:27:27;SO29716;71-9532-69420;11980;15;5778,38;34,48;102,56;16634,26;Comment 1143
96697;2020-02-25 03:17:37;2022-01-26 06:51:49;2022-04-02 01:52:30;SO52041;40-2409-67736;24889;40;4179,73;292,11;794,22;11844,7;Comment 1144
28825;2022-12-31 14:55:51;2020-11-26 12:38:00;2021-06-08 03:57:41;SO37878;28-6393-31125;45509;43;1307,96;193,94;461,11;10649,58;Comment 1145
12895;2021-11-21 22:33:44;2023-09-13 23:06:12;2023-08-07 18:47:13;SO47418;22-4444-25264;98602;45;4444,66;202,94;796,69;15057,94;Comment 1146
81314;2020-06-17 08:14:10;2023-09-05 12:25:43;2023-12-11 04:24:13;SO44122;42-3255-58813;70645;40;3922,18;197,38;910,49;1226,86;Comment 1147
56302;2022-12-07 23:30:44;2023-03-30 14:59:08;2021-05-22 19:40:05;SO63974;84-8862-18518;34548;16;8898,37;359,49;480,21;6402,16;Comment 1148
93687;2023-08-13 09:50:27;2021-09-24 10:59:54;2023-09-06 10:07:34;SO51389;69-1886-36823;99679;35;7137,82;20,94;536,28;3236,2;Comment 1149
77874;2021-08-12 09:46:34;2020-01-03 14:54:43;2021-08-20 13:29:55;SO98145;81-3143-56523;24069;21;1881,94;112,96;344,68;9766,12;Comment 1150
98399;2020-02-19 19:06:45;2022-02-24 19:02:19;2020-05-22 21:23:57;SO95598;16-3417-49054;78504;16;3141,59;279,6;602,98;5931,27;Comment 1151
26415;2022-04-12 20:55:49;2021-07-27 10:18:27;2023-08-09 10:24:29;SO19841;75-3751-62094;53511;29;8018,98;205,66;761,23;7953,91;Comment 1152
43102;2022-07-08 10:37:38;2022-08-04 01:57:54;2020-12-19 08:31:04;SO45113;33-1973-80101;21546;26;9415,37;267,94;72,38;10141,36;Comment 1153
37136;2023-12-09 10:29:47;2020-10-11 23:48:00;2021-02-07 16:10:50;SO11488;74-2176-61667;82604;9;3162,33;83,07;733,17;18051,2;Comment 1154
97244;2021-07-10 04:08:41;2021-01-30 17:31:00;2023-09-29 19:19:38;SO81086;78-5514-83427;61566;22;8348,25;369,27;102,99;12423,08;Comment 1155
66838;2021-01-29 00:29:42;2023-06-11 23:52:27;2023-01-19 01:28:20;SO80116;51-7602-22642;18684;27;5809,58;39,77;698,09;7320,85;Comment 1156
95099;2023-09-07 02:20:11;2023-03-27 15:06:14;2022-02-02 04:16:43;SO31902;51-7541-34141;93739;6;8298,12;23,42;434,95;10527,37;Comment 1157
10980;2022-12-12 20:11:23;2021-08-08 10:48:35;2023-10-04 08:16:34;SO92618;69-8859-80035;76983;29;2019,29;11,07;473,19;1954,24;Comment 1158
62648;2022-01-23 07:54:04;2023-10-22 21:12:09;2021-01-15 12:32:41;SO58601;23-8779-93758;61148;25;7502,17;250,17;372,59;15178,81;Comment 1159
77290;2022-07-17 03:15:27;2020-09-24 21:05:42;2020-04-02 03:19:16;SO23058;81-3143-56523;71431;50;6756,18;37,02;422,34;13115,26;Comment 1160
23802;2021-04-07 05:58:33;2021-08-05 00:10:20;2022-01-16 16:57:02;SO60576;61-5244-70735;25171;14;6481,18;35,86;226,87;6210;Comment 1161
28714;2020-08-20 20:57:36;2021-02-11 10:47:54;2020-12-03 23:26:00;SO10568;48-2823-67639;66443;50;3948,32;443,91;280,35;19716;Comment 1162
78889;2022-08-23 16:55:42;2021-06-09 00:05:06;2022-04-11 22:14:22;SO37239;86-5535-57031;25514;13;9180,02;362,89;914,91;6876,03;Comment 1163
91258;2020-10-13 05:46:16;2021-02-26 23:12:41;2021-04-26 16:38:26;SO58291;86-5535-57031;16694;31;6150,02;275,02;601,91;8846,93;Comment 1164
49397;2022-08-29 11:29:20;2022-12-15 16:48:41;2020-02-27 12:51:01;SO21042;72-3440-90827;39404;26;3523,28;168,41;430,48;11737,11;Comment 1165
36847;2020-02-28 01:49:28;2021-09-06 08:10:07;2021-05-19 23:01:59;SO49911;51-7541-34141;57829;25;8903,82;410,9;163,37;8886,75;Comment 1166
76818;2022-04-28 10:54:12;2021-07-12 07:41:27;2020-03-12 12:44:31;SO43459;86-5535-57031;45776;45;2627,95;175,45;247,32;14906,31;Comment 1167
60741;2020-09-08 04:30:08;2022-08-28 02:46:42;2021-11-04 02:26:05;SO14463;51-7602-22642;43306;32;1631,96;188,01;398,75;1398,34;Comment 1168
20049;2021-03-16 12:12:58;2021-08-21 10:49:08;2020-07-24 17:01:49;SO22037;84-8862-18518;86610;24;8519,21;339,72;338,02;5396,32;Comment 1169
93864;2023-06-28 12:28:38;2022-06-23 07:24:16;2020-02-27 01:31:27;SO91182;35-6579-94037;22664;49;5687,88;136,75;403,23;14431,26;Comment 1170
84325;2022-11-26 21:48:15;2021-01-23 21:21:25;2021-04-14 17:56:21;SO31333;92-2389-56247;48077;11;5717,52;260,49;905,22;2009,61;Comment 1171
35364;2022-03-05 06:07:22;2023-05-14 15:01:57;2023-06-15 15:32:31;SO73898;84-7460-34357;21298;38;3381,87;422,53;516,34;264,71;Comment 1172
42973;2020-09-26 07:21:12;2021-10-28 00:23:41;2021-01-07 01:11:50;SO65279;97-9859-86247;19541;29;9941,05;107,96;839,02;5931,27;Comment 1173
76550;2023-03-31 07:47:20;2020-06-18 15:24:09;2022-11-29 05:07:55;SO79981;84-7460-34357;51364;18;2992,73;322,32;374,43;4989,03;Comment 1174
34879;2023-11-08 00:25:14;2022-06-01 12:30:31;2023-06-05 21:16:52;SO79475;57-9057-83653;28175;50;9984,34;127,71;553,32;17612,85;Comment 1175
60651;2021-04-05 21:01:04;2022-10-26 11:01:44;2022-05-20 11:22:53;SO32328;84-8862-18518;71418;26;954,92;408,72;235,08;1077,41;Comment 1176
87965;2023-11-17 15:17:16;2022-10-07 13:56:21;2020-11-21 09:38:48;SO43345;40-5683-25279;87071;7;1858,49;153,69;34,55;4068,4;Comment 1177
93329;2021-11-01 10:22:01;2023-04-01 10:55:59;2022-07-26 02:57:20;SO58923;44-6968-96958;43634;20;2076,05;402,89;152,13;5532,53;Comment 1178
92735;2023-05-08 04:39:45;2020-05-04 20:37:30;2023-07-14 09:25:10;SO65342;35-6579-94037;37904;49;4429,8;55,38;852,1;9771,87;Comment 1179
14936;2023-06-04 09:27:24;2020-01-15 00:03:13;2021-07-17 01:39:57;SO81681;66-2881-24904;93762;10;7081,05;168,82;296,14;15510,96;Comment 1180
63165;2020-11-14 22:54:25;2021-10-08 15:10:07;2022-12-14 10:53:22;SO52376;17-6178-77430;44233;17;2357,02;209,19;766,06;8289,35;Comment 1181
78399;2022-10-14 07:36:55;2022-10-09 13:11:55;2020-06-15 05:02:16;SO93673;69-1886-36823;63385;4;6266,54;111,58;325,68;1808,45;Comment 1182
83023;2021-07-14 08:46:53;2021-10-22 17:20:12;2022-02-16 03:00:00;SO84936;23-8510-71623;27958;18;1416,39;390,87;558,94;15362,88;Comment 1183
15898;2023-11-19 19:43:31;2020-01-27 15:16:50;2023-01-20 17:36:47;SO38933;51-7602-22642;48231;17;4745,92;200,8;313,93;2862,61;Comment 1184
78627;2020-07-25 11:17:07;2021-04-02 05:28:19;2022-11-03 22:50:49;SO12454;33-1973-80101;37511;46;4418,5;326,87;551,98;214,65;Comment 1185
60126;2022-11-21 22:14:34;2023-03-20 06:17:18;2022-03-29 23:48:05;SO73468;75-7092-97988;53738;22;2104,42;278,63;16,31;159;Comment 1186
21125;2023-06-13 14:04:21;2022-12-02 04:32:36;2020-11-04 03:06:06;SO33262;48-2823-67639;67653;35;1431,33;275,52;923,09;11771,01;Comment 1187
43404;2020-01-20 09:53:41;2020-04-28 08:30:13;2023-03-25 09:01:13;SO37173;51-7602-22642;50979;32;633,19;23,16;655,81;18327,14;Comment 1188
75848;2020-09-25 04:30:26;2021-11-01 22:32:20;2020-11-19 16:02:54;SO13348;84-8862-18518;99811;42;409,8;456,18;446,68;17032,57;Comment 1189
37971;2022-12-10 05:34:48;2022-04-02 02:52:23;2020-10-12 09:33:20;SO35123;44-6968-96958;48541;26;7787,68;343,92;715,84;11595,44;Comment 1190
63138;2022-08-03 12:44:10;2020-04-17 11:47:08;2022-08-09 09:11:09;SO83363;57-9057-83653;15861;2;102,15;180,64;396,34;19361,65;Comment 1191
28783;2021-08-13 17:40:05;2021-06-30 02:26:38;2021-08-31 18:31:35;SO47019;33-1973-80101;14164;26;103,03;241,3;722,73;8614,77;Comment 1192
95109;2022-11-14 13:28:06;2020-09-16 19:24:32;2023-03-18 05:47:19;SO39945;35-6579-94037;89210;27;8330,97;119,87;514,76;11558,91;Comment 1193
28357;2023-03-18 16:02:52;2023-07-26 03:59:25;2023-11-12 12:52:04;SO77369;69-1886-36823;90187;45;5787,94;48,76;206,39;18974,26;Comment 1194
27794;2020-07-24 14:58:38;2020-12-19 23:34:07;2022-10-11 09:56:03;SO63072;76-6173-91169;46820;7;1061,08;91,23;405,73;3741,02;Comment 1195
78040;2021-12-28 04:47:36;2020-05-13 04:14:54;2021-06-19 23:32:13;SO15357;24-7081-87522;58262;20;2458,79;310,42;677,35;9207,79;Comment 1196
70603;2020-04-18 22:51:06;2021-11-11 11:10:45;2022-07-04 09:18:46;SO19022;69-8859-80035;22011;12;1440,23;480,08;210,56;2040,34;Comment 1197
97541;2021-09-20 19:25:18;2020-03-12 22:57:15;2023-05-26 22:58:34;SO74404;63-4608-21366;15709;9;7307,99;318,44;469,69;12486,14;Comment 1198
43181;2020-04-13 23:47:16;2022-05-17 21:51:44;2021-05-23 12:45:11;SO42407;74-3185-84739;13142;41;5581,16;346,42;683,75;13010,26;Comment 1199
86102;2022-07-15 13:46:03;2020-09-27 09:17:57;2022-06-22 19:03:11;SO76370;66-2881-24904;50703;42;6879,23;235,57;408,11;17979,55;Comment 1200
61250;2023-06-02 21:15:14;2020-10-17 05:07:01;2022-08-21 08:03:51;SO54854;35-6579-94037;49300;18;6455,57;160,96;88,14;456,87;Comment 1201
25336;2021-12-05 23:29:54;2021-01-24 13:35:00;2022-08-21 18:19:10;SO33766;84-7460-34357;56914;30;2398,91;301,77;993,72;4931,28;Comment 1202
51840;2022-05-06 18:12:31;2022-02-18 15:31:38;2023-07-26 18:52:12;SO97576;61-5244-70735;68530;23;8452,87;345,63;844,7;2575,11;Comment 1203
31788;2020-12-09 07:09:22;2021-04-26 13:49:02;2020-09-27 23:13:30;SO29688;72-3440-90827;88861;7;2482;47,25;495,34;19645,73;Comment 1204
71328;2022-09-25 06:55:04;2022-10-13 14:35:11;2023-02-16 23:34:00;SO76702;86-5535-57031;66147;31;2602,69;280,42;87,82;1561,74;Comment 1205
33028;2022-11-15 12:58:49;2023-08-01 21:38:25;2022-10-11 14:39:59;SO29645;96-7105-64379;27361;10;8161,81;240,35;956,27;5993,34;Comment 1206
64125;2021-05-17 19:40:12;2020-06-15 10:51:02;2020-04-06 03:51:30;SO20111;76-6173-91169;39166;19;5669,41;165,06;996,08;5356,72;Comment 1207
98818;2022-10-28 06:10:06;2021-02-03 18:35:11;2023-02-26 13:15:32;SO75613;61-5244-70735;43884;29;9242,64;477,54;248,01;4386,34;Comment 1208
54708;2022-11-14 13:58:48;2023-04-28 20:51:37;2022-11-11 15:03:54;SO14615;74-2176-61667;60035;20;5534,24;165,96;476,96;2319,33;Comment 1209
35366;2022-05-04 02:41:45;2021-03-04 11:22:53;2023-08-17 11:39:44;SO27467;61-5244-70735;14914;48;8626,93;244,84;954,22;6668,97;Comment 1210
34344;2022-10-04 01:25:19;2023-10-26 03:54:59;2022-05-20 06:05:18;SO47804;61-5244-70735;24531;14;2006,5;452,32;913,66;19817,14;Comment 1211
47818;2022-03-28 22:21:46;2022-05-01 08:46:31;2022-06-21 18:11:48;SO21606;30-1489-79011;28077;10;3311,5;114,81;129,58;17607,27;Comment 1212
19369;2020-03-07 03:43:02;2023-08-08 03:14:15;2020-11-12 22:59:39;SO68853;23-8510-71623;32269;29;4046,6;202,08;749,94;18908,45;Comment 1213
33571;2021-09-20 07:10:10;2020-02-08 21:53:53;2022-03-13 17:56:31;SO73187;84-8862-18518;46352;32;7523,19;490,86;317,58;2402,48;Comment 1214
36232;2020-08-30 17:03:51;2022-01-18 13:00:54;2021-01-10 05:20:37;SO22016;69-1886-36823;81339;42;5563,08;385,52;611,38;15193,94;Comment 1215
55806;2020-02-23 19:43:22;2023-12-12 00:45:44;2021-07-09 21:41:21;SO65472;72-3440-90827;67365;23;6505,97;292,62;11,66;3286,6;Comment 1216
80863;2022-04-04 18:49:05;2020-08-04 04:55:10;2023-04-23 23:12:43;SO94688;53-9319-74957;21441;1;6462,82;238,28;159,62;3445,91;Comment 1217
28397;2023-05-29 04:02:08;2023-09-22 14:47:47;2021-11-08 16:28:17;SO79625;74-3185-84739;30442;13;7771,65;294,18;415,34;4412,45;Comment 1218
22322;2022-05-17 07:11:55;2022-08-24 11:41:58;2023-02-23 11:54:48;SO42805;22-4444-25264;94934;34;3254,7;140,65;220,8;3419,17;Comment 1219
82235;2020-01-26 20:36:43;2021-04-19 10:27:34;2023-01-29 21:27:07;SO17191;83-7954-63932;56647;8;5365,59;340,66;21,66;15337,74;Comment 1220
52172;2020-05-27 17:01:00;2023-10-29 19:56:34;2021-04-17 10:02:03;SO58926;85-4116-52037;57049;22;1049,8;260,01;612,87;19613,55;Comment 1221
15175;2020-02-19 09:21:34;2021-09-30 02:16:56;2021-08-29 07:05:23;SO72956;85-4116-52037;90609;27;1156,44;330,47;440,18;19207,19;Comment 1222
48454;2021-01-09 21:02:42;2023-05-06 14:19:19;2023-08-01 08:57:31;SO25367;28-4123-84663;55014;50;9407,71;41,79;113,21;3616,5;Comment 1223
14180;2022-10-24 01:04:35;2020-03-09 18:47:52;2023-04-26 23:42:19;SO12289;44-6968-96958;43326;46;6688,72;442,91;959,32;12226,59;Comment 1224
98423;2023-04-19 04:14:49;2021-10-19 01:46:42;2023-12-13 20:23:40;SO22163;35-6579-94037;10845;40;4344,87;268,77;582,87;10262,79;Comment 1225
74921;2020-06-02 02:07:20;2021-09-18 10:15:49;2023-10-17 21:43:26;SO33313;83-7954-63932;52443;45;862,39;338,05;424,2;11895,04;Comment 1226
40163;2021-03-27 10:00:38;2022-09-13 18:32:18;2020-10-02 10:56:53;SO82746;63-4608-21366;80454;1;1982,15;147,95;884,82;8360,46;Comment 1227
48552;2023-05-18 01:57:07;2020-01-25 20:39:08;2022-01-18 10:23:01;SO89064;35-6579-94037;68339;26;9846,15;151,82;235,82;2709,65;Comment 1228
12821;2021-02-18 07:25:16;2023-12-04 07:54:48;2020-06-06 13:22:12;SO18506;24-7081-87522;21493;25;2667,47;366,33;312,99;19334,73;Comment 1229
76861;2022-05-03 16:41:41;2023-05-22 20:05:19;2020-04-29 21:10:49;SO90954;57-9057-83653;45597;24;4463,95;422,12;128,17;18647,39;Comment 1230
74555;2020-09-15 02:03:20;2020-10-25 02:54:34;2022-02-10 20:24:46;SO53350;75-7092-97988;20478;3;8612,67;299,14;160,17;2676,54;Comment 1231
90667;2022-05-25 09:41:00;2021-09-26 12:42:13;2023-04-07 04:58:14;SO42347;72-3440-90827;16161;15;7917,64;35,25;256,86;10730,48;Comment 1232
62716;2023-09-09 21:19:31;2021-11-21 02:44:21;2020-05-16 05:39:16;SO80565;74-2176-61667;17077;50;8338,65;146,64;217,71;782,47;Comment 1233
78037;2022-09-17 21:10:49;2022-11-25 17:39:28;2020-11-24 21:24:30;SO94885;53-9319-74957;83110;15;5583,88;109,53;465,39;5781,15;Comment 1234
56892;2022-06-28 09:48:57;2021-06-06 14:09:53;2022-12-07 11:27:05;SO81572;83-7954-63932;15231;11;8261,67;154,39;657,85;10147,88;Comment 1235
10734;2020-09-09 04:04:56;2021-09-17 01:31:22;2020-05-08 16:35:45;SO20402;49-7039-68376;10694;19;3285,65;404,78;772,64;6975,71;Comment 1236
33180;2022-07-14 22:28:25;2023-08-23 08:12:55;2023-07-04 13:38:38;SO76648;66-2881-24904;50679;7;4472,49;114,45;126,04;12081,48;Comment 1237
39240;2021-02-01 21:00:39;2022-05-01 10:05:14;2023-01-03 02:30:11;SO89195;33-1973-80101;21418;24;7417,24;350,27;635,33;13116,41;Comment 1238
37275;2020-06-30 01:54:33;2023-12-26 05:05:58;2021-04-19 03:52:39;SO71058;49-7039-68376;41722;36;575,85;116,21;932,11;7031,26;Comment 1239
62749;2022-08-04 21:31:00;2023-09-15 13:40:05;2023-05-20 04:38:08;SO56450;57-9057-83653;84845;48;8331,58;307,75;684,89;5182,54;Comment 1240
93299;2023-12-15 02:41:12;2020-11-08 15:22:08;2022-11-27 03:58:57;SO15558;63-4608-21366;27417;27;6057,93;81,06;270,13;14203,42;Comment 1241
32943;2022-11-27 05:18:33;2020-04-19 11:04:16;2020-07-20 15:30:31;SO69230;66-2881-24904;67029;3;1836,86;452,66;640,01;17435,34;Comment 1242
38633;2020-11-24 19:39:53;2023-07-06 01:39:51;2021-01-24 01:32:35;SO84458;66-2881-24904;71562;6;1579,31;101,56;379,81;6748,35;Comment 1243
64271;2023-03-10 10:07:33;2023-01-30 08:12:27;2022-07-29 02:55:28;SO90073;51-7602-22642;88532;50;1008,4;227,23;912,51;4777,63;Comment 1244
73540;2023-09-12 10:20:00;2022-07-15 17:55:53;2022-05-25 08:17:45;SO90282;60-7449-26711;32508;3;2933,87;129,77;521,29;14676,53;Comment 1245
26469;2021-03-12 18:16:04;2021-10-24 06:58:34;2020-05-27 14:53:01;SO59846;98-8354-24626;22754;37;9269,91;403,9;82,99;9303,11;Comment 1246
49996;2022-12-31 20:31:33;2022-10-29 15:02:18;2022-04-22 03:23:39;SO70415;23-8779-93758;13346;38;5380,45;295,02;958,63;1986,35;Comment 1247
60572;2020-07-06 11:26:46;2022-12-14 16:42:09;2020-02-04 04:27:45;SO75646;22-4444-25264;76471;3;7190,78;51,24;13,31;6726,26;Comment 1248
11025;2021-11-24 04:58:12;2020-04-29 14:36:27;2020-12-15 17:53:10;SO72310;61-5244-70735;47845;12;6463,15;205,92;596,99;19433,59;Comment 1249
41375;2021-12-06 22:27:31;2021-05-05 11:38:15;2020-06-29 11:34:14;SO22811;72-3440-90827;77202;24;5660,72;450,97;434,53;363,24;Comment 1250
42004;2020-11-09 04:56:21;2022-12-16 09:02:48;2020-04-09 11:53:35;SO15446;51-7602-22642;15151;24;8572,52;257,79;970,04;8388,27;Comment 1251
67869;2021-10-26 16:55:56;2021-09-09 05:11:57;2020-03-07 19:00:14;SO46589;17-6178-77430;97741;36;7062,85;192,49;389,96;18493,02;Comment 1252
10674;2023-03-12 11:41:44;2020-02-05 20:35:14;2023-11-01 16:00:23;SO49217;96-7105-64379;78951;19;5424,22;289,3;838,08;1838,81;Comment 1253
93562;2021-11-18 03:55:23;2021-12-23 19:13:03;2020-01-13 13:21:03;SO47723;98-8354-24626;99168;10;7965,05;357,37;818,5;11167,44;Comment 1254
20072;2021-02-28 11:35:18;2020-04-19 04:12:49;2020-02-26 17:18:10;SO87203;33-1973-80101;29185;23;2767,54;314,64;941,06;17447,54;Comment 1255
96740;2020-03-02 16:50:35;2021-06-09 17:27:40;2020-10-08 18:00:59;SO12540;83-7954-63932;89526;47;9683,32;78,64;109,37;3041,56;Comment 1256
32465;2023-10-23 04:18:15;2020-02-19 21:02:16;2023-09-08 09:06:33;SO54382;17-6178-77430;84690;42;353,59;262,54;410,01;9501,16;Comment 1257
71594;2023-01-17 20:11:22;2023-05-30 16:37:30;2023-12-12 17:43:36;SO94432;23-8510-71623;14156;37;7408,98;273,69;855,65;1517,27;Comment 1258
12617;2020-12-14 03:04:22;2022-04-26 01:20:55;2022-10-10 03:47:41;SO65842;81-3143-56523;89486;45;6778,28;10,21;681,32;8431,38;Comment 1259
56582;2020-01-05 13:14:39;2023-03-25 01:26:02;2021-07-07 16:29:48;SO28570;51-7541-34141;53095;2;2016,02;110,01;516,11;6825,06;Comment 1260
93574;2020-05-25 19:48:55;2021-10-24 12:17:56;2023-05-29 19:14:04;SO66871;29-3530-22517;63821;47;9619,15;206,22;882,82;173,77;Comment 1261
60471;2021-08-20 09:04:11;2023-07-17 13:24:36;2021-05-03 15:25:08;SO26875;66-4277-92738;13545;41;6262,28;336,98;109,45;2184,71;Comment 1262
17343;2021-04-17 18:11:35;2023-10-29 03:03:28;2020-07-16 22:23:18;SO58690;51-7541-34141;54755;50;3868,53;142,4;238,97;6204,15;Comment 1263
82948;2020-07-24 08:11:53;2020-11-14 06:32:56;2021-10-23 12:02:12;SO63476;35-6579-94037;29551;46;7828,29;184,8;677,62;8310,52;Comment 1264
98782;2021-06-12 08:16:55;2022-08-15 09:34:52;2021-04-18 14:41:07;SO82680;76-6173-91169;15850;7;4380,57;91,75;780,42;4277,3;Comment 1265
38382;2021-07-21 07:18:39;2023-12-07 06:25:50;2020-12-19 01:07:29;SO91686;69-1886-36823;39935;8;1142,12;497,9;924,08;14888,98;Comment 1266
46082;2021-02-09 01:37:57;2022-10-07 06:56:55;2022-03-10 18:03:20;SO27746;40-2409-67736;89482;15;9652,95;237,77;663,1;2784,23;Comment 1267
57265;2022-02-22 00:38:30;2022-07-15 22:09:51;2023-07-21 21:02:24;SO96360;72-3440-90827;15406;50;8932,94;484,74;249,19;18529,3;Comment 1268
65763;2020-11-03 03:38:41;2020-09-15 18:30:02;2022-10-11 15:55:41;SO88024;48-2823-67639;40981;48;2529,01;379,09;573,42;17894,05;Comment 1269
64876;2021-10-11 03:01:23;2021-01-30 06:12:39;2021-09-13 02:58:43;SO95597;97-9859-86247;68753;22;8546,1;446,58;761,88;10885,23;Comment 1270
85405;2021-05-17 00:53:31;2022-01-27 08:03:12;2022-10-13 03:04:25;SO63791;44-6968-96958;21199;39;5066,73;33,01;387,18;4146,12;Comment 1271
37395;2021-04-26 16:13:19;2022-12-15 16:21:43;2021-12-08 01:54:17;SO83078;40-2409-67736;98282;13;6822,35;47,2;285,93;14183,88;Comment 1272
13685;2022-05-29 03:04:41;2021-07-15 03:23:43;2020-04-30 19:24:59;SO76635;86-5535-57031;43302;33;1619,46;60,39;964,62;5610,39;Comment 1273
43727;2020-06-22 02:42:21;2021-06-02 08:13:18;2022-10-12 22:32:05;SO85394;78-5267-32468;96922;33;6794,7;392,55;494,57;8892,93;Comment 1274
59637;2021-06-30 10:17:34;2022-11-04 11:42:07;2023-12-06 11:15:36;SO63401;76-6173-91169;81293;50;676,05;150,78;118,78;5541,79;Comment 1275
99723;2023-10-19 03:34:47;2020-10-13 14:40:14;2020-01-13 19:58:07;SO19468;30-1489-79011;39465;14;736,36;253,63;863,42;6730,84;Comment 1276
92904;2020-01-23 19:16:31;2022-09-26 05:04:10;2021-01-02 02:39:49;SO76116;51-7602-22642;77095;22;3882,11;23,2;220,97;5548,75;Comment 1277
38656;2022-12-24 06:42:09;2022-06-30 04:36:42;2022-01-24 20:49:56;SO42705;33-1973-80101;87914;28;4077,55;61,47;199,91;11543,97;Comment 1278
67298;2022-08-03 18:21:08;2022-04-15 16:13:13;2023-11-27 05:00:31;SO54895;72-3440-90827;48895;48;9905,01;109,86;82,7;1563,11;Comment 1279
75624;2022-09-08 04:57:41;2023-03-19 09:26:12;2022-05-30 06:44:48;SO16860;30-1489-79011;80011;30;4297,06;484,25;180,56;15936,29;Comment 1280
91569;2023-09-13 05:46:45;2022-11-15 03:09:00;2023-02-23 13:15:44;SO13261;86-5535-57031;86140;38;8605,09;263,56;596,82;4051,19;Comment 1281
18536;2020-03-03 00:39:03;2020-06-17 08:41:22;2021-07-16 20:10:59;SO53578;74-2176-61667;99681;2;1466,83;55,84;410,66;1051,88;Comment 1282
80630;2022-01-12 21:24:21;2022-04-01 19:35:11;2023-03-07 22:13:35;SO81995;69-8859-80035;92206;14;6485,81;49,67;796,89;19027,77;Comment 1283
71876;2021-11-18 09:07:50;2020-09-15 00:56:13;2022-06-01 03:09:51;SO95189;84-8862-18518;77591;6;9651,67;127,27;365,31;13768,75;Comment 1284
18363;2023-11-11 22:08:34;2021-07-14 04:21:35;2022-12-15 10:48:40;SO58176;44-6968-96958;58209;50;6677,53;31,21;642,81;2990,37;Comment 1285
12059;2023-05-23 22:21:49;2023-02-17 04:04:34;2021-05-10 06:54:03;SO80013;29-3530-22517;81226;29;1870,57;195,51;789,62;15358,58;Comment 1286
87758;2023-02-20 14:08:06;2022-09-05 16:31:52;2021-12-25 06:28:04;SO93483;63-4608-21366;78914;19;5845,72;294,73;436,4;10059,65;Comment 1287
29038;2022-10-29 18:19:07;2022-11-14 13:44:26;2020-08-30 13:48:42;SO52090;74-3185-84739;11831;36;5113,27;335,99;53,56;6642,72;Comment 1288
15059;2022-05-24 10:00:15;2021-10-02 08:32:32;2021-04-14 05:19:10;SO51227;16-3417-49054;60588;44;8063,79;475,06;363,46;2764;Comment 1289
46072;2023-01-31 20:16:22;2023-03-13 06:53:45;2022-08-08 21:47:13;SO55475;28-6393-31125;70695;17;3707,92;65,86;459,52;19212,03;Comment 1290
80735;2023-10-13 04:03:02;2022-03-02 09:33:02;2023-10-14 04:25:22;SO37004;66-4277-92738;61441;3;8697,88;405,16;550,31;12306,72;Comment 1291
46875;2021-07-20 02:31:04;2021-07-03 09:52:44;2020-07-27 07:54:49;SO91948;92-2389-56247;74651;16;7332,05;192,03;77,02;1705,93;Comment 1292
56234;2022-12-02 06:40:11;2020-01-31 08:44:21;2020-08-10 15:02:33;SO95756;74-3185-84739;49877;5;5342,07;305,9;48,27;10146,69;Comment 1293
33279;2020-11-06 14:55:42;2023-09-03 13:52:23;2021-12-17 21:51:33;SO56825;44-6968-96958;98223;45;9056,19;377,97;274,3;13049,98;Comment 1294
38325;2021-12-13 18:24:06;2021-02-08 11:18:22;2021-03-15 11:56:37;SO20362;16-3417-49054;99404;12;9788,62;219,97;325,37;13222,13;Comment 1295
14400;2022-02-04 20:22:49;2022-07-11 02:58:11;2020-01-02 18:18:26;SO41782;17-6178-77430;67029;45;9526,58;419,68;678,74;18241,74;Comment 1296
58835;2022-09-08 08:31:42;2020-12-01 10:55:49;2022-01-24 01:33:40;SO27791;83-7954-63932;47970;46;477,99;156,73;745,05;8245,95;Comment 1297
87204;2021-11-11 08:20:21;2023-05-05 20:38:02;2020-11-22 06:18:30;SO83600;75-3751-62094;14064;12;2758,54;441,65;735,71;16693,84;Comment 1298
61913;2020-05-19 12:18:30;2020-12-15 17:04:51;2020-10-22 15:06:54;SO49267;78-5514-83427;93754;6;4203,22;106,72;441,95;990,72;Comment 1299
62695;2021-10-28 08:59:59;2022-09-10 17:12:31;2022-10-29 22:09:55;SO27956;98-8354-24626;11043;3;748,9;303,24;97,22;16576,13;Comment 1300
59944;2023-01-19 08:14:28;2023-08-27 10:39:20;2020-09-04 08:26:37;SO96294;66-4277-92738;46198;21;2434,69;166,18;525,91;17380,51;Comment 1301
40538;2021-04-01 19:04:01;2020-08-16 11:47:04;2022-12-27 05:06:40;SO76262;66-4277-92738;29785;13;3990,41;351,24;806,74;11127,02;Comment 1302
74535;2021-01-01 21:23:09;2020-03-30 02:54:06;2023-02-13 21:00:21;SO30194;53-9319-74957;99657;39;4215,09;363,13;154,6;7064,77;Comment 1303
37752;2023-11-08 00:35:22;2020-03-17 08:48:01;2023-08-19 12:11:39;SO55662;57-9057-83653;45719;24;9610,2;251,4;437,56;8888,08;Comment 1304
25141;2022-05-31 01:46:43;2020-03-04 02:03:03;2022-11-17 03:07:56;SO20020;63-4608-21366;84732;26;3469,41;474,82;168,65;8169,97;Comment 1305
58337;2022-08-25 10:56:27;2023-03-06 06:15:18;2022-05-17 03:45:06;SO33957;29-3530-22517;38992;45;7907,26;314,08;371,61;17824,73;Comment 1306
23499;2022-02-11 05:11:55;2022-04-16 14:30:50;2023-05-19 15:34:07;SO84975;16-3417-49054;84852;10;2020,74;168,93;978,88;2668,42;Comment 1307
60874;2021-09-06 03:25:47;2022-10-25 03:04:49;2022-09-20 03:54:37;SO83414;74-3185-84739;46159;30;5033,4;209,45;25,89;19211,6;Comment 1308
92792;2022-10-12 05:30:28;2021-05-18 15:11:19;2021-09-08 15:47:15;SO39858;78-5267-32468;25574;25;6448,19;204,29;112,47;7020,33;Comment 1309
17362;2022-10-03 02:08:01;2021-12-01 13:56:21;2022-05-25 00:46:46;SO40334;51-7602-22642;14891;23;181,66;192,48;116,23;11250,35;Comment 1310
77189;2020-09-07 23:30:35;2022-08-21 19:34:39;2023-04-25 05:16:45;SO59703;75-7092-97988;88788;26;8665,58;297,29;460,45;17293,86;Comment 1311
24158;2021-06-17 00:17:33;2022-07-23 09:16:53;2022-10-10 00:44:50;SO88961;22-4444-25264;43192;43;5383,63;223,11;168,06;13031,22;Comment 1312
60169;2022-09-01 08:54:49;2023-04-23 22:54:15;2020-08-09 11:32:12;SO79015;83-7954-63932;71070;48;8728,57;268,81;690,76;17817,34;Comment 1313
55232;2023-04-21 23:40:25;2021-03-14 07:07:07;2022-07-06 10:27:49;SO36143;86-5535-57031;73367;36;8294,5;132,76;509,95;4639,46;Comment 1314
98607;2023-01-31 22:45:41;2023-04-22 08:03:44;2021-02-19 04:22:35;SO32717;66-4277-92738;44878;5;9313,52;295,36;194,5;9884,53;Comment 1315
86616;2023-05-03 15:00:48;2023-01-13 03:37:14;2021-01-19 15:48:50;SO30430;72-3440-90827;99367;23;3404,27;322,47;138,16;1335,16;Comment 1316
57338;2020-10-29 19:04:14;2020-01-12 09:16:04;2020-02-19 14:34:07;SO71842;74-2176-61667;28844;8;8622,86;161,54;671,33;840,71;Comment 1317
99029;2022-03-30 09:44:30;2020-01-27 02:59:43;2020-11-11 16:02:26;SO31823;51-7602-22642;52954;18;2914,61;67,56;83,79;14411,2;Comment 1318
88562;2022-03-05 22:07:12;2020-01-02 19:03:10;2021-02-27 11:00:51;SO36040;57-9057-83653;79553;2;8601,83;497,95;511,92;13658,46;Comment 1319
78326;2023-07-04 15:17:28;2022-07-09 11:08:44;2021-07-20 15:02:57;SO92952;85-4116-52037;42206;44;1534,38;39,13;13,87;4786,54;Comment 1320
80933;2022-01-15 06:38:50;2021-06-30 19:02:28;2020-05-08 12:46:50;SO60712;40-5683-25279;56799;29;5936,77;435,42;783,16;13485,44;Comment 1321
35203;2023-07-23 19:54:11;2022-01-13 06:36:31;2022-01-14 04:46:18;SO90248;63-4608-21366;78383;10;903,59;313,05;670,17;19262,36;Comment 1322
45125;2023-10-23 02:16:06;2021-02-19 03:31:16;2020-01-07 21:59:18;SO41594;92-2389-56247;97710;45;3707,98;323,15;500,56;5862,78;Comment 1323
43951;2022-04-24 00:42:13;2020-01-07 13:52:22;2022-04-28 13:57:59;SO13947;22-4444-25264;55099;40;3477,77;391,32;370,45;2142,96;Comment 1324
85053;2020-10-16 23:15:56;2020-04-12 17:03:37;2023-09-27 01:18:30;SO31479;78-5514-83427;81788;16;644,73;75,34;378,27;9239,39;Comment 1325
47874;2021-09-29 01:51:53;2022-04-27 15:50:58;2020-10-01 17:49:46;SO73495;40-5683-25279;44099;2;8354,01;396,39;803,7;13042,46;Comment 1326
74584;2023-10-14 17:47:49;2021-09-10 19:59:56;2020-09-17 21:16:58;SO64481;69-8859-80035;30635;40;2480,81;326,82;616,73;6473,78;Comment 1327
12519;2022-08-19 16:05:44;2021-03-18 14:45:16;2020-12-22 18:15:01;SO34344;40-5683-25279;91636;7;5002,77;473,13;386,89;15186,01;Comment 1328
83031;2022-11-14 14:28:07;2023-12-13 18:38:17;2021-11-14 06:28:59;SO33080;73-8844-80299;60130;39;3307,91;263,9;30,16;1162;Comment 1329
93793;2021-07-02 10:47:37;2022-03-04 13:25:12;2023-05-07 09:27:43;SO41507;96-7105-64379;46788;41;7283,04;378,09;42,79;18452,99;Comment 1330
27481;2023-06-16 21:40:51;2022-06-30 12:25:59;2021-03-29 14:13:17;SO50023;53-9319-74957;14155;23;4722,95;230,46;817,13;17468,56;Comment 1331
60404;2020-02-18 12:14:21;2020-10-13 21:07:57;2023-06-11 06:44:39;SO45305;48-2823-67639;54775;1;1540,27;47,82;100,4;4319,68;Comment 1332
76984;2023-01-02 00:53:00;2022-08-06 22:12:45;2022-09-26 19:28:22;SO10691;71-9532-69420;90843;25;4035,75;429,57;151,99;8569,35;Comment 1333
57167;2023-04-30 03:03:59;2023-05-05 10:28:13;2023-04-06 14:13:04;SO19881;71-9532-69420;15998;24;5413,78;314,67;353,08;10352,38;Comment 1334
99109;2022-02-21 17:59:06;2021-11-20 16:52:57;2023-06-24 08:51:47;SO71089;51-7541-34141;36497;7;3862,69;108,87;606,21;9782,24;Comment 1335
45962;2021-09-02 08:45:13;2023-01-27 00:25:26;2023-02-11 12:49:39;SO75043;24-7081-87522;70593;45;9620,84;190,05;425,94;2580,11;Comment 1336
51053;2021-12-04 06:12:33;2020-01-10 09:28:44;2022-08-06 23:01:33;SO72771;40-5683-25279;24156;11;7288,73;76,43;334,99;17044,98;Comment 1337
44869;2021-10-04 16:57:21;2021-01-03 06:25:54;2023-11-13 19:46:13;SO92141;86-5535-57031;15659;4;4323,03;231,11;874,86;11638,76;Comment 1338
27147;2023-12-27 16:26:06;2021-06-22 16:17:13;2023-02-19 16:34:18;SO44727;40-5683-25279;18720;28;4789,84;80,99;82,52;8913,37;Comment 1339
23450;2021-07-20 00:03:17;2021-09-12 05:08:20;2021-02-19 16:48:57;SO94583;29-3530-22517;63012;49;9456,04;256,27;966,33;8772,85;Comment 1340
18026;2020-02-11 16:59:59;2022-04-23 10:51:04;2021-04-25 03:52:42;SO84545;96-7105-64379;57716;19;3176,56;292,89;798,79;15525,3;Comment 1341
38612;2021-04-04 22:54:41;2021-07-03 00:24:49;2021-03-14 10:46:29;SO33246;73-8844-80299;30632;50;9144,23;328,96;58,83;19841,74;Comment 1342
13971;2020-06-08 16:50:49;2020-12-17 00:24:01;2021-11-19 05:33:00;SO27841;75-3751-62094;18030;22;7418,72;250,18;26,96;17798,01;Comment 1343
22465;2023-05-28 06:35:51;2021-04-18 10:29:54;2020-10-15 10:02:32;SO71840;72-3440-90827;85638;33;1423;231,38;492,23;9398,75;Comment 1344
62085;2021-08-05 10:26:51;2023-07-28 17:21:13;2020-01-17 10:15:26;SO35212;44-6968-96958;57485;26;2996,26;170,29;285,81;1501,53;Comment 1345
80851;2021-08-26 03:16:56;2022-01-11 02:12:06;2021-10-07 12:31:46;SO45606;97-9859-86247;25747;35;3709,77;228,67;217,06;9514,2;Comment 1346
83650;2022-07-19 00:18:37;2020-03-06 01:22:48;2023-09-03 21:17:07;SO28763;84-7460-34357;53786;30;9675,12;496,25;75,26;2491,47;Comment 1347
30823;2020-12-05 05:44:47;2021-04-30 22:18:15;2021-09-26 01:21:59;SO61454;22-4444-25264;58640;17;1397,64;324,39;817,26;10551,94;Comment 1348
50444;2021-03-07 03:41:20;2020-02-26 01:17:51;2021-12-17 20:27:09;SO66666;72-3440-90827;60178;45;594,51;381,45;219,91;2937,05;Comment 1349
87203;2020-04-23 22:54:31;2023-09-24 09:34:31;2023-09-10 09:32:46;SO85354;51-7541-34141;21800;14;6557,66;476,02;828,49;3816,74;Comment 1350
20584;2022-12-25 02:51:37;2022-08-02 16:58:20;2023-10-08 08:35:15;SO38665;51-7541-34141;62317;6;4810,13;27,68;371,25;475,75;Comment 1351
11612;2023-09-09 17:24:28;2022-02-11 01:36:22;2020-10-05 07:41:48;SO84419;81-3143-56523;23029;16;8198,13;321,92;514,9;1816,65;Comment 1352
78488;2021-07-09 00:17:23;2023-09-14 20:59:18;2022-09-01 04:46:43;SO36428;84-7460-34357;55179;19;1012,74;418,53;969,6;6133,59;Comment 1353
94963;2020-08-06 15:45:24;2020-01-13 20:31:06;2020-05-31 09:51:15;SO79155;22-4444-25264;93954;32;6341,7;468,07;824,89;7971,4;Comment 1354
58135;2023-12-18 22:12:00;2022-08-16 02:39:26;2022-02-06 00:52:38;SO58476;51-7541-34141;71072;38;8056,86;89,83;959,25;12140,99;Comment 1355
43719;2020-03-04 11:45:03;2023-07-14 21:32:10;2023-01-03 21:14:20;SO76106;17-6178-77430;80441;43;5360,99;330,6;943,04;18489,49;Comment 1356
84005;2023-01-14 05:27:24;2021-12-17 10:01:56;2020-07-08 04:54:19;SO30893;74-3185-84739;76747;20;8375,88;27,07;395,7;18030,06;Comment 1357
85693;2021-05-09 04:43:51;2020-06-03 10:30:59;2020-10-01 13:54:54;SO27245;28-6393-31125;42530;36;9088,41;290,6;783,06;7752,27;Comment 1358
40071;2022-01-09 23:38:42;2021-04-25 14:04:43;2020-11-30 01:44:43;SO58171;28-6393-31125;10748;3;6179,32;131,57;489,96;6969,09;Comment 1359
48434;2022-08-18 09:56:07;2023-06-16 03:22:09;2022-04-30 04:16:06;SO51075;48-2823-67639;49131;22;1305,68;58,56;128,62;1961,39;Comment 1360
69490;2022-01-15 07:10:40;2020-01-07 13:57:26;2020-03-31 17:05:00;SO33008;69-8859-80035;44825;45;5694,27;121,83;240,2;15733,45;Comment 1361
98604;2020-06-16 06:53:33;2020-01-25 16:52:52;2020-06-24 08:37:42;SO13120;40-2409-67736;56400;42;6984,79;221,57;737,12;8284,05;Comment 1362
59274;2020-12-26 18:10:09;2021-06-24 19:48:06;2023-11-18 12:44:42;SO63567;76-6173-91169;54892;21;861,18;490,81;139,32;7604,82;Comment 1363
56506;2022-02-05 02:56:04;2023-06-26 04:21:21;2022-03-17 23:36:23;SO88771;72-3440-90827;61729;1;7975,29;280,46;172,65;19820,26;Comment 1364
66741;2021-08-10 00:09:13;2020-08-06 03:25:52;2020-05-30 23:07:25;SO58819;57-9057-83653;11141;26;5136,52;148,96;321,58;7320,07;Comment 1365
25950;2021-12-22 18:46:40;2020-02-17 10:22:37;2023-02-14 15:38:25;SO22358;33-1973-80101;53091;22;2218,11;418,47;247,44;19766,43;Comment 1366
46728;2021-08-09 12:41:38;2021-04-10 11:50:52;2023-06-15 20:12:16;SO40291;42-3255-58813;23117;15;7541,81;396,66;113,31;6721,12;Comment 1367
42529;2023-04-28 07:33:38;2020-04-24 15:07:43;2020-03-17 08:21:37;SO77348;78-5514-83427;96013;13;485,75;304,33;165,89;15246,16;Comment 1368
81487;2020-03-29 20:57:52;2021-04-12 17:19:40;2021-02-23 14:30:19;SO88416;28-6393-31125;30672;17;3915,96;387,03;897,12;13933,48;Comment 1369
43812;2020-06-10 14:26:50;2023-03-16 20:24:59;2023-07-06 16:03:36;SO27974;61-5244-70735;39143;17;2680,88;427,29;68,5;585,98;Comment 1370
29323;2020-07-13 01:49:12;2022-04-15 04:10:31;2023-03-30 05:16:50;SO49225;74-2176-61667;34077;12;9045,79;309,82;937,77;12264,8;Comment 1371
37829;2022-01-11 00:45:22;2021-11-17 16:10:01;2020-07-30 21:28:18;SO50687;50-5389-75591;27183;19;6392,83;346,86;346,31;10110,32;Comment 1372
97709;2021-05-15 11:28:47;2022-09-04 05:39:52;2023-06-08 06:25:58;SO83975;78-5267-32468;79667;48;1819,61;90,47;767,11;11900,81;Comment 1373
60171;2020-06-22 01:34:59;2021-08-21 23:07:10;2021-05-16 18:43:52;SO80152;17-6178-77430;63343;24;1485,4;141,2;112,46;7141,56;Comment 1374
27772;2021-01-18 12:08:54;2021-06-04 00:51:10;2020-07-09 12:07:17;SO64013;22-4444-25264;60630;17;4241,12;44,54;122,61;19291,67;Comment 1375
86070;2021-02-26 04:45:32;2023-05-19 07:24:02;2021-04-22 16:30:53;SO69130;83-7954-63932;36942;13;3723,66;264,08;999,73;4571,56;Comment 1376
99136;2020-01-22 08:44:00;2022-08-26 13:21:10;2022-05-11 20:13:02;SO65328;73-8844-80299;24110;25;7284,98;489,17;21,99;17255,37;Comment 1377
16287;2023-08-16 11:00:48;2020-05-14 23:49:50;2023-07-12 19:28:42;SO63954;96-7105-64379;50481;24;1335,51;391,44;460,74;1946,67;Comment 1378
53896;2023-08-03 19:17:50;2021-07-07 11:03:01;2023-10-23 01:42:53;SO61476;74-3185-84739;87016;27;7000,37;363,53;97,47;12946,06;Comment 1379
37040;2023-09-08 18:42:36;2022-12-01 14:45:05;2023-04-28 09:17:18;SO61430;83-7954-63932;15145;6;2014,33;146,77;325,52;4311,89;Comment 1380
59974;2022-05-31 04:30:01;2023-10-06 22:44:34;2021-06-27 20:24:59;SO13751;35-6579-94037;28492;19;7689,61;82,84;917,48;4264,95;Comment 1381
37812;2023-09-16 12:36:59;2020-04-01 23:35:53;2022-09-13 12:30:44;SO39196;66-2881-24904;95574;20;8853,48;75,2;788,79;17187,24;Comment 1382
54416;2021-03-06 14:42:49;2020-09-07 09:22:53;2023-03-16 20:29:47;SO68456;66-4277-92738;57674;44;9098,52;378,44;382,44;19350,55;Comment 1383
65860;2020-10-14 08:40:30;2022-02-20 15:54:18;2023-11-06 07:40:06;SO83323;35-6579-94037;70410;44;6931,81;28,72;637,34;5154,59;Comment 1384
83931;2023-07-09 05:30:50;2023-10-14 11:28:09;2020-09-12 01:50:54;SO63195;57-9057-83653;62777;50;7615,31;292,21;216,09;4477,33;Comment 1385
92956;2020-05-02 07:45:13;2022-09-01 14:42:16;2023-09-15 05:29:10;SO83273;72-3440-90827;74859;45;4442,57;370,56;873,76;585,5;Comment 1386
66321;2023-01-26 00:36:56;2021-09-02 03:28:54;2021-12-14 02:48:22;SO95199;84-7460-34357;96285;30;2010,71;463,39;804,92;12905,67;Comment 1387
88230;2022-09-20 21:31:01;2020-01-02 08:47:16;2020-07-23 18:23:44;SO77046;33-1973-80101;67327;10;269,77;150,09;341,58;15882,79;Comment 1388
13483;2023-05-12 02:45:48;2021-11-11 20:16:51;2021-11-04 10:14:03;SO25390;22-4444-25264;90731;45;7319,73;499,62;233,48;17039,31;Comment 1389
89567;2020-01-09 11:47:39;2020-12-15 19:37:35;2020-07-18 05:28:04;SO21958;22-4444-25264;36695;7;1400,37;31,24;488,52;343,26;Comment 1390
77543;2021-10-08 02:45:13;2020-10-14 19:32:42;2022-03-08 06:48:59;SO65816;96-7105-64379;32105;3;6226,53;91,13;130,5;5191,63;Comment 1391
70412;2021-04-22 06:02:52;2022-12-17 12:45:38;2023-11-28 00:37:09;SO88723;16-3417-49054;25311;34;4930,85;82,02;825,66;17297,75;Comment 1392
88445;2023-05-03 03:13:54;2021-07-03 14:10:38;2022-04-09 15:47:52;SO78033;83-7954-63932;76055;25;2741,97;319,82;570,06;16714,51;Comment 1393
20491;2021-11-07 20:03:31;2021-11-26 22:42:49;2020-01-25 13:52:16;SO54144;28-4123-84663;91770;12;1905,23;195,05;502,02;7914,46;Comment 1394
54968;2020-11-06 14:59:40;2021-07-09 08:40:52;2023-01-25 16:50:03;SO55113;75-7092-97988;45573;16;5889,53;262,44;751,67;4441,14;Comment 1395
55727;2020-10-26 23:26:58;2020-08-03 21:26:04;2023-08-25 03:36:16;SO77854;76-6173-91169;32974;2;6994,67;371,62;293,14;965,55;Comment 1396
83649;2022-09-16 23:34:25;2022-03-06 17:45:40;2022-09-13 23:34:39;SO92275;69-1886-36823;24415;31;9110;372,77;325,82;18215,33;Comment 1397
59226;2020-04-24 00:52:47;2021-12-22 18:28:09;2020-12-29 17:46:48;SO51440;81-3143-56523;35905;48;5757,16;449,23;505,49;7695,29;Comment 1398
94220;2022-08-17 03:51:09;2020-04-19 00:15:24;2023-10-18 01:47:28;SO60944;71-9532-69420;64593;8;2725,3;260,61;210,12;7880,13;Comment 1399
44991;2020-09-13 17:22:57;2023-03-09 11:17:44;2020-02-04 04:11:12;SO72976;42-3255-58813;51497;50;3221,21;245,85;246,85;13329,44;Comment 1400
98451;2023-04-15 17:31:51;2021-01-06 13:20:45;2022-02-28 03:11:36;SO33358;63-4608-21366;92300;33;3679,06;351,83;907,25;14431,67;Comment 1401
38540;2021-09-01 00:50:47;2021-12-07 10:48:25;2020-02-19 23:14:15;SO95150;74-3185-84739;73131;13;1919,99;59,55;817,63;9806,6;Comment 1402
69091;2023-11-17 23:46:56;2021-09-11 06:14:36;2020-05-27 09:28:19;SO42403;63-4608-21366;46635;36;4032,46;352,21;215,35;1114,24;Comment 1403
20700;2020-03-29 04:21:56;2021-12-22 11:38:23;2021-07-30 13:06:35;SO26341;74-3185-84739;86919;49;8707,07;448,29;613,48;8481,6;Comment 1404
81152;2020-11-14 13:26:39;2022-03-07 19:11:17;2023-02-27 21:26:02;SO55056;98-8354-24626;49754;40;1558,45;346,29;110,02;4847,33;Comment 1405
29116;2023-04-24 07:16:52;2020-03-22 20:36:10;2022-06-25 22:14:37;SO47203;50-5389-75591;43133;48;3245,49;423,27;638,66;5003,75;Comment 1406
37475;2020-04-24 14:00:58;2021-01-14 22:37:03;2023-01-08 07:44:34;SO75201;96-7105-64379;71625;49;1417,39;71,9;62,26;11865,46;Comment 1407
85464;2021-04-23 20:46:07;2023-05-30 06:57:54;2021-12-18 00:30:51;SO29247;44-6968-96958;37106;35;275,17;424,64;155,83;1859,69;Comment 1408
99975;2023-05-25 02:10:40;2022-04-27 09:05:13;2023-06-26 19:09:24;SO19295;49-7039-68376;58401;26;2376,46;193,51;250,99;7068,81;Comment 1409
45879;2023-05-07 08:20:19;2022-12-19 04:36:30;2021-08-16 14:07:12;SO98441;84-8862-18518;48743;29;6187,66;114,7;138,18;518,76;Comment 1410
70597;2021-12-13 09:56:30;2020-11-02 00:55:53;2020-10-28 17:53:04;SO72828;24-7081-87522;76930;14;3190,56;266,02;111,87;9365,03;Comment 1411
41459;2023-03-17 08:16:14;2020-01-20 18:17:46;2023-10-25 18:51:51;SO19983;92-2389-56247;38038;40;9745,62;343,35;926,19;11126,95;Comment 1412
85522;2021-04-16 18:15:27;2021-03-06 06:31:25;2021-07-09 11:16:54;SO98099;22-4444-25264;78058;33;6437,06;201,67;833,1;2533,2;Comment 1413
35139;2020-12-07 13:34:37;2022-03-22 21:37:30;2021-11-28 11:55:52;SO75074;22-4444-25264;28734;26;8075,3;107,06;132,08;10225,5;Comment 1414
50628;2021-09-30 00:53:02;2023-01-10 13:54:02;2021-07-03 10:43:06;SO14412;51-7602-22642;88195;16;6527,79;387,08;852,83;5622,1;Comment 1415
32529;2021-03-22 04:58:46;2020-07-12 07:53:57;2023-11-02 05:46:38;SO75750;28-4123-84663;84333;26;8624,62;434,38;74,8;6653,65;Comment 1416
23619;2023-01-10 12:36:22;2021-10-20 11:19:21;2020-12-05 08:07:07;SO78258;81-3143-56523;27348;6;5890,68;223,67;105,9;8560,79;Comment 1417
11366;2023-07-14 01:27:54;2022-09-06 01:36:46;2021-11-05 06:33:08;SO75988;29-3530-22517;86274;16;2779,25;113,78;479,59;10664,05;Comment 1418
39023;2021-06-25 03:01:52;2020-05-03 10:36:24;2020-10-11 04:22:36;SO15186;63-4608-21366;70359;45;6873,96;291,55;236,5;1033,4;Comment 1419
54159;2022-01-04 16:07:23;2020-02-06 23:25:42;2020-02-23 01:37:51;SO94123;66-4277-92738;50314;19;7284,02;132,89;990,87;19261,36;Comment 1420
33229;2020-04-30 21:26:36;2023-05-28 12:17:36;2021-07-07 02:40:12;SO44098;35-6579-94037;50996;36;2527,51;90,76;401,54;17428,39;Comment 1421
35354;2021-10-22 14:47:05;2022-03-28 15:13:15;2020-03-20 07:11:23;SO30674;84-8862-18518;93435;44;1324,05;127,08;962,24;7675,81;Comment 1422
67459;2020-08-22 06:17:17;2020-08-19 23:32:26;2022-02-28 01:31:56;SO25479;92-2389-56247;24919;36;7696,63;351,9;144,08;3890,89;Comment 1423
84855;2020-08-27 09:32:49;2022-07-29 05:32:03;2020-04-19 09:20:52;SO59452;51-7602-22642;81414;36;3691,77;198,48;509,43;10425,86;Comment 1424
66250;2020-07-25 22:35:21;2021-03-08 19:15:17;2020-01-22 02:10:29;SO18097;86-5535-57031;17554;50;4897,61;287,53;396,12;10340,5;Comment 1425
62935;2020-12-11 13:38:30;2022-04-18 05:49:00;2021-03-25 04:14:54;SO13508;61-5244-70735;25807;27;959,24;180,18;643,04;9926,62;Comment 1426
14522;2021-10-05 08:13:16;2021-11-11 23:20:19;2022-12-21 16:18:28;SO74738;78-5514-83427;18488;1;3310,1;362,09;533,53;17283,46;Comment 1427
22775;2023-01-14 06:54:59;2020-04-21 05:06:20;2023-08-04 00:48:57;SO38595;83-7954-63932;71704;26;8945,29;343,36;207,25;10928,92;Comment 1428
89357;2022-05-23 15:43:51;2022-01-10 10:04:25;2020-05-31 07:26:44;SO91622;40-5683-25279;57573;50;2945,52;417,18;862,08;13555,19;Comment 1429
93058;2023-09-30 22:36:59;2020-04-02 04:34:39;2021-07-16 09:40:05;SO53082;35-6579-94037;11544;24;5237,69;49,24;281,99;12929,83;Comment 1430
22857;2020-08-11 18:28:12;2023-11-20 11:05:20;2021-04-15 19:31:23;SO90397;24-7081-87522;12372;43;3810,7;108,48;407,28;2034,26;Comment 1431
51073;2022-02-13 03:47:38;2020-06-01 15:30:22;2022-05-02 14:41:02;SO58801;78-5514-83427;68062;11;9913,85;320,17;59,15;15146,75;Comment 1432
60128;2022-08-13 19:17:51;2023-05-17 13:39:48;2021-01-18 21:20:42;SO16054;71-9532-69420;50122;5;7921,34;463,71;932,03;11770,48;Comment 1433
20613;2022-04-21 05:17:20;2022-07-15 12:18:58;2023-06-05 06:39:19;SO81638;81-3143-56523;12504;24;4696,84;199,5;88,14;15662,52;Comment 1434
46440;2022-01-29 12:17:00;2021-12-15 16:49:53;2023-02-06 06:42:28;SO97018;81-3143-56523;29640;41;8588,18;123,7;287,4;10536,51;Comment 1435
62742;2022-06-28 17:32:50;2023-11-19 17:17:38;2020-02-17 03:54:33;SO22419;40-2409-67736;16044;1;4055;56,79;137,44;10961,45;Comment 1436
64531;2023-12-06 13:31:34;2020-12-22 06:33:32;2020-01-14 12:09:37;SO77028;51-7541-34141;90094;11;2905,7;17,58;915,41;6089,38;Comment 1437
70029;2022-06-28 19:36:10;2021-07-06 01:39:25;2020-02-08 11:58:14;SO31802;53-9319-74957;32977;37;3917,6;439,46;975,29;18452,19;Comment 1438
64598;2020-10-19 09:01:39;2022-11-21 11:38:23;2023-08-27 00:08:51;SO57727;40-2409-67736;14873;19;5966,32;369,77;297,08;11175,63;Comment 1439
35562;2023-06-05 05:51:07;2022-03-13 07:03:31;2021-02-16 17:29:22;SO74365;75-3751-62094;98973;36;2348,44;247,85;299,91;10864,96;Comment 1440
87645;2021-08-13 06:03:05;2023-12-09 05:43:24;2023-05-06 16:04:30;SO57598;83-7954-63932;52770;30;7838;493,25;640,17;18686,22;Comment 1441
66380;2022-04-02 13:22:20;2022-11-11 00:50:49;2023-11-15 14:18:15;SO16347;60-7449-26711;70487;11;8350,93;187,09;548,76;9281,15;Comment 1442
81489;2020-03-31 10:22:14;2020-09-07 23:28:54;2020-07-29 02:08:16;SO72719;69-1886-36823;16351;38;5074,34;310,16;374,39;14014,44;Comment 1443
41250;2021-06-24 09:58:49;2022-11-30 18:44:41;2020-07-24 12:50:17;SO79195;75-3751-62094;22916;7;8997,88;283,77;830,2;19361,18;Comment 1444
97354;2021-09-05 17:47:29;2021-05-11 20:12:45;2021-03-23 19:54:26;SO73673;17-6178-77430;94740;1;2845,94;75,4;451,72;18160,58;Comment 1445
72546;2023-09-22 06:01:04;2023-09-01 05:36:40;2023-11-10 09:44:39;SO48272;40-5683-25279;30588;48;4276,27;60,02;45,7;12288,41;Comment 1446
73647;2023-03-19 04:39:39;2021-08-08 22:00:12;2020-07-04 11:04:37;SO51492;85-4116-52037;15932;10;6519,9;494,75;883,97;8981,48;Comment 1447
42573;2021-09-24 14:56:17;2022-10-19 05:04:56;2022-03-10 22:10:15;SO82919;40-2409-67736;65363;42;8299,07;271,98;327,58;8876,67;Comment 1448
54221;2022-12-04 05:12:34;2021-01-28 23:03:59;2020-07-28 04:16:31;SO49961;28-6393-31125;84374;23;6171,66;76,87;526,53;2964,96;Comment 1449
58904;2021-11-08 09:44:55;2020-10-25 09:07:55;2022-11-07 11:45:05;SO82962;40-2409-67736;55373;18;5124,64;115,04;402,64;10466,06;Comment 1450
49514;2021-07-09 19:19:18;2020-03-10 12:53:23;2023-07-29 22:07:41;SO33762;83-7954-63932;12550;24;2610,86;319,56;64,12;2310,34;Comment 1451
98875;2020-07-29 06:16:12;2023-06-11 17:30:59;2022-07-08 13:17:26;SO23391;35-6579-94037;80397;15;569,97;168,97;981,25;16971,4;Comment 1452
50334;2021-12-16 06:48:05;2023-07-02 00:01:47;2022-03-28 16:58:33;SO81923;51-7602-22642;24022;40;8528;411,32;164,89;10497,34;Comment 1453
11469;2021-11-13 18:21:14;2020-02-18 00:22:34;2020-05-01 22:14:37;SO81972;74-3185-84739;64494;44;9976,95;84,54;613,32;12975,7;Comment 1454
18298;2022-10-25 19:50:52;2020-04-05 04:15:17;2021-10-22 21:30:53;SO29303;84-8862-18518;61785;35;7299,53;431,07;351,49;13078,55;Comment 1455
67501;2020-11-09 12:51:09;2021-08-14 12:07:28;2023-08-27 03:15:02;SO43619;73-8844-80299;93273;14;5651,05;434,15;941,36;15609,67;Comment 1456
19304;2022-07-13 19:33:04;2023-06-07 05:23:08;2020-09-18 05:14:47;SO71844;78-5267-32468;23859;18;1072,64;354,29;336,78;5345,95;Comment 1457
29046;2022-12-22 09:52:46;2022-02-26 04:32:39;2021-03-27 19:40:34;SO16146;81-3143-56523;35135;32;6971,33;472,85;161,72;8918,32;Comment 1458
89124;2023-09-16 17:46:18;2022-08-10 16:08:53;2023-04-23 08:03:21;SO78535;24-7081-87522;99312;50;5525,54;481,84;613,01;4396,28;Comment 1459
67086;2021-09-27 09:02:58;2023-02-22 17:33:25;2020-12-27 06:18:39;SO37309;78-5267-32468;97903;1;5560,5;391,82;817,16;12896,39;Comment 1460
69749;2023-08-13 09:48:16;2020-11-29 15:49:30;2023-03-05 16:23:21;SO48952;84-7460-34357;18095;38;617,45;320,77;732,34;16656,63;Comment 1461
31594;2021-01-26 16:23:10;2022-01-05 15:16:12;2023-12-24 22:08:07;SO81162;97-9859-86247;33455;5;143,1;252,48;458,56;5225,63;Comment 1462
23321;2021-07-30 00:16:25;2022-05-29 13:30:29;2022-12-23 03:17:42;SO53372;22-4444-25264;60416;28;1368,82;303,47;402,34;18775,78;Comment 1463
80851;2022-09-30 17:40:00;2023-07-23 17:33:57;2022-08-29 14:20:00;SO83615;51-7602-22642;24644;31;9846,21;295,85;431,31;19895,86;Comment 1464
16073;2023-06-22 22:38:53;2021-10-12 06:21:51;2022-10-06 22:43:21;SO41623;30-1489-79011;16994;37;9790,55;457,79;317,4;18767,23;Comment 1465
46015;2020-05-24 08:45:05;2022-10-26 23:18:51;2022-02-11 16:08:20;SO87156;85-4116-52037;27940;28;1729,97;385,88;914,77;2869,72;Comment 1466
19681;2022-08-12 17:08:29;2022-02-27 05:39:57;2023-01-31 15:22:16;SO89358;23-8510-71623;26702;9;7243,86;139,88;727,34;7656,83;Comment 1467
36073;2023-07-28 09:06:32;2023-06-27 07:21:15;2020-08-29 16:23:43;SO96550;57-9057-83653;83334;39;1490,29;492,07;126,89;12001,24;Comment 1468
50088;2022-03-29 03:27:17;2022-03-13 18:32:11;2022-05-08 20:29:00;SO61900;40-2409-67736;59690;32;9910,03;436,26;509,63;13004,99;Comment 1469
46234;2020-01-29 18:50:05;2022-12-21 17:20:13;2021-06-25 06:33:38;SO83006;76-6173-91169;99225;8;9646,67;339,53;865,7;13290,34;Comment 1470
50040;2020-01-20 17:43:03;2020-06-16 21:13:20;2021-07-14 07:24:11;SO97781;73-8844-80299;59989;25;8353,75;130,48;508,71;1352,57;Comment 1471
37499;2023-12-10 04:56:08;2023-08-16 06:45:35;2020-08-03 13:18:41;SO75683;28-4123-84663;42254;9;6054,74;68,08;286,68;6193,12;Comment 1472
10990;2020-03-10 04:16:56;2021-10-03 09:57:22;2020-07-15 19:10:52;SO38757;33-1973-80101;80001;19;1631,17;437,12;443,72;2035,78;Comment 1473
82851;2020-05-20 05:21:52;2020-09-25 15:10:02;2023-05-31 07:44:35;SO74542;51-7541-34141;33998;25;6777,71;100,58;564,05;6660,26;Comment 1474
74728;2020-06-01 15:02:37;2020-02-10 11:31:49;2022-05-31 10:07:20;SO34617;28-4123-84663;32942;14;2318,42;303,18;445,67;1286,79;Comment 1475
86920;2022-05-29 05:35:49;2022-10-26 03:11:26;2020-12-28 07:10:43;SO57654;51-7602-22642;55184;48;4542,68;28,56;354,23;13688,07;Comment 1476
20645;2023-04-02 08:50:18;2020-09-02 20:57:16;2021-04-26 18:29:17;SO19282;84-8862-18518;78788;10;2033,96;230,07;727,37;7559,84;Comment 1477
33008;2023-05-12 07:49:24;2023-11-14 23:00:19;2023-10-06 17:35:19;SO39141;73-8844-80299;66164;47;6998,71;279,14;523,67;16176,31;Comment 1478
62571;2021-03-14 06:53:00;2020-10-10 01:31:27;2021-01-16 14:38:43;SO88683;40-5683-25279;74792;6;5510,37;255,1;397,94;8685,46;Comment 1479
87822;2020-03-20 12:48:44;2020-09-22 14:48:03;2021-12-25 11:08:41;SO42156;61-5244-70735;33488;37;3560,07;350,68;763,63;18688,9;Comment 1480
68190;2023-05-11 16:32:52;2023-11-22 00:38:49;2022-09-26 17:14:58;SO52247;74-2176-61667;41585;2;1959,69;462,01;696,95;7180,75;Comment 1481
71851;2020-12-14 19:08:23;2021-05-28 07:41:40;2022-06-12 23:49:42;SO31825;76-6173-91169;75941;50;3902,25;497,97;104,69;10231,46;Comment 1482
13886;2021-05-12 08:31:16;2022-11-12 19:07:18;2020-01-27 09:15:30;SO92030;35-6579-94037;13667;25;7411,55;280,57;434,94;1507,94;Comment 1483
55067;2021-06-17 15:00:58;2023-12-30 09:43:29;2021-07-07 09:52:24;SO76091;73-8844-80299;15163;49;9365,57;131,96;232,62;448,15;Comment 1484
85154;2022-07-02 00:34:57;2023-01-17 23:39:20;2023-03-05 16:56:06;SO37784;92-2389-56247;99531;19;7653,96;493,17;534,44;18961,21;Comment 1485
16085;2022-02-15 06:58:22;2020-02-21 03:21:08;2023-09-03 17:47:02;SO61920;16-3417-49054;91751;18;8417,55;343,15;123,97;6956,76;Comment 1486
43896;2023-09-10 20:17:13;2021-07-03 15:49:58;2022-11-20 09:45:49;SO48638;42-3255-58813;90445;19;5314,87;55,54;787,73;3488,84;Comment 1487
81461;2020-05-02 23:31:55;2022-04-04 15:14:55;2020-07-01 16:06:16;SO38552;33-1973-80101;60787;7;4959,65;480,14;697,85;4750,83;Comment 1488
40941;2020-08-25 21:06:19;2020-07-30 21:45:07;2021-12-31 12:21:39;SO30158;17-6178-77430;31957;43;4832,35;309,84;956,8;19077,01;Comment 1489
21566;2022-07-27 23:58:35;2023-03-02 03:09:36;2022-01-06 19:46:27;SO93488;35-6579-94037;12062;5;3283,4;101,74;841,03;16393,52;Comment 1490
76341;2023-08-16 16:30:00;2020-11-26 16:49:38;2023-01-14 10:59:39;SO12111;50-5389-75591;32038;31;8880,41;430,64;797,79;10185,1;Comment 1491
26382;2022-06-22 22:10:46;2020-12-30 08:19:22;2020-07-21 07:36:42;SO12313;30-1489-79011;54729;26;7899,1;134,12;827,52;13774,95;Comment 1492
69003;2022-02-02 11:29:54;2022-07-23 18:42:10;2020-03-25 14:33:44;SO21836;66-4277-92738;18000;7;3189,6;436,04;897,61;714,67;Comment 1493
63524;2021-03-02 20:40:46;2023-10-26 17:34:43;2020-07-14 15:45:30;SO90589;66-4277-92738;82014;36;9525,6;493,51;408,28;832,86;Comment 1494
60145;2023-06-12 21:17:45;2020-06-20 12:39:05;2021-12-14 09:22:43;SO51743;24-7081-87522;98601;27;9192,6;159,13;784,85;17388,97;Comment 1495
98077;2023-09-28 20:47:45;2020-12-27 17:39:34;2023-10-24 05:09:04;SO21293;23-8779-93758;79620;28;1889,43;191,64;62,94;7324,79;Comment 1496
23640;2023-03-24 17:33:02;2022-04-17 01:58:22;2023-08-05 17:17:25;SO34150;50-5389-75591;70097;21;7571,63;145,76;749,6;1588,85;Comment 1497
63051;2021-05-06 14:38:08;2021-07-02 01:14:54;2020-12-20 01:09:29;SO56306;63-4608-21366;12811;7;538,79;148,82;358,97;6604,46;Comment 1498
95309;2020-11-06 17:52:25;2021-02-24 00:10:22;2021-08-28 15:58:27;SO80090;98-8354-24626;64850;31;4820,89;292,67;923,75;2976,67;Comment 1499
92274;2021-09-28 03:30:15;2022-10-25 20:27:36;2020-06-15 01:18:25;SO13412;83-7954-63932;87409;34;2651,27;446,37;665,46;3326,11;Comment 1500
94875;2021-12-25 06:41:28;2021-01-29 00:58:07;2021-02-10 11:02:53;SO45950;16-3417-49054;36003;20;4530,51;67,2;398,78;4162,55;Comment 1501
48146;2021-10-11 11:47:17;2021-06-16 18:15:11;2023-01-15 16:00:26;SO68432;78-5514-83427;29193;27;461;108,15;869,43;3570,75;Comment 1502
26689;2022-05-13 03:45:50;2021-06-03 21:00:17;2021-11-19 18:45:43;SO93890;60-7449-26711;95538;30;3907,41;132,85;748,49;10355,54;Comment 1503
34425;2022-03-04 13:52:45;2021-01-15 08:46:26;2022-02-19 17:51:41;SO26889;78-5267-32468;67483;17;2528,82;411,48;9,87;7969,58;Comment 1504
36395;2023-09-29 07:19:22;2020-04-08 13:43:12;2022-11-14 22:30:46;SO24869;72-3440-90827;56689;21;3141,21;329,44;457,74;11872,93;Comment 1505
21430;2021-04-26 15:06:45;2021-03-02 01:53:46;2022-07-06 14:31:12;SO37864;29-3530-22517;51798;3;9656,04;324,59;322,41;17964,66;Comment 1506
80575;2020-03-14 21:52:41;2023-08-19 12:22:36;2023-01-17 18:24:21;SO36598;42-3255-58813;38305;45;9985,29;384,34;664,4;14290,84;Comment 1507
64768;2023-12-13 08:10:43;2022-11-08 07:55:15;2021-06-04 02:55:56;SO70207;73-8844-80299;52007;32;7031,36;213,89;325,45;12454,82;Comment 1508
72160;2021-10-13 20:43:36;2021-10-20 06:51:02;2020-11-23 01:39:24;SO81969;29-3530-22517;23195;38;4606,63;480,19;397,09;7761,38;Comment 1509
10504;2021-06-16 10:10:36;2021-05-01 01:14:15;2023-06-22 05:04:57;SO46475;44-6968-96958;84796;50;3128,23;493,17;540,97;12680,41;Comment 1510
88312;2020-07-14 00:47:35;2023-09-05 05:50:34;2020-03-03 20:04:11;SO30766;78-5514-83427;14953;29;5557,47;410,28;318,94;17425,97;Comment 1511
18243;2023-06-11 00:29:35;2023-11-08 04:53:03;2023-10-24 09:23:08;SO59976;72-3440-90827;30287;33;5483,23;457,27;775,57;14433,89;Comment 1512
91258;2021-09-06 01:14:32;2023-01-01 14:24:41;2023-02-12 22:10:07;SO91339;86-5535-57031;22820;42;5016,04;261,11;441,71;14530,79;Comment 1513
87328;2023-09-03 17:30:52;2021-01-22 01:18:11;2023-09-15 07:38:45;SO73247;74-2176-61667;20460;26;7501,38;301,6;443,68;12184,92;Comment 1514
61986;2020-03-11 04:39:54;2022-02-18 02:23:02;2021-03-03 03:47:39;SO44022;57-9057-83653;42111;21;176,39;112,24;236,18;9311,64;Comment 1515
47446;2020-11-01 06:41:53;2023-10-02 16:22:36;2020-12-06 00:15:28;SO99045;50-5389-75591;59065;35;9660,54;215,03;281,23;3384,01;Comment 1516
78395;2022-07-31 06:56:33;2020-06-29 11:36:55;2020-11-23 11:14:54;SO59354;96-7105-64379;25214;37;1224,65;124,63;367,23;19592,56;Comment 1517
31595;2021-01-30 19:01:57;2020-08-13 15:32:02;2021-09-20 06:05:39;SO90377;75-7092-97988;77917;35;4442,66;307,48;160,09;6086,22;Comment 1518
20386;2023-06-27 17:08:02;2021-03-22 05:31:18;2023-02-09 21:28:33;SO85144;60-7449-26711;38902;7;7337,43;260,69;845,32;12326,5;Comment 1519
15980;2022-10-28 03:53:40;2022-05-07 05:21:44;2020-09-03 23:22:32;SO26945;69-8859-80035;92359;5;8975,97;213,65;118,01;19362,8;Comment 1520
43746;2020-12-27 13:11:00;2023-01-07 08:33:20;2023-07-15 21:06:45;SO24382;35-6579-94037;88769;36;9626,9;387,66;323,03;16110,27;Comment 1521
36531;2023-06-25 20:28:37;2020-11-12 00:40:43;2022-08-14 09:09:13;SO70783;49-7039-68376;27964;47;3815,93;30,35;238,86;7570,22;Comment 1522
51762;2021-07-02 02:19:41;2021-05-06 19:31:43;2023-10-08 07:35:53;SO60158;23-8779-93758;57802;34;9627,79;256,98;598,5;10136,65;Comment 1523
46496;2020-08-27 04:45:58;2022-04-09 15:49:07;2020-05-30 11:15:43;SO51914;83-7954-63932;41790;27;925,52;137,48;729,05;435,58;Comment 1524
97859;2022-09-08 03:08:18;2020-08-28 05:13:02;2020-08-23 07:55:08;SO77349;92-2389-56247;51698;9;9727,57;78,43;599,52;13128,28;Comment 1525
10719;2023-11-24 06:29:27;2021-04-29 09:48:24;2021-07-02 15:17:37;SO48740;75-7092-97988;82538;47;8478,97;42,42;736,1;13173,87;Comment 1526
17841;2020-11-11 13:47:30;2020-12-21 16:50:31;2022-12-30 02:50:12;SO50609;51-7602-22642;97556;28;7767,21;16,82;470,16;3582,75;Comment 1527
64858;2020-03-19 05:13:50;2022-11-02 07:23:07;2023-03-25 10:46:31;SO80256;42-3255-58813;95706;29;952,47;88,49;962,65;9471,38;Comment 1528
89804;2022-01-21 21:17:10;2023-05-23 23:59:01;2021-10-24 04:59:36;SO68244;84-7460-34357;99625;21;6748,05;101,62;870,45;12917,78;Comment 1529
46176;2022-05-26 11:03:37;2020-01-17 03:41:44;2022-07-31 00:54:30;SO63980;92-2389-56247;72762;35;5081,81;485,88;524,14;1898,51;Comment 1530
41767;2022-06-14 10:49:11;2023-03-19 04:37:38;2021-02-01 08:00:22;SO44367;84-8862-18518;68962;16;4368,63;275,98;863,76;7901,23;Comment 1531
66769;2023-05-01 08:19:25;2022-11-10 08:16:41;2023-08-08 18:38:45;SO48399;66-2881-24904;33223;24;594,21;438,81;487,58;8926,63;Comment 1532
54472;2022-08-08 05:31:50;2021-01-16 02:47:17;2023-02-07 21:00:59;SO14958;28-4123-84663;69489;16;5261,78;397,52;551,95;10269,35;Comment 1533
62260;2020-12-08 06:35:49;2023-04-01 21:37:01;2021-09-06 18:06:21;SO17666;84-8862-18518;52952;49;4250,78;237,16;960,85;8152,13;Comment 1534
64771;2023-09-20 00:13:00;2022-03-15 01:20:14;2020-04-22 02:50:14;SO21462;49-7039-68376;59004;28;9297,07;347,59;388,44;1866,42;Comment 1535
60436;2023-06-15 04:52:06;2020-10-16 20:52:26;2022-08-26 06:42:23;SO33569;84-8862-18518;51542;33;7237,87;14,19;340,8;9935,69;Comment 1536
59660;2023-02-04 03:30:54;2020-02-24 06:56:58;2021-10-24 05:38:13;SO86420;42-3255-58813;61411;33;1080,63;120,83;888,74;15006,62;Comment 1537
65089;2021-03-19 07:33:10;2023-05-31 09:22:12;2021-03-11 13:33:01;SO14140;51-7602-22642;20320;32;5274,93;14;856,21;16297,41;Comment 1538
79539;2022-06-21 12:58:24;2022-05-18 19:47:25;2022-12-26 19:12:57;SO37694;51-7602-22642;97772;50;6009,19;428,5;572,93;329,61;Comment 1539
11604;2022-09-26 04:52:32;2022-07-02 09:38:32;2023-09-19 00:14:33;SO96435;50-5389-75591;23341;31;3046,1;487,68;582,29;5732,15;Comment 1540
15192;2023-08-29 16:54:59;2023-04-29 21:24:13;2023-12-20 10:31:11;SO69856;73-8844-80299;61605;5;4526,69;279,93;220,64;4693,2;Comment 1541
40770;2022-10-20 10:40:25;2021-11-24 06:06:20;2022-09-25 07:49:17;SO35744;74-3185-84739;55296;9;2585,3;316,22;901,16;4468,14;Comment 1542
53435;2021-03-23 13:44:44;2020-12-03 21:43:57;2022-03-11 16:04:04;SO50493;86-5535-57031;73578;6;3375,1;367,01;305,48;913,84;Comment 1543
39599;2023-02-17 20:37:06;2022-12-27 18:49:14;2020-10-20 22:49:48;SO23228;74-3185-84739;12910;21;9039,39;13,85;851,33;9611,82;Comment 1544
50073;2020-02-21 00:00:04;2022-06-24 04:09:05;2023-07-08 10:03:56;SO72005;28-6393-31125;18561;16;9258,01;52,52;93,51;19352,25;Comment 1545
63811;2023-10-22 17:50:24;2023-11-08 03:27:36;2023-09-23 02:44:30;SO13692;85-4116-52037;94110;37;915,07;375,5;222,2;6122,93;Comment 1546
82706;2022-09-03 21:46:01;2020-11-01 21:47:00;2022-10-22 05:26:29;SO81533;49-7039-68376;20141;18;5847,18;499,68;328,84;12045,59;Comment 1547
71201;2020-09-30 10:47:47;2023-09-04 00:46:18;2020-06-11 04:55:15;SO79125;76-6173-91169;43711;50;9848,47;304,35;712,13;19424,95;Comment 1548
17157;2020-04-17 22:50:41;2022-11-16 02:39:47;2023-04-29 09:16:47;SO50608;16-3417-49054;80904;8;7767,79;384,18;525,61;9552,88;Comment 1549
31644;2023-05-07 10:17:45;2023-04-08 13:47:11;2020-11-05 20:58:38;SO58092;51-7602-22642;57670;30;2859,53;299,45;536,67;6083,81;Comment 1550
46366;2023-04-29 09:00:09;2022-09-24 03:03:39;2022-02-14 23:41:47;SO51086;78-5267-32468;98317;35;3704,25;92,68;238,24;6471,08;Comment 1551
72809;2021-03-07 22:44:41;2020-08-27 21:14:54;2023-12-01 00:35:34;SO78696;98-8354-24626;11632;33;5489,04;446,28;31,56;14676,95;Comment 1552
55351;2022-09-29 01:23:15;2023-06-02 11:25:24;2020-10-04 08:09:33;SO17529;84-7460-34357;90758;28;9599,36;402,83;949,36;10805,32;Comment 1553
40582;2023-06-09 14:42:39;2023-01-31 03:09:27;2021-05-14 11:28:15;SO33241;40-2409-67736;58644;29;6941;200,06;149,43;9864,91;Comment 1554
96197;2021-04-18 00:29:02;2022-09-08 14:42:33;2022-06-19 14:32:57;SO78105;53-9319-74957;51266;40;9821,48;299,32;605,55;17591,99;Comment 1555
51911;2023-03-07 17:52:17;2020-07-16 11:18:06;2022-10-19 21:30:46;SO14640;51-7602-22642;57580;15;1570,26;417,61;472,89;1436,66;Comment 1556
30132;2022-04-11 01:00:21;2021-09-29 02:30:08;2023-06-09 17:12:13;SO37745;61-5244-70735;78873;45;2319,17;174,95;641,31;14773,88;Comment 1557
94173;2023-02-06 06:36:46;2023-06-01 18:00:52;2023-07-09 02:20:17;SO92336;29-3530-22517;89610;32;9448,86;477,63;904,27;4918,54;Comment 1558
92578;2022-05-17 16:46:40;2021-05-25 14:29:30;2021-07-03 20:52:50;SO20987;48-2823-67639;93969;32;6845,22;367,71;390,64;11081,49;Comment 1559
55969;2021-05-01 11:54:15;2020-02-24 02:26:47;2022-02-26 02:45:35;SO62948;75-3751-62094;71468;10;6519,68;152,45;644,25;4219,05;Comment 1560
39801;2021-12-28 23:10:38;2020-01-16 04:43:48;2022-10-14 03:23:26;SO44781;66-2881-24904;53148;35;7096,29;133,15;333,08;16210,83;Comment 1561
73867;2023-12-05 16:34:50;2021-06-03 11:17:13;2023-07-02 01:05:52;SO72154;42-3255-58813;85874;27;8774,06;275,76;769,42;16960,33;Comment 1562
97800;2022-02-19 03:34:52;2022-04-04 08:21:45;2021-04-03 09:42:45;SO11405;74-3185-84739;63170;35;724,73;50,06;838,46;10860,8;Comment 1563
13631;2020-12-26 23:16:27;2020-07-03 16:27:11;2023-10-14 05:58:27;SO98711;53-9319-74957;18392;24;1447,78;77,73;669,45;9408,96;Comment 1564
45360;2021-07-08 07:56:22;2023-02-19 17:28:21;2021-11-08 01:34:07;SO63456;42-3255-58813;17399;47;890,65;124,06;774,76;9866,68;Comment 1565
52918;2020-02-28 01:13:12;2022-04-29 14:43:22;2020-06-14 15:21:20;SO53869;28-6393-31125;46971;13;1695,96;105,1;858,84;18345,43;Comment 1566
67744;2020-10-31 21:03:42;2023-10-23 22:19:20;2021-08-23 20:08:02;SO83882;22-4444-25264;72075;15;9830,91;358,51;978,13;19645,7;Comment 1567
33666;2022-07-23 01:14:21;2020-10-23 02:16:34;2020-02-07 10:42:48;SO74166;33-1973-80101;44764;31;2515,36;424,07;593,01;12121,93;Comment 1568
90568;2023-09-17 19:41:38;2020-02-02 17:30:10;2021-02-16 17:13:52;SO99299;29-3530-22517;41039;3;5024,62;412,09;283,79;5498,49;Comment 1569
30439;2023-06-18 07:00:29;2023-02-02 23:57:11;2022-12-07 04:46:55;SO20366;29-3530-22517;60557;35;528,44;152,05;364,93;10223,2;Comment 1570
77666;2023-12-21 10:04:10;2022-10-29 04:22:19;2022-10-24 15:01:07;SO75706;40-2409-67736;85662;45;9981,78;48,41;524,88;6554,35;Comment 1571
34089;2023-08-20 15:57:31;2023-05-17 12:03:46;2022-08-21 01:07:18;SO43424;71-9532-69420;60675;49;3048,12;87,79;910,02;15230,46;Comment 1572
35723;2022-12-26 21:08:43;2021-02-22 08:50:36;2022-12-03 23:23:04;SO80385;24-7081-87522;10758;41;5755,5;499,49;852,4;3777,61;Comment 1573
36468;2023-08-09 18:08:18;2022-01-30 08:25:38;2022-05-22 01:14:11;SO16333;66-2881-24904;30313;5;9662,8;313,22;251,64;10537;Comment 1574
43369;2022-10-22 09:19:11;2020-02-20 22:23:11;2020-03-24 04:12:30;SO60926;81-3143-56523;20105;21;6992,79;417,75;561,06;12531,11;Comment 1575
35698;2023-05-15 13:50:50;2020-09-26 15:52:17;2020-12-03 14:49:16;SO32263;75-7092-97988;88123;46;3478,19;24,18;293,82;8517,91;Comment 1576
96512;2023-08-23 00:39:29;2021-07-14 20:20:27;2022-01-25 20:34:01;SO11661;96-7105-64379;46894;49;8301,39;11,25;578,89;18166,53;Comment 1577
90995;2020-08-03 08:33:53;2021-02-27 07:28:42;2021-04-05 05:58:59;SO62024;17-6178-77430;98163;46;3772,51;211,8;305,97;14043,88;Comment 1578
79709;2020-07-03 00:03:28;2022-03-23 19:46:41;2020-03-02 08:25:44;SO55898;84-7460-34357;46614;16;6256,08;398,66;395,4;2974,59;Comment 1579
54150;2023-10-01 00:49:43;2021-06-18 12:07:04;2020-08-31 03:48:49;SO39709;35-6579-94037;61342;25;8802,7;19,93;469,24;9005,5;Comment 1580
48365;2022-03-27 08:04:29;2021-04-22 14:06:44;2021-04-14 19:53:44;SO75327;63-4608-21366;38528;41;7679,9;489,24;287,94;1482,97;Comment 1581
60672;2022-07-13 21:29:01;2023-03-08 02:01:18;2022-01-13 01:38:01;SO48292;51-7541-34141;90381;45;8479,1;199,47;667,41;7160,76;Comment 1582
35509;2021-11-13 08:46:03;2020-08-14 00:06:22;2022-04-11 23:24:34;SO92219;40-2409-67736;62240;46;9229,75;477,06;902,88;10274,79;Comment 1583
21379;2021-10-16 01:33:37;2020-12-22 16:43:20;2020-01-10 23:33:03;SO32627;40-5683-25279;43608;11;1379,13;125,98;899,59;14652,02;Comment 1584
80320;2023-02-26 00:11:55;2021-01-23 07:48:50;2022-09-09 05:42:23;SO54797;92-2389-56247;83735;30;2527,28;287,84;209,06;8760,1;Comment 1585
42478;2023-04-04 16:44:16;2020-04-26 06:05:14;2021-06-10 21:03:29;SO58957;81-3143-56523;92659;3;9517,59;479,59;456,34;13553,9;Comment 1586
74762;2020-06-26 17:47:21;2020-08-21 12:16:24;2020-07-28 20:14:59;SO85786;66-4277-92738;44356;9;6712,01;327,18;590,34;12396,92;Comment 1587
74707;2020-01-17 20:42:18;2022-05-12 14:57:17;2020-09-20 22:38:08;SO28823;66-4277-92738;12346;33;1865,87;442,77;865,76;4388,52;Comment 1588
16042;2023-09-25 05:40:59;2023-06-13 23:20:09;2022-09-27 17:04:21;SO81115;75-7092-97988;16711;40;7657,03;212,9;780,46;9197,7;Comment 1589
65275;2020-09-18 11:28:14;2022-09-09 14:57:48;2022-08-28 17:44:45;SO20110;81-3143-56523;19868;46;2551,97;246,14;320,62;7767,01;Comment 1590
47566;2021-09-07 17:57:01;2023-11-08 02:42:54;2022-08-12 06:02:00;SO88882;96-7105-64379;76064;23;9578,22;357,02;747,44;14665,6;Comment 1591
35116;2020-10-14 18:15:00;2020-09-15 12:19:48;2022-11-28 02:15:06;SO45029;28-6393-31125;72812;36;9612,59;228,43;566,51;12156,98;Comment 1592
89475;2020-05-09 08:24:38;2020-11-08 20:42:52;2021-11-17 04:26:25;SO51489;49-7039-68376;24548;33;3756,04;298,33;690,6;9502,81;Comment 1593
86434;2023-07-21 08:59:25;2022-11-13 23:17:52;2022-03-11 21:38:17;SO68476;73-8844-80299;39224;9;8453,6;92,9;224,41;12971,99;Comment 1594
66238;2021-11-19 23:47:08;2023-11-04 22:11:51;2023-07-02 17:23:45;SO69056;57-9057-83653;45374;38;9493,71;395,75;690,49;10217,87;Comment 1595
72996;2021-02-08 02:02:20;2023-07-17 06:58:26;2022-02-19 13:37:42;SO44816;72-3440-90827;62429;47;4012,85;152,04;592,67;9022,97;Comment 1596
20004;2022-01-15 05:26:18;2022-03-27 07:43:02;2022-01-29 02:20:10;SO61914;78-5514-83427;45912;43;1214,85;248,82;444,29;19235,39;Comment 1597
46713;2023-04-22 12:30:53;2020-07-30 04:55:40;2020-06-21 09:04:27;SO99695;76-6173-91169;12997;23;2396,89;359,48;558,87;14967,07;Comment 1598
73433;2022-08-08 14:35:59;2021-07-08 14:15:54;2021-10-27 18:27:24;SO68342;63-4608-21366;54683;25;8055,75;169,72;373,82;16262,26;Comment 1599
42727;2020-07-27 15:16:44;2021-12-30 10:41:55;2022-12-05 17:13:57;SO57069;85-4116-52037;15014;8;3501,52;158,01;225,95;7795,09;Comment 1600
83859;2022-10-25 23:04:59;2023-05-01 07:01:39;2023-05-14 01:10:08;SO44766;35-6579-94037;94259;11;4510,95;152,56;468,92;1274,66;Comment 1601
73192;2020-08-19 16:40:39;2022-08-02 10:43:39;2020-09-02 08:16:35;SO55971;66-2881-24904;94767;37;1245,3;104,25;80,05;4469,09;Comment 1602
13850;2023-05-23 00:48:56;2020-10-13 13:17:05;2023-05-09 06:37:30;SO33670;78-5514-83427;10434;24;6959,26;332,78;895,54;14426,74;Comment 1603
58408;2023-06-29 12:31:25;2021-05-14 16:18:51;2021-04-19 18:13:02;SO75030;35-6579-94037;14390;50;4328,3;398,78;206,04;13460,47;Comment 1604
57823;2022-06-07 00:20:26;2023-08-07 22:31:51;2022-11-30 15:05:46;SO30636;42-3255-58813;16509;44;2497,94;328,77;135,55;10534,7;Comment 1605
49689;2022-10-07 12:03:03;2023-12-22 03:14:59;2023-08-24 20:10:10;SO61022;33-1973-80101;88814;24;9506,76;341,55;459,47;16790,99;Comment 1606
21555;2021-10-22 09:42:39;2022-12-11 22:47:03;2021-04-03 15:33:46;SO26200;17-6178-77430;72293;25;2055;432,51;637,23;12030,8;Comment 1607
33852;2022-07-18 22:59:59;2021-11-24 15:21:59;2020-10-02 12:56:29;SO77142;61-5244-70735;32405;13;3983,12;395,69;456,49;728,39;Comment 1608
91507;2023-08-22 03:34:17;2020-02-14 18:03:55;2023-04-07 15:42:34;SO55933;85-4116-52037;66703;23;7106,77;281,83;899,07;10132,49;Comment 1609
76278;2022-08-17 12:24:06;2023-10-02 15:13:20;2021-06-29 20:52:22;SO68559;97-9859-86247;54993;38;4936,18;380,46;559,78;6777,16;Comment 1610
81636;2020-02-26 04:02:29;2023-04-04 10:22:26;2023-10-10 23:10:45;SO23965;75-3751-62094;48101;17;4562,96;275,65;889,17;8709,56;Comment 1611
22455;2021-11-05 22:41:43;2023-07-16 04:41:20;2023-01-05 13:00:56;SO80855;78-5514-83427;23576;12;4999,58;241,5;753,3;16053,1;Comment 1612
77218;2022-08-14 07:11:28;2020-03-13 09:09:01;2021-06-05 06:26:50;SO73485;69-1886-36823;71912;9;2634,14;451,64;101,58;12150,39;Comment 1613
42699;2022-06-04 07:21:46;2022-08-16 04:47:50;2020-02-25 01:29:56;SO53553;28-4123-84663;99159;46;7982,51;10,37;659,91;12322,04;Comment 1614
36689;2021-08-08 06:30:05;2023-04-16 14:54:45;2023-05-15 19:06:37;SO25630;83-7954-63932;33562;7;4343,55;251,95;630,87;19125,51;Comment 1615
82683;2022-01-22 19:52:12;2022-08-21 13:15:40;2022-02-01 13:29:26;SO74925;74-2176-61667;83506;9;7548,45;54,26;935,5;15461,83;Comment 1616
82778;2022-06-24 23:55:08;2020-12-09 13:43:27;2022-12-15 14:36:02;SO14570;74-3185-84739;10547;37;8434,52;212,07;960,29;18096,81;Comment 1617
99656;2021-06-09 05:10:56;2023-11-20 05:07:27;2021-04-29 15:22:39;SO32049;84-7460-34357;44175;13;8311,69;144,21;913,15;5100,77;Comment 1618
81600;2023-10-19 13:12:25;2020-07-07 15:37:32;2021-03-20 16:28:19;SO96619;71-9532-69420;29509;17;395,76;57,28;695,71;16656,79;Comment 1619
12735;2020-12-26 20:20:56;2021-11-11 17:10:03;2020-05-04 16:32:22;SO52927;50-5389-75591;35454;16;2323,34;151,4;942,84;17293,59;Comment 1620
99866;2021-11-16 03:00:24;2023-01-23 16:08:33;2023-08-10 17:02:08;SO41714;81-3143-56523;15132;2;7899,27;413,33;389,19;12908,56;Comment 1621
59068;2021-03-14 19:03:59;2020-05-23 01:59:22;2023-12-11 11:12:15;SO53727;28-6393-31125;66761;25;1124,83;426,63;263,29;3774,71;Comment 1622
47477;2020-03-17 08:44:17;2023-06-26 19:43:16;2021-07-24 04:37:45;SO72465;48-2823-67639;84209;4;7809,1;494,84;770,2;9859,86;Comment 1623
82608;2022-04-04 14:16:43;2023-08-16 15:05:48;2021-07-20 01:11:27;SO15568;63-4608-21366;22436;25;3956,27;69,66;610,68;15602,38;Comment 1624
29655;2021-09-06 01:22:35;2022-11-27 08:42:04;2023-11-01 22:20:30;SO15053;57-9057-83653;28111;32;5980,7;381,73;541,22;2052,03;Comment 1625
96138;2020-03-26 16:41:03;2021-06-11 03:10:58;2020-05-30 00:58:48;SO12705;69-8859-80035;42790;46;4565,24;344,2;320,3;13059,07;Comment 1626
55063;2020-04-16 02:37:33;2022-03-30 05:19:17;2020-07-23 07:00:39;SO90740;24-7081-87522;81935;48;962,81;58,6;757,22;13658,16;Comment 1627
56199;2023-11-17 19:49:09;2022-03-07 05:40:32;2023-07-20 15:15:04;SO74260;22-4444-25264;51352;1;9739,54;146,26;463,25;14321,63;Comment 1628
66018;2020-07-06 10:39:20;2020-03-27 18:52:17;2020-03-15 18:03:53;SO41299;69-8859-80035;39279;11;2066,53;335,82;465,13;11683,23;Comment 1629
88630;2023-04-17 18:32:56;2021-04-26 12:49:28;2020-12-22 22:57:16;SO20627;61-5244-70735;20237;6;4871,9;413,41;337,42;229,62;Comment 1630
25475;2023-06-16 00:21:34;2022-04-28 22:08:33;2021-03-15 23:39:50;SO36120;97-9859-86247;90614;3;9335,38;202,83;697,93;3674,86;Comment 1631
85497;2021-02-06 02:55:37;2021-12-22 03:50:43;2021-05-29 12:46:15;SO89357;28-4123-84663;18778;11;4236,5;417,9;915,48;9038,48;Comment 1632
52434;2021-03-10 04:51:53;2020-09-15 06:30:10;2021-11-15 19:10:16;SO48196;48-2823-67639;75795;26;7744,05;131,07;393,81;9275,84;Comment 1633
36928;2022-07-17 13:57:14;2020-12-23 22:19:23;2020-09-21 03:10:08;SO13101;92-2389-56247;34619;48;2829,72;120,71;167,26;6579,4;Comment 1634
58173;2022-09-29 08:48:16;2022-02-11 02:51:10;2023-07-30 13:47:29;SO95303;71-9532-69420;95143;11;1777,24;21,94;417,79;182,79;Comment 1635
19233;2021-02-23 22:09:11;2022-09-06 22:22:08;2020-12-21 11:04:05;SO43258;28-4123-84663;76475;41;756,31;21,53;731,88;10503,35;Comment 1636
77148;2022-02-11 15:47:44;2021-05-27 19:28:27;2022-09-21 20:15:02;SO53871;78-5514-83427;68097;47;1427,43;466,67;460,94;7689,34;Comment 1637
25991;2022-01-25 04:44:57;2023-10-24 11:08:18;2023-11-03 00:42:09;SO61489;48-2823-67639;51554;31;2302,66;86,56;812,5;15944,08;Comment 1638
34986;2021-08-08 09:33:28;2023-05-11 13:12:33;2023-02-01 05:17:50;SO85025;53-9319-74957;89368;41;9838,2;165,33;188,43;3237,55;Comment 1639
90876;2021-08-26 22:53:18;2020-02-12 02:42:50;2020-04-16 06:17:17;SO34808;98-8354-24626;46397;3;4685,16;237,53;854,8;16595,98;Comment 1640
96739;2021-11-23 03:56:29;2022-01-20 11:00:39;2023-04-07 03:57:30;SO97393;48-2823-67639;83908;22;6048,22;15,16;955,04;17464,07;Comment 1641
84353;2020-02-01 15:16:46;2021-05-19 22:24:02;2022-06-28 04:12:43;SO44598;22-4444-25264;84201;12;3644,91;26,87;653,47;15423,26;Comment 1642
93010;2020-07-18 11:35:27;2022-04-17 23:48:06;2022-03-31 12:29:18;SO53970;92-2389-56247;78962;37;3273,49;331,7;633,66;13336,28;Comment 1643
41819;2023-03-27 07:07:47;2022-10-09 22:08:55;2020-05-29 03:25:13;SO56339;86-5535-57031;72079;22;2455,2;142,18;171,97;4161,8;Comment 1644
31675;2020-11-08 18:11:42;2023-04-15 06:26:29;2022-06-01 23:39:22;SO17079;73-8844-80299;66577;18;1474,97;390,51;300,02;4818,1;Comment 1645
85740;2022-10-17 08:31:28;2023-04-06 23:41:03;2021-02-28 15:15:19;SO67311;51-7541-34141;30227;44;2157,97;27,75;854,4;17221,65;Comment 1646
59848;2020-12-24 07:12:49;2023-12-25 00:38:05;2023-01-31 07:10:28;SO86146;40-2409-67736;34307;1;6934,8;228,03;452,15;19354,22;Comment 1647
16972;2023-10-27 20:48:04;2020-04-17 02:49:48;2020-05-06 18:13:48;SO60647;69-1886-36823;74998;12;8758,8;487,5;603,97;1741,04;Comment 1648
94524;2020-01-12 23:19:04;2022-12-01 07:55:33;2020-09-23 21:35:29;SO94397;66-4277-92738;60857;47;7404,64;102,52;488,23;10623,94;Comment 1649
54584;2022-09-12 13:16:31;2023-08-24 17:48:33;2023-06-15 15:00:37;SO11256;16-3417-49054;75312;33;6793,02;274,07;332,96;16048,01;Comment 1650
49304;2020-09-30 04:43:44;2021-03-16 00:36:38;2021-07-26 17:35:32;SO19469;51-7541-34141;12327;41;6392,54;477,25;896,2;12900,29;Comment 1651
61479;2020-11-22 21:03:20;2022-09-04 05:18:26;2022-11-07 10:54:09;SO68741;69-8859-80035;23418;36;8479,81;257,93;577,78;9734,76;Comment 1652
27962;2022-11-18 01:04:59;2023-04-07 18:03:57;2022-12-31 19:29:04;SO21638;23-8779-93758;27004;32;5139,76;111,64;660,21;8914,53;Comment 1653
86194;2023-10-19 10:50:16;2020-01-09 04:44:13;2020-05-23 00:24:40;SO68324;81-3143-56523;18376;50;5394,9;262,17;136,67;8645,64;Comment 1654
50232;2021-04-25 20:55:29;2021-03-27 10:17:10;2020-04-06 04:27:29;SO64198;17-6178-77430;86047;42;6586,48;443,48;488,93;831,88;Comment 1655
59724;2022-05-09 01:31:59;2023-12-04 03:40:02;2023-01-17 08:06:16;SO38668;42-3255-58813;37142;22;4749,02;59,04;758,29;1502,62;Comment 1656
50564;2023-03-29 10:42:35;2023-10-13 09:30:34;2021-03-03 04:03:53;SO83091;60-7449-26711;25801;39;5122,28;352,85;593,32;3776,99;Comment 1657
24834;2021-09-30 13:10:29;2021-08-22 00:28:19;2020-10-24 17:33:54;SO41006;40-2409-67736;81955;39;484;394,22;803,91;6990,25;Comment 1658
11659;2023-07-09 08:03:29;2022-11-03 15:26:22;2023-10-21 22:30:49;SO26857;49-7039-68376;25489;19;3899,21;27,26;306,8;2518,49;Comment 1659
71624;2022-09-17 20:22:28;2022-09-15 21:58:12;2022-04-30 14:22:53;SO48517;96-7105-64379;96302;12;6844,19;328,85;739,26;10187,51;Comment 1660
45558;2021-05-21 21:33:00;2023-07-13 07:16:08;2021-03-28 00:21:29;SO37002;61-5244-70735;65222;11;9998,37;301,03;288,87;11865,5;Comment 1661
24632;2021-02-01 03:37:42;2021-01-01 09:43:34;2023-06-12 22:56:04;SO98354;75-3751-62094;32503;17;4347,68;154,85;568,58;19187,79;Comment 1662
77093;2023-06-28 09:26:43;2022-01-11 07:30:39;2021-09-20 20:33:09;SO29529;81-3143-56523;77445;29;2214,24;396,21;779,85;182,39;Comment 1663
42498;2022-11-14 10:14:10;2021-09-27 20:59:20;2020-07-16 23:45:41;SO21047;51-7541-34141;25471;13;6915,01;436,53;464,87;19379,99;Comment 1664
53598;2023-07-04 23:58:32;2021-11-02 12:04:37;2020-03-03 02:10:13;SO45828;84-8862-18518;65321;11;9488,99;241,43;362,7;626,28;Comment 1665
38335;2021-01-08 21:32:33;2022-09-02 07:37:08;2022-04-07 20:01:09;SO14725;51-7541-34141;11482;28;4677,97;302,99;671,27;15378,93;Comment 1666
43935;2023-12-09 15:03:21;2023-06-30 15:35:40;2020-09-25 17:28:31;SO10762;35-6579-94037;33051;9;6209,96;373,71;453,46;3126,14;Comment 1667
55034;2022-09-29 20:30:57;2020-04-18 08:59:17;2021-11-22 14:32:09;SO60665;86-5535-57031;24264;5;3715,92;294,2;290,37;10525,43;Comment 1668
16744;2021-10-23 13:14:15;2023-12-02 01:01:47;2021-11-15 06:00:39;SO82814;16-3417-49054;35051;16;1025,44;62,07;170,71;10685,67;Comment 1669
45028;2021-09-30 07:09:18;2020-01-24 08:00:52;2023-09-08 17:58:29;SO88807;40-5683-25279;64226;11;192,18;42,57;899,5;9391,3;Comment 1670
66145;2020-11-05 13:14:27;2022-08-19 21:14:11;2022-07-19 07:47:55;SO75332;97-9859-86247;18225;22;1167,62;241,99;554,44;16976,95;Comment 1671
97598;2021-09-28 04:26:30;2023-04-01 21:14:15;2020-05-13 12:19:38;SO68752;71-9532-69420;36427;29;9920,07;151,54;134,87;9023,01;Comment 1672
37699;2020-06-21 22:33:37;2020-01-02 20:58:15;2021-01-11 21:52:57;SO23247;66-2881-24904;59311;18;6532,6;297,68;318,6;6647,48;Comment 1673
98083;2020-08-06 01:45:28;2023-05-01 10:31:12;2020-06-26 19:35:28;SO92265;30-1489-79011;21842;22;2390,06;189,46;74,71;19501,27;Comment 1674
43912;2021-01-05 04:43:34;2021-03-19 07:16:41;2020-03-09 21:07:39;SO81430;78-5267-32468;97799;45;1839,1;463,99;774,44;17500,21;Comment 1675
86622;2020-10-21 19:45:49;2020-11-09 09:03:32;2022-04-20 02:57:22;SO82911;40-2409-67736;38773;32;4926,8;219,51;827,71;8779,86;Comment 1676
81151;2023-03-20 02:53:14;2021-04-15 00:48:32;2023-11-13 21:14:47;SO76224;63-4608-21366;15151;18;7027,38;190,79;719,81;7722,76;Comment 1677
62535;2021-04-21 13:02:22;2021-11-25 21:25:00;2021-10-23 01:13:31;SO47890;60-7449-26711;76103;23;7910,6;28,23;342,12;18286,12;Comment 1678
93775;2022-06-02 09:16:33;2021-05-09 14:53:51;2023-12-30 11:14:10;SO40865;57-9057-83653;37182;12;2835,75;347,69;940,77;9106,16;Comment 1679
35564;2023-08-08 14:13:23;2020-11-04 23:57:23;2021-04-23 11:56:04;SO17440;23-8510-71623;20828;5;1925,61;324,06;944,69;11251,33;Comment 1680
79440;2023-09-15 04:16:53;2023-01-24 02:05:23;2021-02-15 10:44:35;SO45215;60-7449-26711;43544;25;8837,54;185;712,64;4630,71;Comment 1681
46954;2022-09-07 13:41:57;2020-07-28 01:46:17;2022-08-09 12:08:19;SO59228;30-1489-79011;87147;26;4550,36;477,39;437,33;13930,52;Comment 1682
95669;2022-01-05 00:23:22;2023-04-15 11:44:58;2022-10-29 09:41:39;SO84390;29-3530-22517;27525;7;2012,36;97,76;679,9;18842,39;Comment 1683
61255;2022-09-21 09:44:24;2022-12-29 04:09:07;2023-02-01 11:03:23;SO93634;28-4123-84663;90371;27;8710,51;175,02;49,87;4961,23;Comment 1684
68120;2020-06-03 20:54:36;2020-03-28 04:31:02;2023-04-29 15:15:47;SO52321;23-8510-71623;54169;12;4322,74;147,65;945,59;3862,82;Comment 1685
49393;2020-12-03 07:11:02;2020-10-28 04:55:35;2021-02-26 07:09:30;SO71710;84-8862-18518;81308;5;7108,13;92,47;19,31;7934,44;Comment 1686
58973;2022-09-17 16:06:37;2023-01-31 01:08:31;2021-12-12 20:31:48;SO33021;78-5267-32468;73740;27;6547,25;195,3;267,95;5371,92;Comment 1687
62575;2022-06-19 03:14:31;2022-06-22 04:45:03;2022-07-20 16:13:41;SO52312;74-2176-61667;41346;7;8816,06;138,91;150,75;2677,63;Comment 1688
38115;2020-11-08 03:44:41;2022-10-13 14:45:44;2023-07-14 22:13:47;SO50775;63-4608-21366;29659;25;3031,62;370,13;776,68;15109,4;Comment 1689
95402;2022-11-04 21:47:41;2023-05-17 20:35:03;2022-09-06 13:01:51;SO29380;69-1886-36823;74610;46;683,83;355,59;866,09;6492,49;Comment 1690
92062;2023-01-09 21:44:46;2022-01-29 09:09:04;2021-08-13 09:41:11;SO73926;49-7039-68376;13992;26;3806,5;329,99;348,16;13979,22;Comment 1691
30474;2021-10-02 13:38:26;2020-11-25 09:23:06;2022-02-04 04:45:43;SO59125;74-2176-61667;69739;26;8230,19;419,03;273,11;7500,89;Comment 1692
36220;2022-04-01 07:22:33;2020-12-06 20:25:12;2023-11-07 14:35:22;SO99578;51-7602-22642;49200;6;5102,41;273,98;878,68;8133,01;Comment 1693
59390;2022-03-19 03:07:49;2021-01-14 06:15:44;2021-01-11 18:07:42;SO61946;24-7081-87522;32789;4;6667,67;416,95;620,67;15684,05;Comment 1694
89990;2023-11-09 19:21:52;2023-12-16 20:36:02;2020-01-30 07:29:33;SO59120;84-8862-18518;34819;11;2162,15;93,92;389,43;11364,21;Comment 1695
94825;2020-09-24 11:23:01;2023-12-28 16:27:01;2020-12-09 14:11:00;SO63754;72-3440-90827;83485;50;9191,5;466,66;459,88;18016,21;Comment 1696
66560;2021-03-25 20:03:24;2021-12-25 15:33:12;2022-07-08 03:01:38;SO30770;69-1886-36823;36260;37;5291,76;398,71;496,75;1968,63;Comment 1697
72031;2023-09-10 21:31:38;2020-04-13 14:10:05;2023-11-03 19:48:14;SO92742;81-3143-56523;56414;43;8966,27;306,53;836,48;14679,48;Comment 1698
79458;2023-06-14 10:24:11;2020-01-11 22:04:58;2020-01-21 09:59:11;SO95850;63-4608-21366;53972;25;6888,29;168,52;443,12;19619,24;Comment 1699
29660;2022-05-20 11:23:47;2021-09-27 20:44:36;2020-05-09 21:53:12;SO91150;78-5514-83427;93359;8;2747,85;160,94;549,47;3432,7;Comment 1700
60216;2022-07-12 07:45:19;2021-08-16 15:18:30;2022-01-17 12:30:42;SO65573;23-8510-71623;30007;33;1293,61;332,5;365,32;14225,3;Comment 1701
81388;2022-08-17 07:06:42;2021-11-05 17:26:23;2021-12-18 09:05:00;SO87533;23-8779-93758;56701;7;4394,62;354,44;28,25;723,78;Comment 1702
50459;2023-12-20 17:15:12;2021-03-28 22:45:56;2020-06-17 08:11:43;SO14620;40-5683-25279;73273;32;2208,82;363,43;815,66;8106,13;Comment 1703
71592;2020-03-17 10:09:50;2023-10-08 17:08:45;2020-02-21 21:44:07;SO44602;97-9859-86247;32313;37;2094,55;342,44;631,24;11654,91;Comment 1704
38954;2022-07-29 12:39:27;2020-08-06 11:19:41;2023-11-12 01:44:14;SO69599;66-4277-92738;87947;22;5708,63;18,45;344,86;9736,03;Comment 1705
75104;2021-11-24 13:56:39;2023-01-25 20:47:25;2021-02-10 05:11:47;SO15567;75-3751-62094;80883;16;2629,1;152,89;444,45;14528,06;Comment 1706
84913;2020-04-06 15:19:01;2023-07-12 16:20:03;2022-11-12 05:00:04;SO38046;48-2823-67639;20255;40;467,67;260,33;733,97;13631,1;Comment 1707
15375;2023-01-20 19:38:22;2020-04-21 04:19:12;2023-05-29 16:48:33;SO42374;74-2176-61667;17425;16;1189,9;95,39;472,08;5798,53;Comment 1708
21002;2023-03-28 17:34:11;2020-04-13 02:42:08;2021-06-20 09:48:10;SO33403;50-5389-75591;19039;38;824,32;472,71;558,61;16895,37;Comment 1709
77240;2021-09-26 16:33:21;2022-03-01 00:34:39;2023-06-29 09:42:29;SO32659;69-8859-80035;81058;43;8435,51;416,28;953,46;13924,53;Comment 1710
25750;2022-07-19 16:23:50;2022-04-21 02:12:23;2022-05-15 13:08:17;SO50263;17-6178-77430;49038;43;7920,67;154,43;173,83;11086,02;Comment 1711
78983;2020-06-22 19:01:22;2022-01-02 04:35:08;2020-09-10 01:19:34;SO53700;16-3417-49054;74335;45;3741,86;185,87;363,35;6204,5;Comment 1712
53747;2023-04-18 06:05:30;2020-11-24 02:16:07;2022-01-18 21:29:15;SO52833;92-2389-56247;84037;42;2268,01;222,1;833,2;12292,47;Comment 1713
53828;2022-11-10 02:29:19;2023-03-22 12:52:56;2023-04-06 23:09:31;SO59242;51-7602-22642;21041;16;2098,9;96,37;409,27;16182,3;Comment 1714
77473;2021-02-06 05:59:17;2023-10-07 00:31:48;2023-10-17 01:16:22;SO27664;23-8779-93758;83752;35;2115,36;270,79;221,79;5430,44;Comment 1715
23414;2023-05-11 13:50:41;2021-01-20 18:19:31;2022-12-25 09:23:31;SO84588;98-8354-24626;23501;9;227,93;329,57;881,14;14535,16;Comment 1716
92660;2022-10-30 03:26:41;2020-10-28 13:03:09;2023-12-10 07:09:44;SO34873;97-9859-86247;18285;19;1611,9;459,24;901,52;5197,6;Comment 1717
77287;2020-05-12 10:23:02;2022-03-17 20:25:52;2020-12-31 02:18:08;SO48428;84-7460-34357;90135;41;9652,06;466,08;995,08;18406,34;Comment 1718
80773;2023-01-16 17:01:55;2022-11-10 06:03:59;2021-07-31 16:41:40;SO86618;96-7105-64379;29875;48;1364,53;37,86;464,55;9428,79;Comment 1719
10613;2022-07-22 07:10:13;2021-04-27 09:04:59;2023-12-11 02:15:49;SO67026;84-8862-18518;89319;50;2018,32;67,33;92,8;4773,12;Comment 1720
80857;2023-10-24 23:26:25;2022-03-12 19:20:59;2022-03-18 21:44:11;SO64427;98-8354-24626;38426;50;7939;71,55;80,77;15572,65;Comment 1721
37458;2022-01-16 06:33:06;2022-06-24 11:18:16;2022-12-22 22:30:54;SO71991;23-8510-71623;94336;8;2153,69;78,83;762,35;609,38;Comment 1722
31045;2022-07-18 10:11:13;2022-02-05 17:13:30;2020-01-08 20:01:05;SO50994;60-7449-26711;82716;24;5199,75;34,67;936,78;18523,89;Comment 1723
67120;2022-02-18 04:22:39;2022-10-06 15:00:56;2020-08-25 07:52:16;SO19875;75-3751-62094;84942;45;3619,38;41,2;284,04;3987,86;Comment 1724
24350;2022-11-23 00:43:14;2021-03-21 23:29:09;2020-10-03 00:02:37;SO22594;84-8862-18518;55272;24;6943,93;227,58;447,26;6956,16;Comment 1725
28213;2023-08-16 14:37:52;2020-04-19 18:37:33;2020-06-14 04:17:26;SO78283;75-3751-62094;88523;45;2003,96;336,91;421,01;18684,98;Comment 1726
50768;2021-04-22 15:57:38;2020-10-09 19:09:31;2021-11-16 16:58:15;SO25850;22-4444-25264;65920;48;8227,85;435,18;150,89;13655,68;Comment 1727
61748;2021-05-05 16:55:13;2023-03-28 20:48:13;2023-09-11 21:43:21;SO99829;71-9532-69420;99917;40;2539,7;211,41;901,38;5396,94;Comment 1728
30331;2020-04-08 06:24:48;2023-10-11 15:21:47;2022-09-30 14:07:54;SO39885;48-2823-67639;10949;14;7990,71;433,25;988,89;1530,54;Comment 1729
64920;2020-07-09 14:20:19;2021-09-25 16:13:29;2022-06-08 15:17:40;SO67257;57-9057-83653;96305;20;6035,63;158,29;40,79;13438,91;Comment 1730
76885;2021-04-09 16:41:06;2021-09-26 18:24:28;2020-08-31 14:07:10;SO71603;81-3143-56523;66537;31;5573,6;328,18;411,32;8160,95;Comment 1731
26546;2020-05-10 00:52:50;2020-03-14 15:47:01;2020-04-24 20:58:53;SO23907;78-5514-83427;86797;8;9973,1;418,09;617,51;2495,53;Comment 1732
86494;2023-05-29 01:06:51;2022-06-16 02:15:07;2023-10-12 01:06:59;SO32355;22-4444-25264;37631;14;7974,61;183;619,25;13533,19;Comment 1733
69779;2021-01-22 22:14:22;2020-10-02 11:12:00;2020-11-12 19:57:01;SO35875;23-8779-93758;63825;8;9067,79;226,42;881,6;103,17;Comment 1734
67358;2022-03-03 23:49:55;2023-05-22 23:37:02;2022-07-19 02:16:30;SO96904;75-7092-97988;37393;3;4051,82;197,16;194,93;1557,34;Comment 1735
27447;2022-12-15 00:42:49;2022-09-21 08:29:36;2023-12-03 21:14:46;SO58778;23-8779-93758;58681;11;1958,21;474,43;818,32;2070,42;Comment 1736
64106;2021-04-15 13:30:38;2020-03-25 21:41:55;2023-11-16 09:06:28;SO97788;17-6178-77430;98433;36;694,37;398,55;161,26;1762,45;Comment 1737
72010;2022-04-05 04:20:11;2021-10-02 07:43:12;2021-11-18 19:25:50;SO74544;78-5267-32468;27292;44;5471,32;214,93;969,87;9590,31;Comment 1738
22219;2023-05-04 08:00:42;2020-09-03 08:03:09;2020-08-05 21:11:20;SO20841;72-3440-90827;97932;19;3071,5;200,64;296,87;17747,41;Comment 1739
18148;2023-04-15 13:59:14;2020-04-14 07:57:13;2020-11-02 14:56:38;SO18641;40-5683-25279;68273;45;5854,46;126,38;850,99;12058,97;Comment 1740
91735;2020-02-28 19:18:10;2021-02-10 16:33:49;2023-02-26 23:05:46;SO75593;78-5514-83427;27521;30;9745,35;107,89;751,23;3429,51;Comment 1741
45534;2021-12-23 20:04:10;2023-08-29 03:33:37;2022-07-23 05:22:44;SO72881;76-6173-91169;99396;44;6999,88;435,17;29,41;1580,85;Comment 1742
88998;2021-10-13 13:09:22;2023-11-08 19:17:08;2022-12-06 02:31:04;SO40913;40-5683-25279;36123;21;9231,91;153,58;170,56;13110,96;Comment 1743
42635;2023-04-23 05:47:25;2020-05-03 21:43:38;2022-10-08 14:20:03;SO78546;24-7081-87522;12685;17;9437,94;20,06;827,55;12934,12;Comment 1744
33498;2023-09-16 10:59:44;2021-05-12 23:31:56;2021-08-30 12:03:14;SO39814;69-1886-36823;89584;6;5322,19;26,6;473,72;12947,94;Comment 1745
69241;2020-07-30 16:26:54;2020-03-24 22:27:15;2023-03-06 00:18:21;SO42822;71-9532-69420;90716;42;7790,77;319,28;931,89;5765,23;Comment 1746
62241;2023-03-03 21:57:52;2020-05-05 20:29:34;2020-06-18 20:04:04;SO74177;69-1886-36823;83939;45;2548,64;137,88;410,02;6504,54;Comment 1747
53213;2023-11-25 22:54:37;2020-06-20 12:35:07;2023-11-05 05:06:52;SO32398;50-5389-75591;66862;32;4651,26;63,02;740,42;11155,85;Comment 1748
99810;2020-02-26 08:04:18;2023-03-24 11:09:21;2021-04-18 00:15:56;SO76247;53-9319-74957;94903;14;8083,39;80,84;423,33;7998,47;Comment 1749
99575;2023-12-07 20:55:03;2020-09-11 14:31:05;2023-08-24 02:16:58;SO19727;78-5514-83427;54440;2;5232,97;97,09;814,44;10002,25;Comment 1750
26065;2022-05-24 21:48:38;2022-10-11 10:41:36;2021-05-31 08:55:39;SO27089;76-6173-91169;67296;20;3180,38;264,71;64,11;3835,96;Comment 1751
98739;2021-12-21 10:01:15;2022-06-30 04:25:46;2021-05-14 19:47:08;SO61907;75-3751-62094;47942;46;497,04;456,72;237,51;15124,67;Comment 1752
90224;2022-02-04 07:32:19;2020-06-02 21:16:35;2022-06-17 09:12:04;SO46609;84-7460-34357;11054;18;545,96;342,04;199,65;13906,37;Comment 1753
35074;2022-09-03 06:43:14;2021-05-18 01:09:28;2021-06-22 00:32:57;SO66999;28-6393-31125;28886;12;4538,93;153,93;664,9;6468,26;Comment 1754
90737;2022-03-04 18:02:18;2021-08-29 06:54:51;2022-11-21 09:02:07;SO34553;44-6968-96958;91088;35;3253,43;250,5;241,27;8362,5;Comment 1755
74778;2021-03-05 13:13:59;2023-10-27 04:20:22;2021-07-07 08:14:55;SO16687;44-6968-96958;26846;43;2637,55;26,95;575,43;4770,66;Comment 1756
72721;2022-07-29 04:47:12;2022-11-17 00:33:41;2023-09-13 23:27:18;SO75370;84-7460-34357;97925;34;2498,2;40,44;350,8;5944,22;Comment 1757
78579;2020-04-04 19:35:52;2023-09-01 04:13:19;2023-10-21 00:40:26;SO20966;69-8859-80035;32530;30;7069,39;290,03;177,83;6306,36;Comment 1758
28813;2020-10-21 16:36:53;2022-01-12 10:09:57;2020-11-04 00:03:26;SO36898;92-2389-56247;41082;15;4376,39;473,56;402,79;17496,21;Comment 1759
16047;2021-03-28 00:19:08;2022-04-06 13:07:44;2023-02-08 06:59:51;SO68725;23-8779-93758;25327;42;4713,94;403,69;973,54;1535,94;Comment 1760
28051;2022-11-18 22:14:22;2020-04-24 21:34:44;2022-11-21 07:32:50;SO59068;49-7039-68376;38741;23;7276,2;335,7;456,77;17718,05;Comment 1761
29810;2021-10-13 04:05:35;2022-05-28 23:12:45;2021-12-18 16:31:16;SO66769;71-9532-69420;17668;2;3749,05;168,37;691,63;11510,53;Comment 1762
20327;2021-11-06 09:01:22;2022-02-01 04:12:09;2023-09-03 05:11:53;SO65111;51-7541-34141;34281;27;4867,11;299,91;289,61;12576,19;Comment 1763
33920;2022-03-06 10:41:20;2020-02-19 23:08:12;2020-09-18 02:54:53;SO38951;22-4444-25264;30719;29;4910,98;295,69;574,06;9330,01;Comment 1764
49764;2020-09-09 11:36:16;2021-02-19 15:20:58;2020-08-22 04:55:32;SO88589;75-3751-62094;60449;17;9545;188,35;11,89;17334,78;Comment 1765
16585;2020-06-25 17:03:56;2022-10-31 23:36:10;2020-10-31 21:40:01;SO31725;33-1973-80101;16362;34;1334,74;347,07;388,79;17872,01;Comment 1766
66032;2020-08-11 22:34:20;2020-06-15 09:58:08;2022-05-27 13:24:39;SO90649;57-9057-83653;77995;20;5707,58;232,68;97,91;13547,53;Comment 1767
35858;2021-08-03 21:13:50;2022-01-27 06:58:28;2020-07-07 08:37:57;SO54886;92-2389-56247;56502;29;5822,26;375,55;124,36;3083,78;Comment 1768
28568;2023-12-10 16:36:14;2022-12-30 11:17:26;2021-12-04 14:13:13;SO48674;60-7449-26711;96590;33;6888,07;223,22;548,68;13254,73;Comment 1769
86980;2022-10-31 18:52:41;2023-09-03 08:46:15;2020-05-20 09:11:21;SO70938;30-1489-79011;58828;1;8889,96;247,24;231,32;18192,07;Comment 1770
61604;2020-07-17 01:55:32;2023-11-05 10:22:08;2021-04-22 07:36:26;SO75798;81-3143-56523;44086;7;5968,03;339,47;976,37;3016,43;Comment 1771
67087;2020-07-19 08:32:53;2022-06-27 08:33:57;2021-03-04 12:32:13;SO37545;17-6178-77430;67384;44;7898,41;448,75;28,84;6284,13;Comment 1772
96844;2023-01-24 00:04:32;2021-01-08 05:35:27;2022-01-07 17:10:55;SO75868;78-5267-32468;96004;21;8150,99;456,81;959,8;16125,45;Comment 1773
13357;2020-04-03 16:45:48;2020-12-14 09:10:21;2021-06-23 21:24:42;SO53543;84-8862-18518;40954;39;1645,76;94,43;57,55;995;Comment 1774
83820;2020-10-06 11:13:26;2020-01-15 06:17:51;2020-06-06 03:04:04;SO82039;49-7039-68376;45168;42;2711,03;384,25;840,86;13878,11;Comment 1775
50488;2021-03-27 16:11:12;2023-01-28 20:59:31;2021-03-23 06:34:31;SO41266;51-7541-34141;42262;14;7659,79;328,19;287,33;18067,15;Comment 1776
20632;2021-11-15 22:46:47;2022-11-04 13:38:48;2020-08-24 06:32:49;SO10376;66-2881-24904;77857;23;9798,51;395,65;14,72;15545,52;Comment 1777
97985;2021-02-07 15:48:25;2021-06-10 02:50:19;2020-01-09 11:16:41;SO16675;85-4116-52037;41903;28;8433,96;205,45;444,05;11701,49;Comment 1778
64658;2020-09-29 05:35:47;2021-09-14 04:34:21;2020-12-13 18:43:40;SO90810;16-3417-49054;90800;12;1727,76;13,91;449,1;12624,28;Comment 1779
82083;2023-07-27 16:55:00;2020-11-07 14:52:51;2023-10-29 05:45:45;SO64052;75-7092-97988;55469;42;2683,56;426,67;574,61;11656,97;Comment 1780
17628;2020-04-27 09:19:55;2023-08-11 05:46:21;2021-07-06 21:10:44;SO26398;92-2389-56247;69486;14;8000,81;117,88;508,63;19149,21;Comment 1781
96128;2021-12-12 02:02:11;2022-01-17 15:13:56;2020-06-08 00:39:59;SO90942;96-7105-64379;28101;15;4975,51;409,77;834,32;17139,97;Comment 1782
88826;2020-05-30 16:29:48;2021-06-17 16:26:00;2021-03-21 16:24:39;SO34283;44-6968-96958;12024;10;6055,74;337,39;314,48;5754,27;Comment 1783
61150;2022-05-11 09:17:01;2022-12-21 21:13:14;2021-12-22 19:14:52;SO11854;50-5389-75591;98539;27;8751,15;141,16;594,82;1170,86;Comment 1784
19900;2023-06-20 04:43:47;2022-01-21 15:41:08;2021-05-05 15:07:14;SO31134;51-7602-22642;59569;50;5336,43;379,22;443,02;4423,53;Comment 1785
59397;2021-12-26 19:40:11;2022-02-15 02:11:24;2022-11-21 03:34:26;SO21231;78-5267-32468;23839;39;1396,59;375,8;904,32;5021,21;Comment 1786
94611;2021-06-21 03:29:44;2023-06-03 23:36:43;2022-06-09 00:27:01;SO15004;49-7039-68376;69094;3;7820,59;453,53;9,26;13689,8;Comment 1787
95110;2021-07-27 00:03:45;2021-09-29 10:36:25;2022-02-18 00:14:05;SO91035;74-3185-84739;77106;3;595,74;267,13;116,48;19152,92;Comment 1788
22751;2020-01-19 23:12:35;2021-07-15 21:22:15;2023-11-12 01:03:59;SO44937;69-1886-36823;72043;10;9310,5;466,16;725,07;14396,41;Comment 1789
34181;2023-08-31 02:59:58;2020-09-11 20:40:38;2023-03-03 02:48:46;SO37665;74-3185-84739;98481;8;2715,37;37,69;758,26;14767,58;Comment 1790
58739;2020-09-07 17:06:22;2021-10-09 01:42:37;2023-04-04 09:25:34;SO99084;75-3751-62094;48408;4;740,36;173,46;528,04;5378,45;Comment 1791
37545;2020-01-08 04:00:24;2021-09-08 08:11:51;2021-11-24 12:39:15;SO60644;92-2389-56247;30584;42;7850,89;442,99;761,09;16841,79;Comment 1792
52176;2021-08-30 08:01:33;2020-01-29 23:42:04;2020-04-19 05:36:55;SO63350;83-7954-63932;99228;44;4095,71;459,3;695,54;9496,55;Comment 1793
44571;2023-07-17 23:51:13;2023-07-19 08:53:44;2021-12-02 11:02:59;SO70253;60-7449-26711;56467;48;7215,15;75,29;167,4;18048,45;Comment 1794
96295;2020-03-23 19:28:18;2020-05-15 12:06:41;2020-03-06 14:10:32;SO36356;48-2823-67639;72369;32;8904,99;328,29;337,97;8144,1;Comment 1795
64124;2020-09-05 20:06:34;2023-11-12 00:01:30;2021-07-29 03:30:34;SO45036;33-1973-80101;36927;25;2340;392,68;323,59;5131,79;Comment 1796
94051;2023-12-15 01:06:39;2020-11-03 15:21:34;2022-09-17 23:27:33;SO79703;71-9532-69420;41936;43;1074,83;366,36;651,27;13166,38;Comment 1797
25109;2020-07-13 21:34:37;2022-06-13 05:42:20;2020-10-02 23:57:08;SO78303;78-5267-32468;60126;40;149,51;259,33;350,7;9064,85;Comment 1798
32393;2021-05-14 00:58:57;2023-03-04 07:06:22;2021-08-28 07:26:25;SO78962;28-4123-84663;37961;42;5458,75;113,27;38,24;14289,43;Comment 1799
49764;2021-03-01 13:55:01;2020-06-23 01:03:53;2020-10-12 19:38:17;SO98912;60-7449-26711;30432;35;318;311,22;836,53;16495,19;Comment 1800
13980;2022-04-27 04:26:48;2023-07-31 16:55:29;2023-12-28 21:24:31;SO47309;97-9859-86247;21183;44;7396,41;273,91;709,32;12751,32;Comment 1801
40493;2020-12-12 13:11:31;2023-01-09 12:48:58;2023-10-06 14:57:24;SO76970;78-5267-32468;50450;7;4962,63;211,17;936,76;7431,41;Comment 1802
24931;2022-06-07 20:50:08;2021-05-21 00:59:13;2021-07-28 00:41:34;SO70438;98-8354-24626;46247;43;8358,68;50,7;529,52;9596,7;Comment 1803
93151;2023-06-26 11:55:58;2021-01-21 11:25:55;2021-11-30 01:00:02;SO57063;74-3185-84739;69003;15;9240,97;386,58;47,62;3303,18;Comment 1804
11208;2022-03-03 00:05:03;2020-02-29 17:57:20;2022-03-18 15:57:57;SO47115;72-3440-90827;52830;17;1944,82;473,96;342,52;10101,59;Comment 1805
81124;2023-02-18 12:30:30;2021-03-16 11:09:25;2020-04-25 05:10:44;SO61014;51-7541-34141;86830;37;2955,04;354,51;709,45;10106,94;Comment 1806
56249;2020-09-14 20:37:56;2022-09-19 11:10:34;2022-10-12 13:13:46;SO25475;28-6393-31125;90050;48;4977,95;380,68;954,16;5137,16;Comment 1807
55735;2023-06-29 16:37:07;2022-07-11 15:32:44;2023-04-27 18:56:45;SO49700;23-8510-71623;11880;44;7880,15;432,53;363,22;8786,51;Comment 1808
83106;2021-06-30 09:57:52;2022-11-02 15:31:39;2022-05-24 02:52:26;SO26949;74-3185-84739;42189;46;6011,56;493,82;318,33;16957,81;Comment 1809
88666;2020-11-20 16:45:47;2023-02-04 12:35:23;2022-12-21 22:04:34;SO39269;66-2881-24904;70231;42;2557,77;109,79;81,12;9482,59;Comment 1810
38098;2023-01-26 12:09:19;2020-04-15 06:25:41;2021-06-10 19:37:51;SO16761;40-5683-25279;22459;27;614,42;327,79;724,09;15071,84;Comment 1811
29565;2021-11-10 02:30:48;2023-04-09 03:09:57;2021-05-30 08:36:52;SO51670;69-1886-36823;64521;14;3590,27;332,15;768,04;5326,46;Comment 1812
71241;2021-09-30 11:38:49;2022-06-01 13:27:29;2022-06-04 11:30:07;SO52526;84-7460-34357;26300;43;486,35;182,87;852,74;16367,48;Comment 1813
36498;2020-07-29 16:12:19;2022-09-22 08:59:07;2021-06-16 07:06:53;SO67600;42-3255-58813;92942;47;8255,14;403,89;250,18;14543,31;Comment 1814
64600;2022-09-09 18:25:42;2021-03-22 19:47:18;2022-09-29 12:17:20;SO42882;81-3143-56523;29439;37;2504,75;184,11;321,08;8188,56;Comment 1815
98106;2020-05-15 16:48:53;2021-04-25 10:03:54;2022-05-14 05:08:06;SO51719;73-8844-80299;49557;15;3748,45;439,53;748,59;14790,68;Comment 1816
71621;2021-02-01 22:56:27;2022-06-06 22:50:16;2020-05-18 00:49:43;SO96688;23-8779-93758;95040;6;6967,86;366,66;60,76;1008,13;Comment 1817
43936;2021-01-15 17:59:25;2021-02-09 08:07:46;2022-11-14 22:04:46;SO67917;84-8862-18518;27243;26;5135,08;368,72;329,73;9305,83;Comment 1818
94873;2022-05-10 21:40:46;2021-04-19 02:24:36;2020-03-14 19:04:18;SO72043;22-4444-25264;31695;19;461,37;181,66;443,31;6703,24;Comment 1819
47243;2023-01-08 14:58:39;2020-12-30 05:38:30;2021-10-16 23:17:10;SO66874;30-1489-79011;91636;14;3559,78;426,6;231,48;18924,05;Comment 1820
57505;2023-04-29 09:56:55;2023-06-22 13:53:12;2021-06-11 08:07:22;SO38959;97-9859-86247;99736;23;1977,34;89,02;985,5;12286,25;Comment 1821
36765;2022-12-14 09:19:42;2022-08-04 05:02:10;2020-03-04 03:33:28;SO18135;97-9859-86247;51834;33;5723,79;352,18;481,94;2210,76;Comment 1822
45254;2020-02-05 17:06:58;2020-03-30 22:41:13;2022-06-28 19:38:06;SO20022;57-9057-83653;50310;41;1087,23;140,76;312,41;9693,8;Comment 1823
28859;2022-08-06 01:11:13;2022-11-01 07:11:40;2022-05-17 15:29:43;SO94367;73-8844-80299;42380;25;9132,16;150,77;225,93;8445,69;Comment 1824
99272;2020-03-18 15:28:22;2021-07-30 16:12:08;2021-01-17 19:56:35;SO43924;74-2176-61667;29309;18;9388,09;53,23;312,99;4626,66;Comment 1825
64310;2021-08-11 09:16:28;2020-12-21 14:34:40;2023-05-22 15:35:48;SO86077;76-6173-91169;19871;22;9791,49;253,75;277,82;877,91;Comment 1826
59557;2021-01-03 06:08:40;2020-04-12 11:02:32;2022-06-17 20:07:04;SO74654;35-6579-94037;65708;8;3488,66;164,33;110,17;17594,89;Comment 1827
93498;2022-07-31 21:22:05;2023-11-01 00:02:12;2021-12-28 05:37:28;SO89652;16-3417-49054;47609;29;3237,65;364,46;91,85;16349,41;Comment 1828
98470;2023-05-11 16:53:31;2023-12-15 06:27:14;2022-05-27 21:04:37;SO45076;42-3255-58813;43256;41;6218,15;211,9;272,04;4899,6;Comment 1829
61969;2022-11-19 03:13:49;2021-04-24 17:47:45;2020-08-12 03:52:34;SO46363;73-8844-80299;95181;12;690,55;208,29;568,15;13395,82;Comment 1830
90792;2023-11-30 14:23:52;2023-05-08 09:31:33;2023-06-25 07:52:07;SO56428;22-4444-25264;16749;32;6689,19;283,03;244,96;10494,86;Comment 1831
16710;2020-08-24 18:41:29;2021-07-05 11:22:28;2020-06-27 02:38:19;SO29562;73-8844-80299;54981;12;9413,8;196,44;832,91;12825,92;Comment 1832
97234;2022-12-22 20:32:04;2023-10-25 04:01:47;2021-12-09 14:17:51;SO82059;71-9532-69420;23994;27;5519,12;486,38;834,72;8378,9;Comment 1833
86402;2021-03-03 10:03:50;2021-06-20 00:15:25;2020-04-15 11:08:31;SO87825;53-9319-74957;73787;43;9865,09;14,06;820,6;2334,94;Comment 1834
86977;2021-08-13 10:20:29;2020-08-01 08:55:10;2020-06-16 22:06:11;SO37015;74-3185-84739;96523;36;524,08;215,26;599,34;5333,55;Comment 1835
58430;2021-06-11 10:46:06;2020-01-22 13:21:42;2021-01-07 13:38:07;SO91227;92-2389-56247;28911;2;7582,95;131,76;523,27;5433,79;Comment 1836
25169;2020-08-25 09:35:59;2022-11-26 03:31:17;2022-03-11 19:21:16;SO41794;17-6178-77430;31397;33;6560,45;484,63;91,7;13065,15;Comment 1837
69230;2022-04-05 09:23:54;2021-01-01 10:29:18;2022-08-18 10:32:30;SO33962;48-2823-67639;65976;7;5317,94;125,59;812,55;7959,63;Comment 1838
56893;2023-04-07 06:58:38;2022-03-12 11:25:01;2022-07-22 13:48:33;SO83793;86-5535-57031;78434;40;8096,95;54,37;50,57;12737,92;Comment 1839
91204;2020-11-11 23:49:58;2021-10-15 23:05:10;2022-06-12 02:17:57;SO60688;40-2409-67736;56592;48;3595,76;472,01;974,8;3997,72;Comment 1840
99880;2022-04-13 23:59:05;2020-01-23 21:55:00;2020-05-10 08:11:42;SO64106;85-4116-52037;15451;30;610,13;44,64;762,22;329,05;Comment 1841
94368;2022-02-02 22:00:09;2020-09-18 05:31:28;2022-03-22 21:08:30;SO54871;75-7092-97988;12284;25;9682,82;452,52;381,95;483,9;Comment 1842
86206;2020-11-10 10:23:48;2023-05-10 20:39:31;2020-07-02 05:48:55;SO96238;61-5244-70735;56503;39;3667,53;201,38;640,46;19191,35;Comment 1843
93897;2022-10-14 17:22:04;2023-06-21 04:38:49;2020-01-11 23:13:21;SO46352;66-2881-24904;61696;26;8075,67;245,42;204,35;13182,77;Comment 1844
56919;2020-04-25 19:16:58;2021-07-23 19:33:41;2022-09-21 11:04:09;SO90743;83-7954-63932;54384;40;1729,66;295,71;796,39;13224,38;Comment 1845
89140;2021-06-15 20:41:12;2020-09-26 20:54:49;2022-06-13 05:03:20;SO57852;29-3530-22517;20655;27;2382,93;470,35;230,44;2013,5;Comment 1846
93330;2021-06-15 09:23:24;2020-02-03 20:03:11;2021-06-18 00:52:20;SO23354;84-7460-34357;92763;49;7093,82;184,4;82,5;11929,83;Comment 1847
51877;2023-07-24 19:18:12;2021-07-26 23:43:00;2022-09-28 02:16:15;SO27817;40-5683-25279;42277;18;1940,75;255,65;497,68;11979,08;Comment 1848
86966;2021-07-25 06:09:54;2021-01-08 16:29:52;2022-01-25 07:27:46;SO79813;66-4277-92738;50659;45;9082,32;24,18;590,17;13070,98;Comment 1849
32886;2022-11-09 05:33:47;2022-05-04 12:41:46;2020-09-22 20:57:46;SO66831;53-9319-74957;61178;21;129,06;178,68;589,94;15224,15;Comment 1850
99546;2023-01-29 22:03:01;2022-06-04 22:31:37;2020-07-14 19:36:34;SO95482;48-2823-67639;22892;27;1659,76;373,54;827,43;6127,26;Comment 1851
90268;2020-02-15 20:07:43;2020-07-19 21:33:18;2021-08-29 18:28:05;SO40581;75-3751-62094;57473;37;1800,99;437,78;33,8;13520;Comment 1852
99924;2023-09-25 03:27:44;2020-08-09 13:39:18;2022-07-13 13:23:21;SO74648;57-9057-83653;95346;34;8611,9;406,6;357,34;2448,89;Comment 1853
78999;2020-02-23 09:15:10;2021-02-16 09:53:13;2022-09-18 00:02:39;SO68426;73-8844-80299;94174;5;5508,48;155,32;343,5;2341,72;Comment 1854
45412;2021-09-11 05:35:34;2022-04-02 12:49:20;2022-01-14 07:50:03;SO10256;48-2823-67639;52646;32;8467,94;287,52;724,29;17939,58;Comment 1855
56691;2023-10-08 18:22:56;2022-07-19 17:46:37;2020-05-02 20:35:44;SO17945;44-6968-96958;38320;17;8637,74;412,21;978,79;3538,04;Comment 1856
57457;2020-06-07 14:08:56;2021-01-14 10:09:16;2020-01-22 19:54:00;SO67818;40-5683-25279;99557;12;9091,34;204,47;355,03;11106,14;Comment 1857
86938;2022-12-07 12:20:20;2022-11-02 20:25:14;2023-06-20 19:01:48;SO42098;76-6173-91169;31912;2;2261,51;419,08;215,35;6581,68;Comment 1858
69636;2020-03-01 20:26:32;2023-03-16 02:27:33;2022-08-28 15:32:14;SO19006;53-9319-74957;56951;7;7411,7;153,64;255,46;1662,28;Comment 1859
60426;2020-06-30 10:22:10;2022-04-08 04:19:35;2022-08-15 07:33:39;SO61174;51-7541-34141;55927;46;2183,4;388,05;333,49;15000,82;Comment 1860
23371;2020-08-22 00:09:01;2023-05-29 06:29:57;2020-01-12 18:51:09;SO20444;85-4116-52037;91958;1;777,53;396,42;656,98;5899,3;Comment 1861
96528;2020-12-15 12:34:13;2021-02-14 18:10:12;2022-05-03 10:56:34;SO92629;51-7541-34141;43324;4;6205,02;240,82;292,76;3793,03;Comment 1862
62764;2021-07-17 22:28:08;2020-07-30 13:51:10;2022-03-10 06:03:46;SO11071;49-7039-68376;14264;1;8925,44;146,44;35,25;15627,27;Comment 1863
39654;2021-04-16 13:47:58;2022-06-08 15:40:29;2020-12-16 03:24:36;SO41890;71-9532-69420;33056;39;8479,63;351,86;700,48;12044,77;Comment 1864
60310;2023-11-23 22:44:38;2022-08-15 09:14:30;2023-08-29 15:20:05;SO52085;76-6173-91169;27320;16;6948,62;92,92;102,65;19020,02;Comment 1865
28561;2020-05-04 07:31:26;2022-01-20 16:19:06;2021-10-07 05:03:35;SO17837;69-1886-36823;20768;44;799,34;120,85;614,47;11511,4;Comment 1866
41300;2020-03-25 04:33:15;2020-07-28 02:38:16;2021-02-22 15:25:23;SO19527;75-7092-97988;63521;38;6962,85;332,17;277,6;7006,42;Comment 1867
54553;2021-07-15 10:19:45;2022-12-12 11:20:17;2020-09-04 11:57:36;SO23518;96-7105-64379;98084;16;6995,49;329,69;571,12;5703,54;Comment 1868
31040;2020-06-10 10:47:30;2022-09-08 15:59:07;2023-10-31 18:06:04;SO20162;35-6579-94037;76384;18;6880,4;124,59;908,36;616,88;Comment 1869
23371;2020-06-22 18:39:35;2022-12-19 23:03:27;2021-09-29 00:31:30;SO96258;35-6579-94037;36158;41;3762,06;427,87;22,04;11255,97;Comment 1870
40628;2021-11-02 19:36:51;2020-02-24 23:28:48;2020-08-16 02:18:34;SO45819;78-5514-83427;37242;49;4768,12;242,28;722,51;11819,48;Comment 1871
35394;2020-09-21 13:07:14;2022-05-12 06:37:27;2023-07-05 06:56:45;SO35214;51-7602-22642;65690;32;3911,78;331,29;520,74;11995,98;Comment 1872
25788;2022-05-02 17:56:02;2021-11-05 22:42:45;2022-12-14 09:39:28;SO28400;73-8844-80299;18343;23;5179,06;397,55;284,55;18701,63;Comment 1873
53241;2022-06-19 13:36:06;2022-06-21 07:06:00;2021-07-20 15:55:25;SO13439;17-6178-77430;29304;30;5111,37;469,88;182,4;5088,56;Comment 1874
51887;2022-06-14 19:50:57;2021-01-29 09:19:53;2021-02-16 20:53:29;SO16129;96-7105-64379;87823;13;8466,81;337,96;264,76;2079,42;Comment 1875
90224;2023-05-11 13:40:02;2023-02-27 00:46:01;2022-06-24 13:01:56;SO22130;57-9057-83653;43683;27;8402,39;26,35;727,29;12425,83;Comment 1876
49647;2023-04-11 18:15:22;2021-12-06 21:40:55;2020-11-24 23:54:21;SO38901;66-2881-24904;62102;7;8385,98;257,09;563,09;10983,96;Comment 1877
34909;2021-08-17 12:18:44;2021-04-25 13:45:49;2021-03-31 03:07:08;SO44952;69-8859-80035;46470;27;4852,13;108,7;849,07;1472,4;Comment 1878
60638;2023-02-14 19:52:28;2023-09-04 08:48:42;2020-08-31 10:26:17;SO32357;83-7954-63932;94733;44;5769,45;253,18;27,27;2660,78;Comment 1879
94911;2021-08-29 22:11:38;2021-03-29 16:11:31;2020-06-11 21:44:38;SO58427;85-4116-52037;40488;41;9635,91;496,96;180,07;10200,79;Comment 1880
61311;2020-08-03 11:29:49;2022-02-06 01:24:04;2020-07-17 11:46:25;SO31160;71-9532-69420;31378;31;4723,47;152,85;407,51;8606,02;Comment 1881
31640;2021-11-14 12:27:25;2020-07-30 07:11:26;2020-03-26 14:53:46;SO64700;92-2389-56247;85125;12;7939,53;396,48;276,18;16347,67;Comment 1882
63184;2023-09-30 00:48:23;2022-07-12 00:12:18;2021-05-04 06:27:41;SO90945;97-9859-86247;50993;5;7074,35;67,42;400,2;13767,55;Comment 1883
30108;2022-06-09 00:47:53;2023-08-04 16:00:33;2022-03-28 19:28:41;SO63949;24-7081-87522;96159;12;8934,06;413,16;594,96;1865,55;Comment 1884
99808;2022-04-11 18:11:20;2023-12-19 18:46:36;2020-10-16 12:23:28;SO95817;49-7039-68376;13362;22;5193,55;464,37;824,58;1084,17;Comment 1885
96908;2020-10-27 07:07:41;2022-11-25 04:53:53;2021-08-05 21:07:55;SO25804;73-8844-80299;34287;12;5940,86;302,44;782,77;11401,29;Comment 1886
76678;2023-10-20 06:30:49;2020-10-19 02:46:42;2020-10-23 22:10:00;SO22716;78-5267-32468;86907;36;2156,92;455,75;53,07;10811,26;Comment 1887
59127;2023-11-09 18:36:25;2021-02-28 19:35:44;2023-07-13 08:46:13;SO62483;40-2409-67736;80700;44;5008,04;47,13;831,66;12400,29;Comment 1888
99158;2020-08-16 02:40:45;2021-07-29 09:59:42;2020-06-10 20:19:35;SO86023;97-9859-86247;63772;20;4318,17;212,63;224,74;16781,45;Comment 1889
56362;2022-03-15 01:11:06;2023-04-15 11:40:40;2021-02-11 12:47:16;SO59049;30-1489-79011;95820;11;6972,99;259,89;813,27;17127,11;Comment 1890
32569;2020-11-18 02:29:05;2023-04-02 01:14:56;2021-01-12 08:24:45;SO27628;51-7541-34141;99700;27;8557,87;393,84;734,07;3056,39;Comment 1891
12034;2021-12-10 11:19:02;2023-12-11 03:47:49;2023-10-01 11:21:49;SO76966;33-1973-80101;55194;44;7808,96;393,33;586,32;3387,33;Comment 1892
42258;2023-03-31 09:27:57;2020-10-09 11:33:47;2023-09-18 07:14:42;SO78923;74-2176-61667;81669;17;802,05;233,68;464,56;3554,41;Comment 1893
72002;2022-08-18 09:44:52;2021-11-17 02:41:17;2023-11-01 05:58:57;SO23239;24-7081-87522;94944;28;6847,53;395,77;938,72;5112,07;Comment 1894
40604;2020-03-24 17:01:34;2023-10-08 22:42:48;2020-08-30 06:49:57;SO12926;78-5514-83427;53139;29;2404,72;75,52;398,82;8973,03;Comment 1895
79674;2022-11-16 09:20:55;2021-10-25 04:18:21;2023-08-31 04:31:22;SO27100;92-2389-56247;99712;9;866,28;354,4;489,82;18662,25;Comment 1896
57170;2023-10-10 22:30:09;2022-04-05 01:53:39;2022-10-28 06:02:27;SO22561;42-3255-58813;52814;33;7250,58;136,89;425,78;415,91;Comment 1897
99576;2022-12-14 09:42:12;2020-12-27 04:29:05;2022-04-17 02:24:23;SO38997;23-8510-71623;76259;10;980,15;109,59;844,94;12938,1;Comment 1898
42684;2020-05-19 19:32:01;2023-12-20 17:51:34;2020-03-31 17:52:47;SO70573;76-6173-91169;65408;47;1588,07;444,44;197,41;8148,4;Comment 1899
83899;2023-04-04 07:47:20;2022-05-04 03:00:47;2022-10-09 05:20:56;SO55947;78-5267-32468;63982;16;3506,35;363,83;151,55;6695,45;Comment 1900
44332;2020-11-19 07:19:51;2020-05-27 19:30:14;2021-02-25 16:07:44;SO66337;28-6393-31125;60557;3;5569,4;269,55;383,43;15760,85;Comment 1901
82655;2021-09-18 16:53:37;2023-10-15 16:37:02;2021-11-05 14:41:00;SO24065;23-8779-93758;13347;11;3065;143,88;269,59;4270,7;Comment 1902
31943;2023-05-06 10:07:11;2022-12-09 20:25:54;2020-12-08 10:16:48;SO42391;84-7460-34357;16072;16;1315,01;264,47;665,89;17838,76;Comment 1903
16579;2022-08-01 19:20:03;2020-03-25 02:54:07;2023-11-30 01:05:20;SO34524;35-6579-94037;25306;30;8995,38;439,01;208,77;3953,79;Comment 1904
14697;2023-12-22 06:05:28;2020-07-28 22:20:38;2023-03-03 09:15:09;SO31783;60-7449-26711;86908;32;4512,37;126,52;132,36;4539,48;Comment 1905
81551;2020-03-06 21:04:16;2023-10-25 07:20:33;2021-10-26 13:09:49;SO92950;78-5514-83427;28803;21;6044,65;323,93;945,18;1761,63;Comment 1906
28584;2022-04-19 05:33:42;2021-09-23 00:38:21;2023-12-19 21:33:48;SO49647;44-6968-96958;56177;45;1779,73;300,47;901,95;17211,56;Comment 1907
76563;2020-07-03 04:49:59;2021-07-29 03:19:59;2023-03-03 14:47:35;SO91265;28-6393-31125;98711;28;2306,9;335,95;66,18;14467,75;Comment 1908
22509;2023-09-03 22:47:34;2021-11-03 23:48:41;2022-05-24 15:59:22;SO61853;22-4444-25264;68240;11;8217,04;40,81;187,04;17740,6;Comment 1909
61961;2023-09-04 22:02:43;2022-04-10 18:52:05;2021-04-19 08:19:14;SO46547;17-6178-77430;85238;27;6924,67;146,44;191,5;11581,24;Comment 1910
84469;2023-09-27 17:03:29;2021-12-08 04:20:22;2023-11-24 05:39:22;SO12458;75-3751-62094;66400;22;344,53;437,97;356,92;9009,16;Comment 1911
87399;2021-04-03 07:31:31;2020-11-11 03:23:09;2022-06-09 21:14:42;SO10653;51-7602-22642;35205;17;3512,12;156,78;975,1;751,84;Comment 1912
92741;2021-04-04 18:30:36;2020-05-22 14:44:56;2023-03-14 12:39:23;SO58112;30-1489-79011;71199;13;8321,27;120,06;679,04;1622,17;Comment 1913
77669;2020-07-11 04:59:29;2022-07-28 06:50:11;2021-09-12 21:50:04;SO61217;75-3751-62094;26453;10;3974,53;399,25;823,86;14401,78;Comment 1914
40801;2021-12-19 09:59:21;2020-12-08 09:52:21;2023-03-05 18:30:04;SO21878;98-8354-24626;82290;6;2900,02;336,9;779,9;7501,52;Comment 1915
25458;2022-05-31 10:30:12;2022-11-27 11:07:46;2023-10-07 16:04:29;SO27959;44-6968-96958;80751;11;4364,07;157,49;833,08;11053,38;Comment 1916
71900;2022-03-13 03:04:24;2022-01-08 23:10:09;2023-11-27 23:13:49;SO62393;42-3255-58813;27515;1;9846,88;428,87;33,62;10083,67;Comment 1917
37724;2022-01-19 15:14:15;2023-12-01 09:11:44;2023-06-19 23:26:00;SO84522;78-5514-83427;12961;46;9929,66;495;860,28;4294,15;Comment 1918
75460;2023-01-11 11:02:52;2020-07-18 12:17:32;2020-04-29 09:15:02;SO44520;81-3143-56523;18751;8;3925,96;446,34;441,81;4325,86;Comment 1919
76191;2023-01-10 10:55:30;2020-06-16 09:23:15;2021-09-22 12:05:55;SO80223;17-6178-77430;27925;27;7341,34;20,94;284,13;696,04;Comment 1920
74896;2023-03-04 05:27:53;2020-10-22 23:31:10;2023-02-17 20:03:19;SO33314;44-6968-96958;26828;14;6419,38;382,35;920,19;8445,8;Comment 1921
28784;2021-03-16 17:58:49;2021-05-30 15:59:54;2023-04-04 08:43:18;SO23106;97-9859-86247;96616;7;8592,59;63,23;359,71;7615,39;Comment 1922
63192;2022-12-02 16:31:54;2022-07-24 03:45:28;2022-06-01 13:08:50;SO21528;71-9532-69420;69892;31;3048,04;426,22;27,11;11787,04;Comment 1923
36699;2022-09-21 16:53:05;2023-07-27 05:29:46;2023-08-09 03:27:00;SO15251;30-1489-79011;56318;24;7966,32;456,4;566,94;8767,68;Comment 1924
71600;2021-03-24 09:37:20;2020-04-25 14:23:47;2021-12-23 08:15:59;SO46375;40-5683-25279;66637;20;6234,94;153,77;162,3;18996,94;Comment 1925
44335;2021-03-23 16:36:00;2023-07-14 17:56:15;2023-10-25 05:52:31;SO37529;69-8859-80035;62452;42;4495,37;393,68;636,76;9344,35;Comment 1926
79099;2023-11-06 08:59:36;2023-02-25 11:28:49;2021-02-09 07:03:41;SO17056;66-4277-92738;77755;48;2847,01;350,42;616,34;13067,92;Comment 1927
39341;2022-11-08 01:01:52;2023-03-22 09:19:21;2021-09-12 08:23:25;SO78738;22-4444-25264;42612;41;8294,19;224,19;905,2;18276,37;Comment 1928
89885;2023-05-09 03:54:24;2021-05-01 17:39:27;2022-12-16 06:19:40;SO99872;51-7602-22642;29854;10;8459,19;217,2;704,9;2659,03;Comment 1929
44430;2022-09-19 17:50:36;2020-09-26 22:28:03;2023-05-11 13:41:16;SO96218;74-2176-61667;99056;49;384,99;261,66;585,16;4125,37;Comment 1930
12065;2020-02-22 15:56:33;2020-06-30 12:16:24;2023-08-10 14:01:25;SO63464;50-5389-75591;53532;38;111,79;357,67;775,46;6908,12;Comment 1931
82609;2023-03-27 00:19:01;2023-12-17 08:13:23;2022-03-13 00:33:16;SO44726;50-5389-75591;33711;18;4042,64;197,57;982,15;13880,14;Comment 1932
98486;2021-10-25 00:06:01;2021-05-07 19:56:17;2023-05-19 09:06:27;SO54957;40-2409-67736;80213;46;3249,03;263,54;184,99;1058,04;Comment 1933
29001;2022-08-11 21:46:52;2022-07-16 08:07:18;2021-10-30 13:53:45;SO82963;97-9859-86247;23036;10;9981,19;395,6;678,85;17177,8;Comment 1934
17628;2023-02-07 16:42:35;2022-06-03 09:10:20;2023-11-20 22:22:54;SO62739;24-7081-87522;31312;1;6387;395,79;131,89;13323,43;Comment 1935
34954;2023-01-20 03:15:36;2021-05-06 11:14:34;2020-01-22 16:33:16;SO16506;23-8510-71623;15018;38;2226,35;130,46;50,6;15465,05;Comment 1936
71034;2022-01-06 04:52:17;2021-09-15 20:29:12;2021-02-08 14:29:36;SO85670;69-1886-36823;79568;8;6309,14;258,61;484,83;6478,18;Comment 1937
80971;2021-09-05 17:27:48;2020-04-25 23:07:58;2023-07-09 23:50:19;SO18098;78-5267-32468;65989;31;7015,11;137,35;882,01;12519,49;Comment 1938
46916;2021-10-01 14:28:15;2020-02-04 15:58:58;2023-02-23 01:26:44;SO43070;44-6968-96958;26090;32;5984,1;118,13;239,18;18455,37;Comment 1939
75776;2023-06-07 03:12:52;2021-06-17 23:48:51;2022-07-05 01:37:19;SO50561;51-7602-22642;17614;10;1543,99;254,16;171,43;4895,84;Comment 1940
15002;2021-06-24 00:31:52;2020-11-10 13:54:17;2022-05-31 10:01:35;SO39466;40-5683-25279;42671;39;9168,96;464,99;753,19;17711,37;Comment 1941
21286;2021-02-12 23:48:49;2023-07-12 13:55:11;2022-01-19 22:31:37;SO23877;69-1886-36823;49339;2;8061,76;338,55;635,8;6350,93;Comment 1942
39344;2022-05-12 22:44:07;2023-04-23 07:46:40;2020-03-19 12:04:18;SO90247;40-5683-25279;91541;6;4852,19;316,04;138,81;7351,38;Comment 1943
41148;2020-07-13 23:02:06;2020-09-15 02:36:17;2020-10-03 03:22:49;SO86129;29-3530-22517;10988;30;9577,27;142,34;336,4;3788,35;Comment 1944
97397;2020-11-11 19:08:52;2020-03-08 23:15:17;2022-05-21 01:26:57;SO58359;74-3185-84739;66790;1;811,12;334,75;190,61;5432,37;Comment 1945
76364;2021-12-16 17:20:51;2020-12-05 10:44:00;2023-09-06 11:46:44;SO19901;98-8354-24626;70962;42;3079,49;497,09;689,04;457,68;Comment 1946
24685;2022-11-26 04:32:33;2023-09-15 16:01:02;2021-12-12 10:19:29;SO33174;84-8862-18518;78827;16;5941,92;266,81;702,46;18493,04;Comment 1947
75516;2020-12-17 11:59:57;2021-01-14 22:34:41;2020-02-12 04:14:37;SO81136;72-3440-90827;47702;11;3500,13;424,27;786,22;12470,03;Comment 1948
22458;2021-09-05 16:19:38;2022-04-10 04:31:24;2022-06-25 23:43:20;SO27117;73-8844-80299;21134;37;5366,29;135,51;542,94;3062,75;Comment 1949
97964;2021-12-07 23:36:53;2023-05-08 13:59:31;2022-01-09 21:21:16;SO14308;57-9057-83653;21599;39;5897,19;368,35;737,97;11045,5;Comment 1950
80703;2023-08-10 08:56:15;2020-04-08 10:08:27;2023-09-22 07:19:45;SO43986;42-3255-58813;81466;30;5917,65;386,08;388,63;11452,1;Comment 1951
43720;2020-01-22 01:54:58;2021-12-09 10:40:47;2020-03-30 08:22:49;SO50129;76-6173-91169;53455;23;1734,22;341,37;265,53;18220,99;Comment 1952
95053;2021-02-22 05:19:12;2021-06-01 07:05:28;2022-04-11 16:10:45;SO48485;75-3751-62094;31986;25;188,23;421,2;919,88;11448,01;Comment 1953
93139;2022-11-08 04:58:56;2020-03-06 09:10:23;2020-11-07 19:20:54;SO55463;75-7092-97988;57098;20;8175,53;104,06;483,55;13705,56;Comment 1954
34577;2020-01-24 14:33:18;2020-04-13 11:11:11;2023-12-05 18:52:28;SO14572;51-7541-34141;56090;18;8892,55;402,54;842,14;3725,15;Comment 1955
44997;2020-07-29 23:15:28;2022-01-25 05:15:54;2023-02-20 14:28:59;SO40576;22-4444-25264;37247;34;9401,5;168,19;967,98;4024,99;Comment 1956
12147;2022-03-13 05:38:28;2023-10-08 05:06:33;2022-03-19 11:14:11;SO14335;44-6968-96958;15273;17;1765,7;193,71;379,69;18404,52;Comment 1957
78992;2021-10-22 09:48:48;2023-05-03 11:40:30;2023-03-10 16:23:06;SO53184;66-2881-24904;16028;42;4084,32;220,71;712,33;9277;Comment 1958
32231;2022-11-15 03:35:19;2021-07-19 07:08:46;2020-09-07 09:54:22;SO31623;81-3143-56523;38778;6;9550,59;297,83;862,51;6516,4;Comment 1959
49727;2021-10-17 17:32:10;2020-08-20 09:41:51;2021-10-30 11:28:29;SO74880;50-5389-75591;38119;7;3277,9;197,44;238,36;8631,54;Comment 1960
38447;2023-08-19 06:15:17;2022-07-10 06:16:53;2021-03-07 03:54:39;SO75995;97-9859-86247;94695;4;924,79;154,25;678,82;15309,63;Comment 1961
51279;2022-07-10 17:12:00;2020-06-23 02:25:33;2020-10-31 15:26:13;SO65270;48-2823-67639;70458;7;7092,23;305,58;931,1;14232,13;Comment 1962
18245;2023-11-03 14:04:03;2021-03-06 13:43:20;2023-06-02 04:36:41;SO78130;69-8859-80035;90609;31;7827,63;164,1;894,37;1351,35;Comment 1963
87784;2022-03-16 19:33:13;2021-02-08 08:10:22;2021-07-20 15:22:12;SO90544;66-4277-92738;41554;49;620,01;412,07;806,89;5031,31;Comment 1964
71352;2020-05-27 01:10:31;2021-09-04 12:34:36;2021-07-20 00:36:02;SO83798;35-6579-94037;72215;45;5833,44;179,22;903,86;1913,24;Comment 1965
95176;2020-08-17 09:09:27;2022-09-05 05:20:43;2020-01-17 00:02:23;SO67171;57-9057-83653;86200;29;8498,75;304,68;532,18;8815,64;Comment 1966
11219;2020-06-14 00:52:54;2023-07-23 08:19:46;2023-11-25 13:50:42;SO83138;66-4277-92738;85694;8;770,8;295,74;412,51;14079,3;Comment 1967
13330;2021-06-05 23:05:28;2023-05-30 09:19:57;2023-03-29 07:11:37;SO82548;29-3530-22517;59151;17;570,29;98,47;776,22;7211,64;Comment 1968
16511;2022-04-16 20:45:55;2023-07-24 01:12:54;2022-07-05 18:58:38;SO63456;81-3143-56523;69373;24;9225,99;55,46;973,47;6183,47;Comment 1969
11178;2023-01-07 22:50:46;2020-08-15 20:42:24;2022-06-12 00:57:30;SO56480;50-5389-75591;41302;1;8936,58;74,23;267,52;13770,06;Comment 1970
25232;2022-12-24 18:48:17;2020-10-10 07:12:27;2023-12-20 07:17:01;SO30944;60-7449-26711;26769;45;3232,79;382,22;631,3;11465,07;Comment 1971
90857;2020-11-03 05:20:27;2020-02-06 04:08:02;2022-08-14 09:51:12;SO15410;50-5389-75591;20019;27;2746,06;408,98;792,29;10967,92;Comment 1972
36689;2023-01-21 17:51:02;2020-06-02 16:55:06;2020-05-31 18:39:47;SO44342;74-3185-84739;17918;20;4508,66;62,63;358,65;4798,32;Comment 1973
52646;2023-08-29 07:39:17;2023-06-26 10:27:02;2021-06-24 03:34:24;SO70268;66-4277-92738;53403;8;2236,17;407,16;448,65;7512,71;Comment 1974
31037;2021-02-11 21:05:41;2022-12-26 04:17:53;2021-12-12 04:32:49;SO35440;17-6178-77430;80584;11;8483,71;100,55;438,81;14008,54;Comment 1975
53569;2021-02-06 00:18:31;2020-02-13 05:19:45;2020-12-31 19:00:11;SO44447;49-7039-68376;96455;38;5253,77;435,81;255,25;8216,5;Comment 1976
65429;2022-03-31 05:31:23;2022-11-24 12:47:37;2023-08-23 14:50:35;SO91294;69-1886-36823;38549;48;1945,14;360,11;272,27;5262,11;Comment 1977
67826;2020-07-26 03:18:30;2021-04-03 00:04:45;2023-04-06 09:15:15;SO81971;57-9057-83653;54953;5;433,67;235,65;362,72;6320,37;Comment 1978
23024;2022-03-17 09:41:30;2021-09-07 11:00:08;2023-10-02 05:23:16;SO47476;71-9532-69420;86784;48;3165;237,57;704,93;15747,74;Comment 1979
52220;2020-09-30 11:59:59;2022-02-09 09:28:31;2023-04-16 18:31:16;SO72699;74-3185-84739;16481;8;9523,92;240,55;838,29;17610,21;Comment 1980
13151;2023-06-15 05:25:43;2021-03-04 10:55:11;2023-10-28 10:54:12;SO60631;29-3530-22517;82736;28;7844,5;84,94;833,81;7515,54;Comment 1981
16496;2021-12-14 01:16:40;2022-04-01 02:17:41;2020-10-22 01:05:30;SO44985;48-2823-67639;78940;34;1255,06;327,99;936,81;2642,74;Comment 1982
63453;2021-07-24 23:58:03;2021-05-02 01:03:27;2023-08-26 02:02:34;SO55697;16-3417-49054;87777;21;5093,12;41,92;343,2;8685,89;Comment 1983
33249;2020-11-23 19:47:18;2021-03-05 23:01:00;2023-05-09 23:19:29;SO20178;69-8859-80035;44047;34;5749,81;320,16;581,62;12462,93;Comment 1984
31588;2023-08-19 12:29:55;2020-12-16 06:13:51;2021-10-30 23:17:35;SO87230;50-5389-75591;50281;23;7613,34;378,37;500,09;8046,48;Comment 1985
35125;2022-05-27 14:53:24;2021-12-18 09:26:10;2023-02-01 18:36:55;SO88794;60-7449-26711;93626;42;2481,44;41,59;669,41;3990,65;Comment 1986
94092;2022-01-04 16:35:21;2022-09-23 05:24:06;2023-07-13 05:20:39;SO58934;97-9859-86247;76982;37;2024,18;280,15;174,79;1882,77;Comment 1987
77585;2023-05-05 01:32:26;2020-05-23 14:08:37;2020-08-26 15:08:49;SO35414;92-2389-56247;56987;36;6903,99;240,73;177,59;18934,98;Comment 1988
91197;2022-08-27 19:28:59;2020-06-27 01:43:40;2022-07-02 08:48:25;SO39886;83-7954-63932;17483;8;8004,07;298,48;299,54;7761,85;Comment 1989
64890;2020-06-23 01:50:23;2021-11-07 21:32:18;2020-01-17 19:58:23;SO42298;28-4123-84663;88363;5;1246,57;446,07;259,29;7627,34;Comment 1990
71014;2023-03-24 02:11:41;2020-03-15 16:24:33;2022-10-08 13:34:26;SO79033;60-7449-26711;98164;17;3045,64;413,67;216,19;19651,51;Comment 1991
68652;2023-05-29 08:01:38;2022-07-18 14:09:29;2021-02-04 14:33:04;SO18589;40-2409-67736;18689;37;9666,64;415,5;662,99;15890,84;Comment 1992
12156;2021-03-21 13:45:50;2023-10-26 15:43:15;2021-08-27 07:29:50;SO58212;84-8862-18518;86887;45;2008,02;304,83;227,09;11322,35;Comment 1993
32694;2022-06-30 07:57:44;2020-01-29 19:54:53;2021-10-21 15:12:52;SO69512;84-8862-18518;34465;10;8199,46;102,28;549,68;5948,61;Comment 1994
81888;2020-09-14 13:52:25;2020-08-18 08:03:00;2022-05-22 07:54:58;SO10036;74-3185-84739;50773;48;2204,53;121,98;201,84;19069,74;Comment 1995
66149;2021-08-05 18:31:33;2023-08-19 22:04:03;2022-04-03 19:37:26;SO76362;75-3751-62094;38847;39;2198,91;103,84;513,6;8541,75;Comment 1996
20956;2023-03-10 18:33:53;2022-04-25 07:04:20;2020-11-09 21:33:34;SO46707;28-4123-84663;50411;33;4905,64;222,1;621,78;15144,37;Comment 1997
11402;2022-08-14 09:13:15;2022-12-04 13:30:13;2020-12-31 18:57:52;SO11283;23-8779-93758;62358;7;2879,89;459,82;134,71;1987,22;Comment 1998
60971;2020-01-15 22:02:51;2021-03-16 10:24:18;2021-10-23 18:09:50;SO36981;86-5535-57031;62755;22;1706,9;421,67;933,58;14025,85;Comment 1999
21350;2020-01-12 06:45:12;2021-06-09 22:04:48;2022-11-23 19:12:01;SO16947;72-3440-90827;71300;42;4747,66;175,36;439,61;2394,9;Comment 2000
51167;2023-06-20 20:10:04;2023-04-01 15:45:54;2022-11-11 23:11:13;SO39451;30-1489-79011;19458;50;9924,01;432,29;671,84;16114,47;Comment 2001
55535;2021-03-15 06:20:53;2020-08-15 05:16:30;2022-07-22 22:22:20;SO39490;74-3185-84739;46800;31;9314,55;188,28;334,04;15916,85;Comment 2002
97853;2021-09-04 11:39:13;2020-09-03 21:49:17;2022-01-15 01:05:26;SO86445;78-5267-32468;83360;39;3455,35;319,34;115,4;12160,97;Comment 2003
42277;2020-09-03 06:58:47;2021-01-17 05:10:18;2022-11-09 08:42:42;SO58548;23-8510-71623;72345;30;7907,88;373,44;131,58;13074,27;Comment 2004
17630;2020-04-06 05:10:43;2021-06-09 19:58:56;2020-03-16 03:14:16;SO44773;49-7039-68376;16952;18;3113,01;394,16;958,1;16597,72;Comment 2005
25233;2022-12-28 10:37:14;2023-09-29 07:59:42;2023-09-05 13:27:48;SO18902;73-8844-80299;43283;31;7592,49;11,94;784,86;6905,07;Comment 2006
64449;2020-06-19 13:39:46;2021-03-24 15:12:00;2022-03-22 20:11:47;SO64686;30-1489-79011;91832;31;9895,99;217,4;608,48;8629,78;Comment 2007
10978;2021-04-13 20:05:37;2020-06-07 08:31:18;2021-09-25 01:03:11;SO84872;96-7105-64379;53601;50;3245,42;453,44;353,78;19270,42;Comment 2008
80815;2023-12-16 02:01:03;2022-03-24 08:46:36;2020-09-10 22:52:50;SO17168;23-8779-93758;63927;49;4047,37;334,65;332,82;18327,89;Comment 2009
75634;2023-08-05 18:52:43;2022-05-06 00:12:02;2020-08-30 22:09:26;SO59133;53-9319-74957;71812;15;8792,77;472,77;578,85;5201,18;Comment 2010
49667;2023-06-04 08:02:23;2023-09-10 12:36:07;2023-06-13 20:19:48;SO17368;53-9319-74957;26727;2;3665,21;415,54;233,13;18185,15;Comment 2011
94033;2021-06-21 08:16:56;2020-03-15 06:02:58;2021-10-24 22:12:34;SO53816;71-9532-69420;13742;27;7969,81;389,88;232,19;12392,52;Comment 2012
80020;2021-01-18 23:44:36;2021-09-11 20:09:33;2022-10-20 08:57:30;SO32826;75-3751-62094;63552;47;126,88;304,9;599,3;12279,24;Comment 2013
87897;2021-07-13 16:22:22;2021-08-12 07:32:28;2022-06-29 16:10:44;SO20212;28-6393-31125;53076;40;5960,5;347,92;135,38;10266,89;Comment 2014
34400;2021-01-25 17:32:50;2023-01-17 03:33:41;2021-03-19 21:52:33;SO81566;92-2389-56247;76666;29;6470,11;264,61;139,06;5132,93;Comment 2015
49806;2023-03-10 17:43:45;2023-12-09 21:56:02;2020-09-07 19:29:45;SO25807;44-6968-96958;72801;29;2992,68;106,83;81,11;3390,24;Comment 2016
48758;2021-02-03 09:14:38;2021-05-31 08:54:59;2023-09-07 00:41:43;SO12273;30-1489-79011;56517;3;2113,99;435,25;859,83;19611,55;Comment 2017
32458;2023-07-04 05:07:46;2023-03-05 07:22:12;2020-10-20 00:36:52;SO93171;24-7081-87522;75027;46;3378,44;373,1;960,96;4496,38;Comment 2018
54850;2021-12-23 20:19:07;2020-04-06 21:52:32;2021-02-18 09:02:13;SO64107;97-9859-86247;30041;18;2734,66;377,41;830,96;6194,59;Comment 2019
66809;2021-09-30 07:46:58;2021-03-01 23:16:35;2020-01-14 08:29:33;SO41254;69-1886-36823;52529;40;6004,82;258,71;959,2;1224,41;Comment 2020
32109;2021-06-17 08:49:12;2021-11-30 15:32:28;2022-09-28 23:38:07;SO19982;84-7460-34357;21846;26;9108,03;294,99;941,03;9535,29;Comment 2021
60623;2022-11-26 11:44:51;2022-05-07 14:37:02;2022-12-16 03:40:00;SO39833;29-3530-22517;75111;16;6009,65;115,59;118,24;19803,92;Comment 2022
76144;2022-04-30 04:43:42;2021-01-23 00:41:35;2021-12-30 06:08:12;SO59790;40-2409-67736;79719;32;3116,81;44,21;470,19;15723,29;Comment 2023
73676;2023-03-09 16:51:14;2022-11-07 04:44:54;2020-04-07 15:19:38;SO87771;69-8859-80035;59049;37;307,88;239,05;465,08;5258,83;Comment 2024
27175;2023-05-13 21:08:30;2020-07-22 05:23:49;2023-03-06 10:11:35;SO91579;60-7449-26711;97390;4;6383,95;203,92;653,18;14310,69;Comment 2025
82216;2021-01-21 15:09:43;2022-03-05 02:05:42;2022-10-08 15:47:28;SO74894;49-7039-68376;34928;26;1389,86;290,25;341,22;5642,05;Comment 2026
94501;2023-06-24 13:46:46;2022-09-08 21:35:26;2020-12-07 23:09:06;SO71711;83-7954-63932;86046;19;729,88;217,23;126,68;14987,81;Comment 2027
91736;2021-04-17 02:37:11;2021-04-12 00:35:11;2021-07-16 06:17:02;SO44003;24-7081-87522;60265;22;3247,23;309,07;66,8;4244,32;Comment 2028
26539;2022-04-13 01:10:32;2021-02-04 07:05:01;2022-05-23 16:14:46;SO26349;66-4277-92738;60812;47;7964,87;62,3;583,58;12017,12;Comment 2029
16004;2021-07-14 15:28:09;2021-03-28 14:11:08;2022-01-04 01:33:32;SO78022;85-4116-52037;82613;23;9660,83;79,57;273,51;15428,55;Comment 2030
10620;2021-04-15 22:38:14;2022-08-05 23:41:58;2022-06-29 03:16:56;SO56779;30-1489-79011;59313;45;6297,83;186,84;337,16;9108,3;Comment 2031
43444;2023-05-04 03:19:49;2021-05-12 13:41:11;2022-07-07 02:03:52;SO60322;75-7092-97988;86326;26;7893,27;213,06;873,51;19618,43;Comment 2032
23683;2022-07-26 08:36:07;2023-05-10 19:36:59;2022-10-15 06:26:23;SO72326;30-1489-79011;49872;46;9878,64;371,26;63,27;7216,54;Comment 2033
56200;2023-11-03 15:44:46;2021-02-12 17:51:17;2023-10-30 09:38:41;SO30621;23-8779-93758;40898;7;6296,35;204,11;584,58;16893,08;Comment 2034
31985;2023-01-17 15:22:05;2023-07-16 20:47:25;2022-05-01 04:45:50;SO12150;42-3255-58813;34359;40;8893,23;499,07;545,13;13465,97;Comment 2035
20960;2022-07-04 07:01:06;2023-07-31 21:53:01;2023-12-10 10:37:22;SO65056;30-1489-79011;29895;27;3241,63;98,96;126,65;6488,01;Comment 2036
24591;2020-05-06 17:29:48;2022-01-21 23:55:46;2021-09-10 14:17:18;SO79312;75-7092-97988;56870;11;6800,15;471,74;674,4;8964,37;Comment 2037
45340;2020-10-24 22:18:56;2022-01-21 16:11:54;2022-12-26 11:50:17;SO48861;75-7092-97988;26475;36;2954,7;460,94;221,58;19356,7;Comment 2038
47288;2020-03-22 19:15:01;2020-09-26 18:54:30;2020-06-22 17:56:52;SO33738;29-3530-22517;47829;30;9494,85;91,12;640,42;12611,39;Comment 2039
58410;2023-04-05 20:23:01;2020-07-25 04:16:07;2021-02-02 00:12:35;SO77990;48-2823-67639;31449;19;1900,73;414,99;859,46;5739,67;Comment 2040
67605;2022-12-14 05:07:44;2021-07-25 13:23:38;2021-09-18 13:39:02;SO35063;50-5389-75591;59620;23;9497,9;32,41;168,75;14442,88;Comment 2041
91809;2020-06-02 03:02:55;2021-12-01 20:02:05;2021-04-22 21:20:42;SO45966;61-5244-70735;72792;45;6808,03;415,33;291,52;16672,93;Comment 2042
30481;2023-03-20 21:21:24;2022-06-16 03:42:44;2020-07-27 21:13:40;SO64601;29-3530-22517;80619;19;822,73;290,66;102,32;14830,77;Comment 2043
28572;2021-03-27 05:13:16;2023-08-02 23:20:16;2023-07-21 15:41:38;SO72272;92-2389-56247;21973;12;5104,23;416,49;166,54;5963,07;Comment 2044
18763;2021-10-08 08:16:52;2021-12-10 08:36:51;2023-05-11 12:50:56;SO21221;51-7602-22642;79514;2;7841,44;349,77;808,31;16724,76;Comment 2045
36534;2023-04-24 08:42:11;2022-12-22 02:26:08;2020-01-18 21:11:57;SO48213;17-6178-77430;84395;24;773,69;327,55;342,51;3575,25;Comment 2046
37031;2020-03-02 05:25:43;2022-07-08 19:44:42;2020-09-07 14:31:45;SO36349;78-5514-83427;78927;31;6692,08;27,44;87,48;15213,87;Comment 2047
21594;2021-03-11 20:56:32;2023-07-20 16:08:39;2023-01-09 00:39:36;SO20208;23-8779-93758;37253;25;402,5;470,54;479,57;5209,54;Comment 2048
47090;2023-02-10 21:38:19;2021-06-27 04:34:01;2021-01-12 03:34:15;SO24231;49-7039-68376;80616;12;495,73;306,16;774,5;17044,2;Comment 2049
22994;2022-06-02 21:41:08;2022-02-28 14:06:05;2023-09-22 13:55:13;SO80222;72-3440-90827;65054;32;7362,56;203,37;884,94;448,38;Comment 2050
55655;2020-06-20 18:26:17;2022-12-16 18:08:49;2021-12-17 10:10:00;SO49574;17-6178-77430;68538;26;3066,97;485,14;904,14;11529,47;Comment 2051
21734;2021-01-24 10:40:14;2020-03-01 07:44:57;2021-04-29 23:21:20;SO70278;84-8862-18518;35127;19;1813,84;393,07;468,68;563,54;Comment 2052
63268;2020-09-16 11:37:01;2020-01-06 05:09:41;2021-05-25 18:50:23;SO41989;75-3751-62094;93589;38;2615,73;494,18;267,16;9659,44;Comment 2053
89204;2022-04-27 12:27:09;2021-01-05 10:03:28;2022-10-07 05:47:13;SO69640;78-5514-83427;24007;49;2198,72;291,97;106,84;12265,2;Comment 2054
99675;2023-12-09 03:04:53;2022-05-25 14:09:48;2023-02-07 04:53:45;SO30263;69-8859-80035;73116;24;9209,2;116,16;702,01;6388,1;Comment 2055
14244;2023-04-09 16:50:25;2020-02-29 11:05:19;2020-07-11 02:44:55;SO78426;78-5514-83427;49777;43;2502,29;381,8;185,08;6643,41;Comment 2056
67857;2022-05-28 21:45:54;2021-10-29 04:27:41;2022-11-11 21:42:32;SO29236;84-7460-34357;37221;38;1419,87;16,04;812,4;17464,63;Comment 2057
31169;2020-08-02 10:54:09;2023-06-22 06:03:45;2022-04-25 12:59:10;SO66659;84-7460-34357;79718;5;8648,23;84,02;757,14;13923,21;Comment 2058
47312;2020-05-27 11:26:28;2021-01-29 11:38:42;2023-12-15 10:19:01;SO31228;44-6968-96958;45183;43;9364,67;381,93;17,54;13845,09;Comment 2059
60969;2023-06-08 10:16:31;2022-01-03 02:27:03;2021-04-10 10:21:48;SO82501;53-9319-74957;28674;24;6425,63;329,64;82,29;1760,35;Comment 2060
62474;2022-01-20 23:37:27;2020-01-12 03:40:41;2021-08-06 20:53:49;SO51089;92-2389-56247;70589;11;2506,1;222,36;65,6;3163,49;Comment 2061
43056;2023-07-15 12:18:43;2020-09-09 05:32:55;2022-10-13 09:13:00;SO13822;81-3143-56523;14076;22;3210,5;372,79;951,22;14738,26;Comment 2062
16661;2020-08-18 10:04:38;2020-09-02 04:11:07;2020-03-07 19:15:10;SO40042;81-3143-56523;35126;42;6476,68;383,18;745,14;16672,53;Comment 2063
99271;2023-07-27 08:26:24;2022-01-07 10:28:02;2023-06-10 05:08:48;SO24973;28-6393-31125;71225;24;7447,62;194,56;7,82;668,77;Comment 2064
79472;2022-10-19 11:02:50;2023-08-07 08:21:53;2021-07-30 18:56:12;SO22647;76-6173-91169;22439;2;6328,28;357,16;709,89;5425,86;Comment 2065
45572;2022-05-19 22:22:14;2021-04-23 07:39:17;2021-06-14 01:10:00;SO72680;40-2409-67736;31499;1;605,05;264,16;365,77;2525,74;Comment 2066
58915;2023-01-20 06:47:48;2023-05-26 19:00:00;2021-07-08 00:32:58;SO80903;51-7602-22642;15962;13;9410,88;143,79;656,45;10581,71;Comment 2067
96973;2021-05-02 08:18:11;2023-09-23 16:33:09;2023-07-11 06:55:31;SO94790;66-4277-92738;40820;12;5015,23;28,08;806,46;12872,32;Comment 2068
25259;2022-01-04 11:33:08;2022-06-10 16:21:28;2020-07-09 20:39:11;SO79859;53-9319-74957;88938;40;1313,47;448,52;579,59;495,42;Comment 2069
87547;2020-07-13 21:42:07;2022-04-22 23:23:02;2022-03-17 01:21:29;SO64966;71-9532-69420;21452;35;937,31;357,02;440,31;9421,62;Comment 2070
60893;2022-07-10 16:56:41;2022-12-15 12:05:00;2020-06-04 17:51:01;SO44860;84-7460-34357;86008;46;2088,38;213,57;549,03;16188,25;Comment 2071
60937;2020-09-06 07:14:14;2021-02-15 08:09:51;2021-01-24 22:51:52;SO31824;92-2389-56247;47654;19;2934,99;160,53;296,76;19140,62;Comment 2072
60209;2022-11-14 00:37:13;2022-08-27 12:16:32;2022-09-10 05:26:11;SO47636;61-5244-70735;61630;48;7285,19;155,57;924,49;15638,86;Comment 2073
80819;2022-02-16 23:01:50;2023-02-02 03:05:21;2021-06-10 04:12:29;SO15572;63-4608-21366;94370;10;6541,44;51,12;326,49;1924,39;Comment 2074
39815;2020-01-17 12:23:01;2023-09-01 12:44:30;2022-08-29 13:10:23;SO63974;30-1489-79011;87424;34;2856,9;366,54;118,01;10665,32;Comment 2075
38469;2020-04-20 16:56:58;2020-03-12 22:42:13;2023-03-24 14:25:33;SO62440;23-8510-71623;96920;45;1315,55;495,39;362,1;7281,87;Comment 2076
80195;2023-09-18 13:09:52;2022-09-24 21:29:51;2023-08-13 22:26:00;SO94069;74-2176-61667;27802;33;3146,9;279,79;193,87;458,29;Comment 2077
59766;2023-09-11 07:48:32;2023-09-28 21:05:12;2023-02-12 04:53:59;SO91391;74-2176-61667;77404;48;4711,14;231,78;891,12;18469,92;Comment 2078
80015;2020-08-26 01:57:04;2020-01-07 17:16:13;2022-07-10 22:43:15;SO51127;29-3530-22517;30393;6;2251,96;52,37;908,81;19270,61;Comment 2079
10489;2023-07-04 11:27:05;2020-01-08 18:39:36;2023-03-15 11:50:20;SO92221;42-3255-58813;34581;45;1868,19;314,67;993,9;1108,61;Comment 2080
28277;2021-03-29 19:20:27;2022-12-16 03:54:38;2021-04-02 14:52:24;SO59548;72-3440-90827;43920;42;9349,14;397,57;340,42;5924,92;Comment 2081
98181;2021-09-03 14:46:34;2022-11-15 18:16:49;2023-07-26 20:04:08;SO10677;51-7602-22642;18639;30;1475,55;254,71;115,24;2330,25;Comment 2082
45684;2020-12-11 03:18:02;2023-05-03 16:56:04;2022-08-25 20:06:32;SO24400;63-4608-21366;79448;19;887,12;367,35;131,74;11512,6;Comment 2083
40933;2023-11-20 09:44:20;2022-11-14 11:10:10;2020-09-24 21:08:01;SO91875;22-4444-25264;50523;38;496,63;346,62;152,94;19823,85;Comment 2084
50064;2021-06-04 18:39:07;2020-02-17 12:03:00;2021-08-08 19:45:27;SO64299;66-2881-24904;73133;39;6540,1;224,68;771,34;15004,06;Comment 2085
52457;2023-01-21 00:08:52;2022-06-05 21:41:43;2023-11-28 12:29:55;SO78424;83-7954-63932;44017;47;399,26;379,1;782,77;14914,28;Comment 2086
50037;2020-12-13 19:13:29;2022-10-19 00:38:55;2022-03-27 17:28:42;SO50462;75-7092-97988;72208;50;4640,47;27,12;463,89;6941,93;Comment 2087
97077;2021-03-09 23:15:22;2020-08-06 19:06:35;2022-09-10 02:30:11;SO35826;69-1886-36823;63474;34;6978,6;499,44;930,28;3734,5;Comment 2088
15413;2020-06-25 14:14:00;2023-04-23 03:03:07;2020-05-23 11:43:17;SO31363;75-3751-62094;22601;40;8110,39;290,18;234,21;1696,43;Comment 2089
27190;2022-03-20 12:10:20;2020-10-22 03:17:03;2022-05-23 15:19:36;SO51705;85-4116-52037;35656;1;2615,86;382,59;844,03;9024,77;Comment 2090
72352;2022-11-18 00:49:28;2022-04-08 14:54:19;2022-11-10 18:25:47;SO75967;74-2176-61667;25579;13;6563,79;68,79;787,08;16191,05;Comment 2091
56413;2023-05-29 19:53:34;2022-01-04 05:22:20;2023-08-24 07:57:28;SO63407;84-7460-34357;12787;46;5088,73;128,37;874,06;1537,71;Comment 2092
10000;2021-12-30 09:43:00;2021-11-15 12:57:49;2022-02-28 23:27:49;SO94868;57-9057-83653;44342;38;8692,5;18,46;387,3;176,57;Comment 2093
79247;2021-06-04 21:35:07;2023-06-21 10:17:58;2023-12-05 23:30:55;SO34868;84-8862-18518;57690;19;3196,26;345,29;592,58;11774,46;Comment 2094
30354;2021-09-20 19:13:56;2020-08-09 17:47:57;2023-12-10 21:49:36;SO69000;28-4123-84663;49404;11;9815,39;235,69;321,86;10305,76;Comment 2095
14731;2020-02-06 00:27:01;2021-01-21 18:25:09;2022-08-06 04:08:38;SO10636;17-6178-77430;12572;37;5650,94;151,77;148,04;8502,41;Comment 2096
17335;2021-11-14 16:38:50;2023-07-08 19:07:54;2021-02-19 06:59:55;SO23879;92-2389-56247;53357;22;8866,69;79,86;952,62;5536,74;Comment 2097
12566;2020-10-05 04:55:35;2021-11-10 16:27:41;2020-09-01 09:46:26;SO85134;48-2823-67639;66945;22;8259,41;474,94;397,45;16533,91;Comment 2098
58076;2021-08-17 12:57:50;2022-11-01 14:41:34;2022-08-14 18:11:38;SO43316;33-1973-80101;99143;45;6578,02;181,36;471,92;16947,54;Comment 2099
74541;2023-10-07 07:21:27;2020-06-03 21:02:08;2022-12-30 16:06:11;SO10793;53-9319-74957;34327;6;2116,29;372,33;401,82;13335,07;Comment 2100
26773;2022-05-14 07:24:36;2022-06-22 06:42:38;2020-12-09 21:47:41;SO88398;28-4123-84663;63593;38;635;255,82;766,59;13105,16;Comment 2101
94919;2023-06-30 05:44:52;2020-09-03 00:56:00;2023-04-14 00:47:30;SO46787;16-3417-49054;70289;1;5440,94;329,99;37,35;3735,09;Comment 2102
91881;2023-09-07 05:44:31;2020-03-14 23:35:10;2021-11-13 02:44:20;SO18059;30-1489-79011;31588;30;6250,78;318,98;756,83;929,05;Comment 2103
86952;2021-02-28 11:28:46;2023-02-26 15:09:21;2021-12-12 18:18:38;SO44023;16-3417-49054;47403;37;141,2;352;377,72;16132,77;Comment 2104
36308;2021-09-13 14:29:34;2020-04-14 18:09:59;2023-05-21 07:28:23;SO54273;92-2389-56247;42785;10;6610,81;429,32;398,96;10007,82;Comment 2105
39971;2023-12-06 13:00:05;2020-08-03 06:50:56;2021-09-03 05:46:31;SO39136;69-8859-80035;53841;8;8630,42;116,68;32,74;13961,32;Comment 2106
65073;2021-05-15 14:16:56;2023-07-16 04:46:37;2021-08-10 09:46:22;SO89783;78-5514-83427;22968;7;7489,06;245,17;180,64;13415,26;Comment 2107
79795;2022-10-25 07:59:32;2023-12-03 02:49:12;2022-07-10 20:10:38;SO55328;76-6173-91169;69274;20;1060,16;419,01;242,89;8962,59;Comment 2108
44561;2020-06-27 14:29:22;2020-06-29 18:10:27;2022-09-29 21:09:21;SO18054;76-6173-91169;12750;50;401,91;120,47;354,66;10049,96;Comment 2109
39173;2023-01-09 03:33:54;2023-03-20 13:22:17;2023-07-12 16:53:24;SO70155;63-4608-21366;78912;29;5168,63;338,6;716,85;7028,83;Comment 2110
53150;2020-06-29 19:18:29;2022-10-14 10:35:50;2020-12-10 05:17:22;SO80485;33-1973-80101;40713;39;3269,72;249,56;137,94;3788,55;Comment 2111
63407;2022-05-10 15:53:28;2021-10-02 07:51:54;2020-10-03 06:16:58;SO83107;92-2389-56247;57199;10;1819,6;260,42;671,91;17432,72;Comment 2112
59090;2023-08-17 11:53:42;2022-11-29 18:26:16;2021-05-14 06:46:21;SO41196;69-8859-80035;96107;20;2467,62;89,63;712,11;11694,75;Comment 2113
28354;2020-09-30 13:48:22;2022-05-07 17:02:13;2022-06-20 01:09:22;SO33568;23-8510-71623;75283;26;5763;30,41;690,76;2413,01;Comment 2114
97067;2022-05-20 21:29:35;2022-08-01 03:10:25;2022-10-27 11:38:35;SO50304;71-9532-69420;16987;21;3648,77;343,44;567,96;8216,3;Comment 2115
77596;2023-05-20 12:24:08;2023-12-13 05:10:40;2022-05-31 23:58:17;SO42420;44-6968-96958;82107;10;1599,01;399,7;827,66;16182,25;Comment 2116
40067;2020-08-26 01:44:44;2020-04-30 03:18:14;2020-11-22 07:34:42;SO25862;44-6968-96958;91642;18;1804,56;223;62,01;8631,95;Comment 2117
67208;2022-09-23 14:56:41;2020-02-28 00:28:08;2021-04-05 05:12:42;SO55639;69-8859-80035;56735;17;676,91;186,36;721,42;6378,77;Comment 2118
17175;2023-05-25 10:30:19;2020-02-02 08:51:29;2020-10-20 18:52:34;SO26238;69-8859-80035;44355;7;6078,56;439,19;460,61;9339,78;Comment 2119
22997;2022-12-30 21:48:59;2022-06-14 21:07:04;2022-05-07 21:02:54;SO21101;78-5267-32468;80905;27;7267,65;380,07;334,49;11510,7;Comment 2120
24164;2020-06-27 21:05:06;2023-02-11 17:44:17;2023-05-15 04:02:59;SO60148;48-2823-67639;38197;35;9533,21;348,98;808,23;4188,48;Comment 2121
95560;2022-04-27 05:14:11;2020-06-04 11:10:14;2022-12-13 12:14:47;SO88219;50-5389-75591;69597;44;133,16;396;156,8;6482,95;Comment 2122
81801;2023-05-20 08:14:37;2023-11-22 14:34:43;2023-09-30 01:07:37;SO24065;69-1886-36823;72861;19;8863,76;200,41;740,3;18716,59;Comment 2123
90574;2020-02-02 10:50:56;2020-06-23 23:11:55;2020-05-28 00:49:51;SO35643;78-5514-83427;21442;2;2901,83;215,69;900,04;7529,4;Comment 2124
53386;2021-03-28 19:17:26;2022-09-21 08:56:25;2020-11-07 16:13:40;SO62131;69-8859-80035;12701;25;197,34;366,33;940,47;6891,66;Comment 2125
82448;2020-09-28 08:26:27;2022-12-29 11:50:37;2021-06-23 15:08:55;SO41793;24-7081-87522;32966;6;8961,76;54,69;719,07;19281,18;Comment 2126
38030;2021-02-11 11:39:29;2022-04-03 16:49:05;2023-03-10 05:43:34;SO22792;66-2881-24904;23929;8;273,14;215,99;680,84;4000,37;Comment 2127
86915;2022-03-03 06:00:23;2020-04-13 03:16:18;2021-08-02 10:01:27;SO76342;75-7092-97988;39523;22;5519,81;460,95;848,73;9206,13;Comment 2128
63752;2023-07-04 06:59:28;2020-03-01 21:43:49;2022-10-20 00:13:08;SO65697;69-1886-36823;21268;45;9119,24;152,82;419,65;11553,38;Comment 2129
54048;2023-01-02 23:03:20;2022-05-28 17:51:07;2022-05-26 22:57:24;SO10963;57-9057-83653;17874;8;4634,47;277,85;371,68;208,95;Comment 2130
43378;2022-07-24 05:05:37;2023-06-07 04:39:32;2023-06-07 09:47:22;SO95328;16-3417-49054;44768;31;1291,47;438,62;549,91;3424,48;Comment 2131
42746;2020-12-13 08:11:04;2023-06-08 10:35:35;2021-11-17 23:46:45;SO68406;23-8510-71623;94372;41;3331,19;49,76;386,17;4758,08;Comment 2132
36591;2023-03-21 19:28:18;2020-02-12 16:04:34;2023-05-03 14:49:45;SO69486;40-2409-67736;58856;18;2770,11;72,19;795,79;19721,9;Comment 2133
31764;2022-07-03 04:56:36;2021-07-09 02:23:10;2020-08-18 05:08:25;SO58980;42-3255-58813;62481;42;4574,98;173,23;297,42;3738,37;Comment 2134
43109;2020-08-10 12:27:03;2021-07-19 11:30:53;2021-07-05 20:05:25;SO95464;69-8859-80035;67368;23;6272;220,07;483,82;17019,22;Comment 2135
24852;2023-11-16 09:37:48;2023-12-17 12:47:59;2020-10-08 22:48:50;SO87470;66-2881-24904;46943;19;1993,2;338,05;755,07;13877,56;Comment 2136
20128;2020-04-19 00:59:49;2023-11-28 13:57:17;2022-07-08 12:23:40;SO33547;83-7954-63932;89453;17;9321,94;387,83;541,52;1933,24;Comment 2137
44609;2021-06-14 06:46:52;2021-05-11 07:29:32;2021-08-24 06:00:46;SO79584;71-9532-69420;12744;29;8705,74;176,25;593,03;11770,9;Comment 2138
40183;2023-02-21 22:03:45;2021-11-25 03:34:50;2021-04-06 20:26:44;SO93773;49-7039-68376;79245;46;9311,02;404,93;842,73;13400,33;Comment 2139
49861;2020-07-03 11:32:40;2023-07-28 21:52:49;2020-02-06 15:50:34;SO45686;35-6579-94037;33050;2;9689,51;29,7;447,45;11273,74;Comment 2140
27840;2021-04-09 06:22:12;2023-07-14 07:31:22;2021-04-14 13:25:26;SO42884;85-4116-52037;37023;8;6890,12;248,67;257,13;14822,54;Comment 2141
22393;2021-04-21 17:54:32;2022-02-21 20:02:00;2020-09-11 10:48:10;SO38817;17-6178-77430;76806;10;707,81;116,62;800,34;9638,71;Comment 2142
14068;2023-08-30 10:52:24;2022-01-17 04:38:22;2020-11-07 15:36:34;SO88581;51-7602-22642;47098;20;2269,18;383,53;422,11;10698,46;Comment 2143
22037;2022-06-23 08:02:50;2021-01-18 22:58:38;2022-03-30 07:09:28;SO69065;16-3417-49054;25154;41;5513,59;277,45;823,53;16399,32;Comment 2144
83589;2023-06-21 06:33:17;2021-02-26 23:38:09;2022-06-06 17:58:29;SO78436;57-9057-83653;22886;2;8989,95;19,28;994,46;8687,56;Comment 2145
47888;2020-09-09 23:02:08;2023-03-28 14:31:05;2021-04-15 21:27:29;SO55714;51-7541-34141;54921;23;1007,74;463,71;469,61;1299,69;Comment 2146
11451;2022-10-08 01:36:38;2022-03-12 07:54:14;2022-12-02 14:12:03;SO50368;74-3185-84739;89642;27;7068,68;350,39;704,17;4509,2;Comment 2147
98957;2020-01-29 20:59:12;2021-01-10 12:33:56;2020-06-03 14:36:29;SO26256;44-6968-96958;16912;2;3510,03;208,28;583,86;2308,52;Comment 2148
71751;2021-05-20 08:29:19;2023-03-15 03:57:23;2022-10-19 01:50:13;SO76011;51-7541-34141;68811;6;1079,45;296,99;408,26;2286,51;Comment 2149
18689;2022-01-15 04:58:06;2020-07-05 10:22:10;2023-01-16 05:55:22;SO23195;86-5535-57031;98812;30;874,23;489,43;134,5;7045,04;Comment 2150
92462;2023-12-05 22:00:44;2022-11-14 17:07:41;2020-03-02 09:23:23;SO38390;97-9859-86247;18507;32;9233,08;319,48;662,24;6978,11;Comment 2151
85872;2023-09-16 03:20:49;2022-11-04 12:41:28;2020-03-14 02:29:09;SO78539;49-7039-68376;42374;39;2116,96;280,7;499,41;3383;Comment 2152
32366;2020-09-01 06:11:26;2022-08-01 14:19:05;2021-04-02 03:58:26;SO34404;78-5267-32468;55779;10;2121,11;489,33;21,14;4077,56;Comment 2153
35157;2020-10-16 08:43:10;2022-12-03 09:45:45;2020-06-05 08:52:59;SO21079;96-7105-64379;52064;35;4402,54;405,79;490,93;13987,04;Comment 2154
97260;2020-06-02 05:04:00;2023-07-05 17:11:54;2021-02-23 14:01:10;SO84751;40-2409-67736;43567;19;530,03;406,41;361,92;5655,24;Comment 2155
35796;2020-05-11 06:17:38;2020-08-15 06:55:06;2022-06-15 14:09:04;SO49979;75-7092-97988;16270;43;1193,24;162,28;350,59;1792,33;Comment 2156
78774;2020-03-18 14:44:08;2021-08-24 10:32:41;2022-03-21 14:21:57;SO49092;98-8354-24626;81608;15;6833,7;74,66;47,86;8693,73;Comment 2157
94888;2020-02-14 02:56:50;2021-09-11 07:41:04;2020-03-02 02:16:45;SO73856;50-5389-75591;39971;30;890,8;489,83;634,36;9760,76;Comment 2158
41554;2020-01-15 23:57:30;2023-06-02 19:37:44;2023-05-31 17:31:51;SO70796;40-5683-25279;28145;42;8845,27;241,43;595,28;17654,71;Comment 2159
22242;2021-10-15 15:39:35;2022-01-20 03:36:11;2021-09-04 02:40:03;SO37636;28-6393-31125;26845;3;822,58;94,94;483,47;7301,52;Comment 2160
22037;2023-06-28 03:34:20;2020-04-06 23:52:41;2020-11-27 23:39:13;SO30599;84-7460-34357;20852;10;6013,27;316,34;337,98;220,41;Comment 2161
96525;2023-12-03 20:46:47;2021-06-15 13:32:23;2022-06-23 01:59:53;SO89819;92-2389-56247;17046;29;6277,96;414,54;803,67;7365,11;Comment 2162
34078;2021-02-11 19:06:35;2022-09-22 14:58:37;2022-05-23 17:19:41;SO56952;50-5389-75591;70092;27;3122,58;484,84;344,33;14076,76;Comment 2163
31698;2023-02-22 08:35:08;2023-09-04 22:23:16;2022-07-15 17:47:31;SO43249;71-9532-69420;48237;25;1802,89;453,62;651,49;19043,66;Comment 2164
29648;2020-10-25 13:53:38;2023-12-22 03:13:10;2020-06-24 17:49:27;SO59886;92-2389-56247;29567;12;2350,11;216,6;815,15;7990,61;Comment 2165
70884;2022-04-27 12:36:36;2020-06-08 07:28:29;2023-10-15 12:11:33;SO83827;84-8862-18518;26731;9;9121,39;62,93;421,52;8342,23;Comment 2166
53860;2021-10-12 22:40:19;2023-09-17 10:10:25;2023-09-19 05:53:25;SO53722;74-3185-84739;12171;27;6161,77;147,04;610,69;6568,07;Comment 2167
20748;2022-05-12 22:24:33;2020-11-24 10:16:38;2020-12-13 10:32:28;SO30883;61-5244-70735;39638;45;5992,01;193,76;427,29;13354,93;Comment 2168
98880;2020-04-10 10:13:54;2023-05-20 05:43:53;2022-03-08 07:42:35;SO35251;30-1489-79011;26543;2;9409,16;251,33;778,3;5915,8;Comment 2169
10526;2023-01-26 19:25:11;2020-04-28 01:29:05;2020-05-17 01:01:47;SO27346;92-2389-56247;77093;29;7668,76;213,1;956,93;16175,89;Comment 2170
95036;2020-12-31 21:48:24;2023-08-19 22:36:28;2020-04-08 08:18:56;SO39398;30-1489-79011;96853;50;2817,58;407,07;433,09;359,92;Comment 2171
22274;2021-03-12 21:47:16;2023-09-28 13:21:20;2021-06-13 17:01:15;SO14666;33-1973-80101;67457;15;7476,03;198,27;285,42;9031,58;Comment 2172
67874;2020-04-24 14:23:38;2021-10-28 17:16:47;2020-12-03 05:37:18;SO53493;98-8354-24626;78674;45;5446,53;341,99;762,17;12804,9;Comment 2173
70297;2023-08-19 16:00:05;2022-11-30 12:47:45;2020-08-11 09:11:41;SO60401;69-1886-36823;34424;8;2454,9;216,59;475,56;19794,98;Comment 2174
36846;2021-04-26 11:09:50;2023-08-06 18:13:24;2020-04-19 20:21:59;SO66050;61-5244-70735;99323;43;2638,58;379,27;917,82;3487,39;Comment 2175
44002;2023-05-29 02:54:58;2023-06-29 04:36:10;2022-07-24 06:01:36;SO26683;40-2409-67736;32620;14;9321,95;136,3;76,44;14864,3;Comment 2176
24174;2021-11-21 12:14:35;2020-10-05 05:07:56;2021-07-05 06:58:23;SO36248;44-6968-96958;31085;49;6498,55;300,34;315,69;10007,87;Comment 2177
18111;2021-05-29 13:16:00;2023-08-02 13:21:17;2023-12-16 15:02:21;SO93144;17-6178-77430;90367;38;9961,55;191,61;826,87;3366,27;Comment 2178
17530;2021-11-07 19:41:39;2020-04-08 13:02:28;2021-07-05 06:48:03;SO33007;66-2881-24904;63413;2;6016,33;232,06;921,41;18858,18;Comment 2179
96898;2021-09-10 16:07:58;2022-09-21 16:11:28;2021-12-31 18:32:39;SO96853;75-3751-62094;34169;50;4152,05;270,22;446,85;5434,91;Comment 2180
98920;2022-08-16 14:41:14;2021-08-25 14:32:21;2022-01-03 06:09:42;SO49339;73-8844-80299;54509;40;6483,26;251,26;899,32;14270,69;Comment 2181
87720;2020-05-30 18:07:40;2021-07-12 02:47:06;2023-10-13 17:37:26;SO29551;69-8859-80035;58349;42;583,35;340,66;398,82;7820,74;Comment 2182
40001;2021-05-09 11:41:18;2022-04-23 18:08:53;2022-07-05 21:00:56;SO12130;74-2176-61667;64202;10;5227,67;40,87;560,07;344,44;Comment 2183
82381;2020-06-06 18:57:34;2021-08-06 03:34:43;2022-12-29 06:14:52;SO73587;73-8844-80299;27003;35;3779,2;249,25;739,45;4626,92;Comment 2184
40199;2022-05-19 21:59:47;2023-08-07 15:59:01;2021-12-22 19:27:48;SO23176;97-9859-86247;73061;23;2938,5;374,54;964,4;8403,44;Comment 2185
34255;2021-10-12 09:55:17;2022-02-04 16:34:58;2021-05-01 06:22:16;SO91037;51-7602-22642;26761;50;4481,35;485,43;575,84;9042,31;Comment 2186
73739;2020-12-21 14:19:35;2022-04-20 14:34:58;2023-04-17 06:56:18;SO65783;92-2389-56247;13238;4;2028,74;150,92;533,85;12917,13;Comment 2187
53831;2021-07-12 20:26:48;2023-02-21 09:46:53;2021-01-20 20:28:22;SO81220;22-4444-25264;74608;41;5621,72;40,81;274,2;16682,96;Comment 2188
87001;2020-02-26 12:18:42;2021-05-24 01:01:08;2023-01-26 23:26:12;SO93098;66-4277-92738;68953;11;4341,63;134,69;32,04;11150,1;Comment 2189
98685;2023-12-15 20:22:27;2021-05-24 12:54:35;2022-10-19 23:03:33;SO32258;22-4444-25264;67428;29;481,66;68,68;328,79;15684,9;Comment 2190
14895;2023-08-04 21:33:34;2021-08-01 04:54:11;2021-08-14 10:08:51;SO75118;28-4123-84663;68457;29;7457,57;475,23;143,12;14994,07;Comment 2191
99529;2020-10-13 02:22:36;2022-10-27 09:39:12;2021-01-15 05:07:14;SO23866;96-7105-64379;87972;23;2277,25;407,01;557,83;9064,96;Comment 2192
50727;2020-07-16 04:24:48;2023-11-06 14:42:21;2022-11-28 16:42:18;SO47963;16-3417-49054;81418;36;5271,42;131,48;153,21;18301,94;Comment 2193
14647;2021-04-03 08:49:28;2021-03-05 09:10:42;2020-04-05 09:28:06;SO67249;63-4608-21366;40271;21;7403,24;35,52;169,09;15538,75;Comment 2194
76035;2020-06-06 17:06:49;2023-09-19 18:38:34;2023-05-10 04:14:46;SO31198;42-3255-58813;76876;48;3759,57;410,51;786,91;3447,57;Comment 2195
16662;2023-03-31 23:04:49;2020-03-04 02:25:43;2022-02-19 18:44:35;SO83497;28-4123-84663;97712;36;2355,13;409,52;557,46;16198,34;Comment 2196
59065;2023-05-30 09:31:01;2021-08-30 12:32:47;2022-06-16 03:07:38;SO99509;40-2409-67736;92683;21;2396,86;193,25;760,26;1523,33;Comment 2197
41694;2022-12-29 09:14:25;2023-10-05 22:59:04;2022-03-26 02:02:55;SO41170;33-1973-80101;51812;39;2958,41;430,68;982,88;6459,7;Comment 2198
57882;2020-08-21 18:08:01;2021-03-25 04:02:59;2022-01-07 09:08:38;SO90583;85-4116-52037;20362;29;1070,98;27,05;141,46;4733,33;Comment 2199
60575;2022-01-06 01:27:23;2020-08-14 15:09:10;2022-04-15 03:27:59;SO63694;16-3417-49054;25742;48;5306,8;461,92;965,6;18496,2;Comment 2200
69960;2023-02-11 10:36:27;2020-03-21 22:00:27;2021-11-26 17:14:19;SO58926;71-9532-69420;97585;45;2221,03;388,95;135,43;9996,15;Comment 2201
42384;2020-11-07 04:15:12;2021-05-23 23:13:48;2021-08-07 21:09:42;SO33417;73-8844-80299;59889;46;9223,81;108,29;487,03;16144,07;Comment 2202
30964;2020-10-22 06:32:17;2023-02-14 03:04:38;2020-08-06 05:40:01;SO97481;22-4444-25264;99136;45;9092,52;361,57;74,35;9797,22;Comment 2203
20948;2022-04-06 14:39:05;2023-05-11 23:55:52;2020-05-14 07:15:10;SO69130;76-6173-91169;13878;41;7935,14;432,88;775,26;17247,61;Comment 2204
71981;2021-04-03 23:45:26;2022-12-09 15:18:54;2022-01-18 07:01:25;SO72707;53-9319-74957;74356;31;1187,82;211,74;441,32;17094,61;Comment 2205
81339;2021-08-04 17:20:18;2021-09-09 04:00:22;2020-11-08 16:52:34;SO81531;40-5683-25279;90293;9;3958,42;80,49;174,43;19945,32;Comment 2206
39986;2022-10-01 06:07:04;2021-09-24 10:28:18;2020-11-16 02:27:47;SO89067;50-5389-75591;83210;9;2409,46;211,3;641,36;8949,37;Comment 2207
32653;2023-06-14 00:55:02;2020-09-14 21:57:07;2021-02-03 00:18:00;SO43923;33-1973-80101;31153;3;5598,99;141,15;442,95;16736,96;Comment 2208
52578;2023-07-11 15:41:47;2021-06-12 13:05:23;2021-08-11 07:16:59;SO37840;30-1489-79011;78079;11;4165,58;193,92;122,32;13900,67;Comment 2209
46026;2020-08-23 02:48:39;2020-02-19 15:43:11;2022-11-21 22:40:35;SO35799;30-1489-79011;49699;50;6307,36;124,4;759,66;11811,27;Comment 2210
94181;2021-08-30 02:42:00;2023-08-23 17:26:58;2023-01-22 18:31:27;SO84653;81-3143-56523;82927;4;2898,66;455,29;588,41;10487,68;Comment 2211
53429;2022-05-29 07:52:49;2021-02-02 19:25:30;2023-07-25 22:09:01;SO77806;51-7541-34141;14895;47;822,52;486,73;835,26;13485,14;Comment 2212
19600;2021-11-27 08:39:30;2023-02-09 18:08:13;2023-05-23 21:16:29;SO34449;76-6173-91169;21477;19;462,71;85,33;861,92;13982,85;Comment 2213
42841;2023-10-02 03:49:37;2020-05-06 05:22:42;2022-03-10 19:04:04;SO91491;92-2389-56247;99729;30;5961,92;454,43;515,65;6869,86;Comment 2214
22619;2023-11-09 02:41:48;2022-06-24 08:20:25;2022-07-13 19:24:15;SO94456;69-8859-80035;46239;9;2330,04;183,13;408,19;11221,48;Comment 2215
57389;2020-09-09 17:40:11;2020-04-02 07:56:59;2020-04-04 06:24:44;SO70724;16-3417-49054;59313;46;8291,39;442,05;968,58;2775,03;Comment 2216
83830;2022-02-05 08:04:24;2020-03-13 02:40:11;2021-07-19 22:27:26;SO69526;78-5514-83427;85394;15;9555,03;179,07;296,23;11732,62;Comment 2217
89818;2021-12-06 15:24:08;2021-02-14 16:00:04;2023-08-24 03:10:35;SO48383;76-6173-91169;21828;50;8041,25;33,19;142,2;16036,66;Comment 2218
47419;2023-08-07 17:35:19;2023-03-04 02:15:36;2022-01-13 09:28:20;SO91178;66-4277-92738;34766;4;4796,11;110,42;220,97;14337,87;Comment 2219
96733;2020-02-24 13:55:05;2021-05-20 19:54:40;2021-05-20 07:03:48;SO43157;50-5389-75591;68263;34;7385,55;144,76;376,66;12154,99;Comment 2220
70572;2023-07-09 20:24:40;2021-09-17 19:06:28;2023-12-09 00:44:59;SO52124;48-2823-67639;99430;49;2213,63;180,32;471,97;15555,74;Comment 2221
98382;2021-04-24 17:28:53;2021-09-29 04:02:00;2020-11-09 04:31:51;SO82104;17-6178-77430;10415;48;8141,56;16,35;317,56;11725,03;Comment 2222
84174;2020-07-06 15:41:59;2021-02-08 19:36:46;2021-07-30 18:32:21;SO99703;71-9532-69420;67303;41;1006,23;177,04;754,78;6107,36;Comment 2223
85397;2023-06-27 05:59:56;2020-01-28 05:28:39;2020-01-02 10:57:04;SO26851;60-7449-26711;62840;35;2040,56;460,18;680,43;18267,05;Comment 2224
83167;2022-07-17 01:43:25;2021-08-24 13:45:55;2020-02-17 05:22:57;SO58729;42-3255-58813;41173;34;5628,39;447,21;696,15;10688,73;Comment 2225
61844;2021-04-14 04:52:36;2023-02-17 10:21:25;2021-07-02 06:23:00;SO24725;98-8354-24626;58973;28;4179,12;276,51;541,84;13155,32;Comment 2226
84894;2020-07-09 15:55:10;2021-02-08 09:56:43;2020-08-26 09:43:37;SO64299;69-1886-36823;71749;32;2740,64;79,5;217,29;8267,91;Comment 2227
36733;2022-12-08 15:29:24;2021-03-29 05:43:56;2022-07-16 05:24:34;SO13851;63-4608-21366;52641;31;3535,02;284,06;618,72;17782,96;Comment 2228
95641;2020-10-12 13:15:44;2021-04-17 05:15:08;2021-12-24 03:00:22;SO96593;30-1489-79011;65635;30;4980,31;196,49;474,55;15444,4;Comment 2229
88282;2020-11-21 12:09:20;2021-08-24 08:47:42;2023-09-20 08:04:06;SO90372;75-7092-97988;42404;5;9092,25;43,65;991,6;284,58;Comment 2230
85928;2020-07-24 02:02:50;2022-07-20 05:16:18;2020-04-14 10:55:51;SO16567;17-6178-77430;88607;41;631,32;42,03;264,96;9922,94;Comment 2231
13484;2020-01-05 03:11:28;2023-07-10 01:38:08;2022-02-17 14:26:05;SO98811;40-5683-25279;67879;8;9834,92;198,14;304,57;12210,32;Comment 2232
60110;2021-01-20 06:07:19;2021-02-26 18:38:38;2022-09-07 04:34:18;SO77083;53-9319-74957;23614;3;2342,52;51,89;156,41;3431,22;Comment 2233
40764;2021-11-09 02:28:20;2022-07-07 06:22:29;2023-02-13 05:52:21;SO40514;84-7460-34357;81894;9;9167,1;263,91;378,61;15680,21;Comment 2234
66696;2021-11-10 02:01:12;2022-09-22 02:43:48;2020-04-23 21:44:19;SO21431;69-8859-80035;28461;7;1664,7;449,48;564,07;14456,39;Comment 2235
50700;2021-02-01 04:26:00;2020-08-07 18:47:19;2022-11-12 18:55:39;SO13454;51-7541-34141;37689;13;5768,67;108,53;688,79;11334,54;Comment 2236
73287;2023-03-07 10:55:43;2020-06-22 13:08:10;2023-08-15 00:40:04;SO87524;51-7541-34141;59636;23;1907,44;298,41;512,6;2364,4;Comment 2237
31516;2020-05-01 10:21:04;2020-09-20 18:25:33;2020-11-26 09:14:04;SO76860;35-6579-94037;31377;5;8725,51;101,17;360,39;11117,69;Comment 2238
72617;2021-11-26 05:49:05;2023-07-29 14:16:52;2021-12-19 02:01:40;SO25905;98-8354-24626;51482;25;6050,8;107,53;818,77;6222,52;Comment 2239
17610;2023-02-06 08:46:28;2021-08-07 11:31:06;2023-04-23 04:17:46;SO60002;92-2389-56247;47077;45;5798,23;468,27;926,02;1314,1;Comment 2240
70019;2023-12-18 01:01:29;2021-03-27 22:50:36;2021-01-29 18:31:39;SO11160;61-5244-70735;11233;49;7128,88;253,25;367,1;704,82;Comment 2241
16454;2023-09-08 00:48:54;2020-04-18 18:12:31;2020-02-25 16:12:29;SO86214;30-1489-79011;66388;37;5855,11;32,68;507,49;14129,7;Comment 2242
29215;2023-01-19 13:10:06;2021-11-15 20:18:14;2023-01-23 12:21:19;SO53448;30-1489-79011;91300;46;4139,24;138,61;300,85;15953,49;Comment 2243
33101;2021-08-30 06:34:34;2020-10-07 04:23:03;2023-09-05 04:59:25;SO32866;49-7039-68376;70404;17;2421,53;158,37;539,29;19481,59;Comment 2244
66310;2023-05-02 14:41:48;2022-05-05 19:59:04;2023-02-27 11:24:20;SO42429;97-9859-86247;57463;19;4227,19;496,36;849,05;8924,71;Comment 2245
93024;2021-10-10 15:39:51;2021-10-17 22:05:27;2021-03-12 12:34:20;SO47084;61-5244-70735;92825;18;6799,44;191,71;212,12;17230,28;Comment 2246
49531;2023-02-12 21:30:05;2023-02-28 18:11:24;2020-09-19 01:48:48;SO82690;53-9319-74957;94139;4;2018,48;39,07;240,13;18117,68;Comment 2247
92075;2021-06-26 04:03:41;2023-09-15 19:39:18;2021-09-06 12:12:18;SO10344;83-7954-63932;10205;2;473,87;313,54;495,94;16672,22;Comment 2248
79283;2022-11-24 13:13:53;2021-05-15 21:21:04;2020-07-15 04:17:58;SO71016;23-8510-71623;67788;44;594,98;33,99;152,64;419,49;Comment 2249
32715;2020-04-19 22:51:16;2022-10-10 08:22:09;2022-04-19 15:40:15;SO68270;71-9532-69420;10090;10;8402,96;160,05;520,08;7830,62;Comment 2250
87390;2023-07-23 02:15:42;2022-07-22 05:20:48;2022-12-16 03:42:03;SO89523;78-5514-83427;15555;25;3089,55;442,83;538,87;3870,58;Comment 2251
69891;2020-10-03 23:33:33;2023-04-24 09:02:10;2020-12-31 16:56:07;SO77951;28-6393-31125;48481;23;101,18;82,7;966,35;11242,28;Comment 2252
67916;2023-02-17 14:37:02;2021-09-17 17:12:25;2023-06-08 09:15:50;SO84937;85-4116-52037;70457;35;4317,65;319,87;823,35;5117,78;Comment 2253
94853;2022-06-25 23:51:41;2021-03-06 17:16:32;2023-06-25 09:17:59;SO29629;74-3185-84739;33104;31;2507,35;166,72;485,42;12067,81;Comment 2254
54299;2023-02-25 21:54:41;2021-07-12 12:20:05;2022-07-06 15:59:52;SO47744;23-8510-71623;97698;34;1030,08;318,69;992,16;5458,8;Comment 2255
53442;2021-10-21 01:01:26;2020-06-10 21:07:14;2021-10-25 02:49:58;SO46746;78-5267-32468;73835;12;3106,32;176,91;254,44;5838,14;Comment 2256
43389;2021-08-15 23:47:05;2021-06-01 02:05:55;2022-02-04 00:37:58;SO86217;40-5683-25279;68134;6;6255,06;17,25;897,11;9597,96;Comment 2257
75743;2021-08-31 21:49:45;2020-03-05 16:27:42;2023-11-24 21:21:45;SO21287;76-6173-91169;30647;49;7696,88;77,17;315,23;7531,32;Comment 2258
75172;2020-04-22 02:11:11;2023-07-26 10:59:42;2021-02-19 17:18:55;SO18182;63-4608-21366;88052;10;117;37;866,41;8039,58;Comment 2259
71692;2022-05-04 23:39:58;2023-07-30 00:08:20;2022-07-10 14:56:57;SO65977;51-7602-22642;95442;1;7771,23;472,93;334,3;4019,7;Comment 2260
48858;2022-09-25 02:35:17;2022-10-23 08:18:31;2021-03-14 19:27:37;SO16966;53-9319-74957;69971;9;2902,39;475,51;838,08;699,5;Comment 2261
76281;2020-02-25 15:04:25;2021-02-23 17:49:16;2023-06-25 03:28:40;SO71565;63-4608-21366;97453;2;2349,36;240,41;743,65;1457,96;Comment 2262
28718;2023-05-19 13:50:39;2020-10-26 13:02:46;2022-01-24 06:02:33;SO21516;75-3751-62094;98606;46;8956,98;209,15;249,55;2060,75;Comment 2263
61008;2021-12-25 07:59:04;2020-04-29 17:07:22;2023-12-14 18:50:27;SO16285;40-2409-67736;26552;36;584,42;495,33;432,54;1793,92;Comment 2264
45894;2023-12-16 05:19:51;2022-05-24 07:41:21;2022-11-25 05:11:11;SO71327;73-8844-80299;58344;39;8869,2;181,74;329,78;15796,89;Comment 2265
74465;2023-07-17 05:43:53;2020-09-15 21:13:12;2023-11-16 13:09:32;SO12117;53-9319-74957;14756;42;7989,24;263,48;59,33;6026,06;Comment 2266
87588;2020-03-03 17:02:40;2021-07-20 05:53:05;2022-11-29 11:43:49;SO41077;69-8859-80035;31508;11;3401,48;43,68;485,02;19120,55;Comment 2267
52751;2021-08-28 10:41:06;2022-07-28 22:24:59;2022-08-15 13:47:36;SO61548;23-8779-93758;52592;13;989,2;271,5;438,96;5772,54;Comment 2268
44984;2020-08-20 18:49:20;2020-01-05 19:13:03;2021-09-19 09:34:03;SO78392;28-4123-84663;12714;48;368,5;191,77;318,02;5050,23;Comment 2269
47525;2023-04-16 21:21:49;2021-06-09 03:02:00;2023-07-29 21:40:38;SO69166;76-6173-91169;70817;44;1632,93;343,87;369,65;16749,59;Comment 2270
31420;2022-09-10 18:35:01;2023-03-21 08:20:19;2023-08-07 04:22:14;SO42509;23-8510-71623;37523;15;5105,23;477,85;152,99;14600,88;Comment 2271
48345;2020-04-20 03:38:56;2020-07-19 17:23:00;2022-04-14 20:35:08;SO54138;42-3255-58813;17054;14;9095,76;179,02;27,4;5229,3;Comment 2272
70199;2020-09-14 09:46:24;2021-11-27 20:35:01;2021-11-01 05:16:55;SO72651;29-3530-22517;88056;25;9491,19;398,98;733,32;12635,98;Comment 2273
27755;2022-02-20 16:23:26;2023-05-26 04:45:54;2020-01-21 15:00:51;SO67348;69-8859-80035;94889;34;3538,04;465,1;689,14;5316,82;Comment 2274
77941;2020-08-03 22:00:50;2021-02-07 04:58:35;2021-09-22 04:27:04;SO74677;53-9319-74957;55763;8;9130,97;181,16;499,54;5714,17;Comment 2275
80670;2022-09-29 15:27:21;2022-07-14 23:41:54;2022-02-02 05:32:14;SO92392;69-8859-80035;54407;25;7536,25;248,79;727,26;16859,19;Comment 2276
82575;2020-04-04 21:37:39;2022-10-28 13:18:36;2023-05-14 13:03:58;SO35266;61-5244-70735;82786;48;7084,87;54,53;884,26;12505,36;Comment 2277
46408;2021-04-28 17:24:44;2023-02-20 19:27:44;2020-05-10 01:17:36;SO96290;22-4444-25264;41805;47;7971,44;93,99;185,09;9602,86;Comment 2278
86183;2022-09-04 00:03:57;2020-11-23 07:19:02;2023-09-10 02:27:23;SO63475;42-3255-58813;40028;7;6502,89;370,42;613,1;3956,76;Comment 2279
54456;2021-12-20 16:06:25;2023-06-17 18:19:22;2020-08-28 20:54:22;SO85406;75-3751-62094;35871;15;591,5;65,51;498,21;18226,38;Comment 2280
30980;2022-08-24 10:34:30;2020-01-07 23:09:05;2021-09-20 16:57:31;SO88985;74-3185-84739;49679;37;5351,84;133,59;457,02;10835,42;Comment 2281
78533;2021-04-07 16:31:48;2021-09-22 09:12:45;2022-09-02 13:55:18;SO52270;35-6579-94037;61339;28;4143,7;221,56;27,7;17180,91;Comment 2282
58748;2022-02-12 23:30:00;2020-09-02 13:42:16;2023-03-16 21:38:03;SO66001;51-7602-22642;49107;17;2746,94;249,7;832,63;4662,72;Comment 2283
21801;2021-06-19 18:49:51;2020-12-09 03:45:56;2023-07-11 01:01:01;SO44615;84-7460-34357;29686;13;2143,05;58,51;953,96;9800,86;Comment 2284
71709;2020-02-19 11:14:45;2022-06-18 10:22:22;2020-02-21 22:17:59;SO73097;23-8779-93758;71043;34;6303,02;51,23;686,89;10372,11;Comment 2285
87858;2020-07-18 15:45:45;2023-03-21 17:45:45;2022-11-11 20:21:08;SO50770;63-4608-21366;73161;6;9696,48;278,1;894,01;2016,34;Comment 2286
41342;2022-08-20 20:39:26;2022-07-22 11:58:25;2021-08-04 11:29:23;SO84894;71-9532-69420;18022;26;7450,91;203,71;237,39;4752,73;Comment 2287
63229;2021-03-30 20:19:31;2020-05-14 10:15:22;2021-09-03 09:46:11;SO70052;33-1973-80101;10724;48;8359,47;434,79;535,42;19880,24;Comment 2288
72012;2021-02-12 08:44:10;2021-04-27 01:50:01;2022-01-14 11:53:56;SO22261;40-5683-25279;90972;11;1232,76;63,84;479,01;4128,05;Comment 2289
69390;2021-07-09 05:41:10;2022-08-29 17:18:25;2022-05-21 10:17:00;SO43382;51-7602-22642;28521;42;9633,97;83,49;852,73;19164,41;Comment 2290
95097;2020-05-11 18:54:13;2021-10-28 18:20:53;2023-11-30 23:17:42;SO49767;22-4444-25264;17159;44;4750,21;163,01;126,55;1169,6;Comment 2291
68180;2021-08-13 22:41:34;2021-03-26 15:32:25;2021-06-23 21:25:02;SO44175;78-5267-32468;33696;3;3934,64;467,06;446,37;9913,51;Comment 2292
69676;2022-04-24 04:26:32;2020-02-18 20:05:00;2021-02-27 18:20:02;SO29912;85-4116-52037;47629;36;4170,34;335,07;972,9;116,06;Comment 2293
45987;2023-11-13 01:25:16;2021-03-07 20:01:04;2022-12-26 20:27:42;SO56843;85-4116-52037;78422;31;6831,92;273,03;939,66;12649,95;Comment 2294
72325;2021-03-14 08:35:41;2021-06-13 14:17:50;2020-11-21 12:29:31;SO68887;63-4608-21366;12588;38;4973,85;390,27;253,3;746,14;Comment 2295
60717;2022-10-21 05:54:55;2020-06-22 02:51:44;2023-12-29 09:38:32;SO79102;22-4444-25264;57714;13;9177,27;245,69;125,24;15016,49;Comment 2296
72417;2023-10-28 10:03:39;2023-01-06 23:31:00;2023-08-16 16:18:24;SO21795;23-8779-93758;52533;7;881,67;78,67;38,34;13790,06;Comment 2297
52994;2020-10-28 22:17:45;2022-10-26 11:02:59;2021-09-14 11:29:35;SO28475;29-3530-22517;52449;11;2792,48;336,69;955,51;1879,53;Comment 2298
61035;2022-07-05 23:32:35;2020-05-30 16:24:44;2021-11-14 17:47:10;SO24374;96-7105-64379;42949;45;5526,62;23,21;190,05;12907,21;Comment 2299
73121;2020-11-12 18:38:45;2022-07-12 09:05:11;2023-06-22 17:11:52;SO50999;63-4608-21366;27618;44;4612,25;275,93;423,85;12393,11;Comment 2300
84629;2020-04-19 01:55:52;2020-01-25 01:01:17;2023-09-24 02:36:00;SO81918;98-8354-24626;75472;25;8024,43;464,14;493,76;10267,31;Comment 2301
22858;2021-04-24 18:37:22;2023-12-06 07:59:27;2020-12-17 23:09:20;SO65918;53-9319-74957;16276;12;1949,55;365,69;444,05;16848,45;Comment 2302
58160;2022-07-30 22:14:37;2022-01-17 04:48:05;2022-10-04 16:43:01;SO45551;84-8862-18518;19775;26;2097,3;108,22;509,95;15568,5;Comment 2303
95159;2021-04-02 07:17:21;2020-04-11 23:20:37;2021-11-20 00:39:52;SO41305;28-6393-31125;59996;47;9969,8;346,54;706,18;5339,88;Comment 2304
36945;2021-06-28 03:34:44;2023-11-13 15:23:44;2022-10-25 06:32:46;SO90894;51-7602-22642;85509;13;7418,52;484,27;874,46;8869,59;Comment 2305
96563;2021-02-07 23:04:44;2022-02-18 02:07:14;2023-03-20 21:28:09;SO81196;72-3440-90827;39470;17;7741,65;31,15;988,67;18098,09;Comment 2306
85358;2020-05-15 17:36:08;2020-04-03 16:43:21;2022-03-29 22:22:59;SO68779;92-2389-56247;40329;8;971,23;152,44;93,72;8303,36;Comment 2307
93181;2022-12-18 03:01:17;2022-07-03 02:23:26;2021-06-28 19:44:06;SO23390;28-4123-84663;29430;38;9639,04;28,13;994,76;17150,05;Comment 2308
35973;2021-04-23 09:02:53;2021-03-06 19:13:48;2023-02-26 13:43:37;SO34521;71-9532-69420;27644;48;3997,34;365,37;475,11;12479,44;Comment 2309
35029;2020-05-28 16:05:23;2022-12-04 18:41:12;2023-05-30 20:11:08;SO92700;75-3751-62094;55155;11;1254,28;26,07;769,54;4939,26;Comment 2310
67806;2020-07-06 11:29:19;2022-07-25 22:07:56;2021-09-03 10:37:39;SO68837;51-7541-34141;53798;47;4392,28;39,07;931,52;8351,99;Comment 2311
11014;2021-12-28 03:17:27;2021-02-08 11:36:27;2023-09-28 05:49:27;SO56597;76-6173-91169;50096;12;9653,06;445,17;902,57;8069,62;Comment 2312
14340;2023-12-26 21:20:41;2020-02-10 02:03:51;2020-02-17 16:38:14;SO46434;69-8859-80035;67492;32;9246,66;288,76;745,86;5819;Comment 2313
56911;2021-08-14 10:22:59;2020-06-22 05:42:56;2023-02-17 21:08:55;SO98608;97-9859-86247;85591;40;4699,09;478,14;106,63;7171,15;Comment 2314
26830;2021-10-06 12:14:34;2020-05-06 11:55:12;2023-04-24 15:16:02;SO80402;42-3255-58813;82747;35;200,61;208,59;104,26;13903,57;Comment 2315
59306;2022-07-14 01:26:46;2023-06-04 20:06:06;2021-09-10 08:15:42;SO54679;61-5244-70735;70769;44;2032,86;496,79;989,51;7079,34;Comment 2316
18665;2020-07-26 19:24:13;2022-05-12 07:38:43;2023-12-03 11:07:21;SO54671;40-2409-67736;79978;36;2450,18;136,87;34;2509,44;Comment 2317
51509;2023-04-13 10:10:15;2020-12-07 03:11:15;2022-04-07 23:02:21;SO38815;28-6393-31125;76931;27;7547,57;320,72;423,8;3619,04;Comment 2318
33374;2023-06-05 09:24:40;2020-09-06 09:13:10;2022-09-28 02:18:42;SO51661;75-3751-62094;75766;9;6626,68;489,02;757,48;6865,85;Comment 2319
45244;2023-01-28 14:01:30;2020-04-15 06:58:09;2020-01-06 20:52:43;SO46245;50-5389-75591;67607;40;8362,68;280,11;598,6;16618,54;Comment 2320
40234;2023-12-21 02:34:15;2023-08-24 20:27:43;2021-02-07 17:44:12;SO55142;44-6968-96958;43166;27;8363,29;124,86;240,51;8450,98;Comment 2321
66067;2022-03-20 00:50:22;2022-06-06 23:21:22;2023-09-05 07:20:52;SO65083;84-8862-18518;32442;4;4200,55;223,79;335,32;12337,8;Comment 2322
56223;2021-08-21 19:04:52;2023-03-22 21:41:21;2023-01-16 04:55:40;SO37597;30-1489-79011;69323;46;9066,44;319,94;253,9;13922,61;Comment 2323
41786;2020-01-06 04:54:41;2023-05-23 11:55:42;2023-02-05 06:10:22;SO42933;74-3185-84739;39107;6;189,63;323,76;600,03;13642,09;Comment 2324
90959;2023-11-18 15:37:19;2022-03-28 01:26:02;2023-05-12 09:55:23;SO96941;75-3751-62094;44206;30;6812,56;385,87;613,77;19607,05;Comment 2325
72986;2022-10-25 20:16:51;2023-05-13 00:59:28;2023-07-24 04:03:21;SO58546;16-3417-49054;72567;6;7878,3;274,05;74,89;3100,14;Comment 2326
98602;2020-06-20 04:33:25;2022-10-18 05:06:18;2020-09-28 12:21:05;SO44723;40-2409-67736;36660;33;4876,66;78,78;550,05;19602,68;Comment 2327
98867;2022-02-04 10:06:00;2022-01-10 17:44:28;2021-02-23 14:49:52;SO91879;22-4444-25264;50451;24;9877,53;438,68;100,24;5180,7;Comment 2328
48434;2020-10-10 17:01:13;2021-05-29 11:39:56;2020-03-09 07:16:41;SO70460;72-3440-90827;54995;19;6922,44;148,69;125,57;8907,48;Comment 2329
34532;2021-03-02 13:50:09;2021-05-15 13:33:40;2021-11-30 08:24:53;SO24876;40-2409-67736;15827;35;5027,68;12,73;212,24;789,43;Comment 2330
89902;2023-12-16 08:49:21;2023-12-20 10:05:07;2021-06-23 06:12:20;SO48895;51-7541-34141;44820;32;4175,89;483,16;926,14;10753,27;Comment 2331
78743;2022-07-12 11:13:18;2022-08-08 12:13:58;2020-02-15 10:50:09;SO16766;97-9859-86247;61053;27;7877,77;313,94;944,48;4966,95;Comment 2332
28039;2022-04-08 10:16:04;2023-03-16 14:41:05;2020-08-13 12:50:45;SO24179;29-3530-22517;39185;4;2477,96;268,82;984,04;587,74;Comment 2333
61182;2023-11-30 03:03:10;2020-08-20 19:41:05;2021-05-24 07:20:24;SO41625;78-5267-32468;94252;7;2438,91;14,85;507,69;1134,43;Comment 2334
20969;2022-02-17 05:52:09;2021-11-24 16:44:19;2021-10-06 12:09:30;SO77714;75-7092-97988;20012;50;548,28;266,26;258,75;4436,41;Comment 2335
86338;2021-05-03 22:41:22;2020-05-07 05:50:05;2023-11-14 10:28:51;SO96967;22-4444-25264;91926;16;8824,45;475,59;354,17;3145,31;Comment 2336
88195;2020-11-12 05:29:36;2023-06-14 04:55:09;2023-03-27 03:30:42;SO41581;35-6579-94037;80662;20;9221,67;328,32;157,04;5667,54;Comment 2337
26250;2021-03-03 03:53:37;2020-01-21 15:51:18;2022-02-26 02:24:44;SO19473;51-7541-34141;97952;24;7326,44;120,54;692,22;16560,47;Comment 2338
65108;2020-11-21 08:48:40;2020-12-15 20:48:16;2023-12-07 18:13:17;SO21727;78-5514-83427;70876;4;279,66;186,31;478,91;17909,64;Comment 2339
35158;2022-07-26 09:20:47;2020-02-24 12:56:13;2023-05-02 07:48:57;SO27970;40-5683-25279;17682;42;8848,85;273,22;120,66;9236,18;Comment 2340
67909;2023-05-08 06:13:24;2023-09-14 23:57:24;2020-01-04 03:51:58;SO51748;74-3185-84739;56159;44;1158,85;91,49;695,3;8649,87;Comment 2341
26635;2022-05-07 20:10:39;2023-06-04 05:29:21;2021-02-09 22:25:53;SO58651;35-6579-94037;66026;20;2107,84;134,93;134,76;3626,58;Comment 2342
59973;2020-01-12 21:50:28;2022-05-26 20:28:00;2023-02-19 08:04:43;SO29705;57-9057-83653;61375;10;6567,71;61,81;600,01;11085,7;Comment 2343
27882;2020-04-10 06:37:59;2023-12-02 21:35:33;2020-02-14 07:29:55;SO17636;98-8354-24626;17792;17;6701,45;423,81;833,63;5239,29;Comment 2344
28334;2022-04-18 23:41:15;2023-10-17 11:02:21;2020-11-19 04:00:15;SO72825;66-4277-92738;43881;24;5258,76;70,92;924,59;10766,38;Comment 2345
78579;2023-07-06 19:00:24;2021-10-11 09:12:01;2020-01-10 10:29:15;SO95371;17-6178-77430;15905;26;8153,98;238,15;768,94;9224,58;Comment 2346
18616;2022-12-09 01:11:32;2022-07-15 17:47:06;2021-10-27 10:55:55;SO26574;40-5683-25279;32624;32;1945,86;300,17;53,46;9396,84;Comment 2347
30877;2020-06-23 17:41:24;2023-11-10 04:33:18;2020-08-05 02:08:48;SO12216;78-5267-32468;37516;49;152,69;394,48;474,23;9673,4;Comment 2348
29148;2023-10-31 15:59:45;2023-08-29 13:49:11;2020-06-01 00:55:35;SO61485;17-6178-77430;29915;18;1985,35;64,02;599,72;9445,97;Comment 2349
69015;2022-01-31 12:51:40;2020-05-07 22:45:01;2022-10-09 20:08:18;SO72254;24-7081-87522;74607;22;5360,54;272,25;16,84;10885,87;Comment 2350
46060;2022-08-15 09:45:34;2020-11-08 19:43:39;2023-04-24 16:02:35;SO82379;74-2176-61667;54421;13;7819,79;353,53;451,82;16395,1;Comment 2351
24598;2020-11-26 19:27:17;2022-07-03 16:12:33;2022-11-11 19:22:27;SO74500;61-5244-70735;95091;46;6969,74;153,37;856,4;18516,68;Comment 2352
71498;2022-12-22 10:12:29;2022-03-05 22:29:44;2020-06-12 09:39:13;SO39394;98-8354-24626;21503;18;8155;393,65;923,8;6930,42;Comment 2353
93424;2021-02-20 16:29:57;2022-09-04 09:29:52;2023-10-18 06:00:12;SO53857;96-7105-64379;15439;38;1806,49;120,58;373,14;16442,05;Comment 2354
18297;2023-12-23 07:16:25;2020-11-26 02:00:49;2022-04-05 00:29:58;SO58154;24-7081-87522;55110;40;5200,18;485,55;483,35;3323,01;Comment 2355
99637;2021-10-17 18:33:01;2020-05-19 00:50:01;2023-06-15 21:25:26;SO44279;78-5514-83427;79899;31;6414,82;311,65;174,2;4867,15;Comment 2356
36107;2023-05-17 16:35:27;2022-07-19 16:51:17;2022-09-19 08:15:51;SO59606;49-7039-68376;66280;6;2042,89;372,19;76,28;10950,59;Comment 2357
86654;2020-12-31 17:11:36;2023-02-22 08:00:16;2021-04-23 04:09:26;SO84368;17-6178-77430;45534;39;4348,22;454,75;864,52;16547,81;Comment 2358
58886;2023-03-27 08:45:30;2021-04-19 09:27:13;2022-06-15 03:23:37;SO50283;71-9532-69420;67340;45;1447,69;217,02;202,73;11398,94;Comment 2359
79668;2021-06-16 23:04:47;2022-06-28 03:44:44;2023-07-07 04:32:28;SO70517;28-4123-84663;54281;9;7291,58;396,73;811,17;2826,46;Comment 2360
62851;2022-05-26 10:38:03;2020-06-23 11:33:25;2021-07-01 17:31:34;SO92834;33-1973-80101;84299;42;3486,35;342,84;606,17;17509,61;Comment 2361
69085;2020-09-14 13:01:02;2021-07-31 18:29:06;2020-02-09 16:13:53;SO73962;24-7081-87522;53830;35;5571,32;101,68;375,19;16758,28;Comment 2362
25980;2023-09-26 07:38:12;2023-06-12 20:14:47;2020-10-24 18:03:35;SO26474;48-2823-67639;79643;26;9156,13;426,01;456,73;14436,95;Comment 2363
37078;2021-01-08 10:35:45;2023-11-14 06:29:04;2020-11-08 00:51:48;SO87285;69-1886-36823;73808;34;614,63;269,78;218,33;4789,41;Comment 2364
31403;2020-01-19 14:59:44;2022-12-16 04:29:37;2020-08-13 14:26:21;SO74172;63-4608-21366;73640;36;9474,59;172,91;735,6;9960,82;Comment 2365
34547;2021-02-09 01:33:34;2020-08-09 00:46:05;2022-06-06 06:36:27;SO59292;92-2389-56247;15340;13;8714,1;269,64;196,68;3446,62;Comment 2366
38388;2021-02-20 21:09:18;2023-09-18 17:04:56;2022-06-15 17:57:24;SO70989;22-4444-25264;85017;21;2606,14;70,83;107,08;9905,22;Comment 2367
11408;2021-02-11 22:44:05;2020-09-03 13:36:17;2020-08-03 15:25:11;SO76632;84-7460-34357;87046;27;1804,48;75,87;589,67;16805,97;Comment 2368
63377;2022-09-09 18:29:19;2021-01-24 15:08:46;2022-09-16 09:23:58;SO95925;30-1489-79011;54679;23;2222,51;452,45;912,92;18412,17;Comment 2369
20878;2021-04-15 19:56:57;2022-05-19 13:02:05;2022-09-14 07:25:10;SO83123;83-7954-63932;56480;29;5261,12;311,63;464,43;1431,59;Comment 2370
17960;2023-09-25 00:57:27;2020-10-16 23:50:00;2021-11-08 16:13:06;SO92478;50-5389-75591;73211;30;1745,23;346,38;150,9;716,91;Comment 2371
52948;2021-06-12 17:17:00;2023-12-18 05:59:56;2020-10-04 17:01:29;SO11672;22-4444-25264;74191;48;193,37;386,41;938,1;7409,1;Comment 2372
14534;2020-05-20 17:08:30;2020-07-25 03:48:54;2021-06-27 21:09:00;SO85335;42-3255-58813;96870;41;2652,05;112,65;920,75;6760,74;Comment 2373
98723;2022-01-06 17:41:23;2023-03-15 13:29:45;2022-01-19 01:36:48;SO32980;51-7602-22642;59466;30;8676,97;48,47;780,12;3905,96;Comment 2374
78407;2020-06-16 21:26:54;2021-12-10 04:31:27;2022-07-17 12:08:30;SO56466;48-2823-67639;81367;1;9150,96;337,46;566,49;19389,78;Comment 2375
24896;2022-05-27 19:01:02;2021-05-25 17:36:45;2023-09-19 11:51:51;SO21669;23-8779-93758;12464;15;9113,14;133,49;790,19;7172,79;Comment 2376
85397;2020-09-01 12:21:17;2023-11-09 04:23:29;2021-02-07 01:46:36;SO43798;98-8354-24626;45218;41;3596,79;118,29;724,97;19285,21;Comment 2377
55598;2020-11-26 14:49:41;2023-11-09 18:17:07;2020-01-06 01:41:55;SO54878;86-5535-57031;35048;21;5860,32;124,28;181,54;10669,21;Comment 2378
64269;2023-03-24 18:38:17;2020-05-29 08:19:05;2023-09-11 15:52:26;SO33345;28-6393-31125;49190;20;8415,27;305,53;459,89;566,07;Comment 2379
89056;2021-12-28 09:33:10;2020-03-22 20:15:42;2020-11-13 04:27:54;SO22932;50-5389-75591;16352;6;3260,55;307,26;764,46;11646,21;Comment 2380
76835;2022-11-12 11:22:17;2022-02-26 02:20:26;2021-10-05 16:32:26;SO51641;33-1973-80101;66163;20;2530,44;33,27;323,82;10576,45;Comment 2381
15270;2023-08-22 15:10:33;2021-02-23 19:42:18;2022-07-11 17:09:36;SO74665;69-1886-36823;36267;17;2512,8;120,15;438,86;5067,99;Comment 2382
51633;2021-09-21 23:54:21;2021-09-03 02:46:55;2022-03-17 05:02:46;SO34047;63-4608-21366;72083;5;7657,15;426,11;803,18;12657,16;Comment 2383
20281;2023-04-01 15:27:29;2021-06-30 21:42:51;2021-08-27 09:11:55;SO73103;78-5514-83427;21397;29;7283,34;203,94;549,08;1214,66;Comment 2384
25478;2020-05-29 01:57:28;2020-08-29 10:30:57;2021-05-13 07:51:52;SO29335;28-4123-84663;18801;24;7961,03;481,75;976,9;13002,45;Comment 2385
91793;2022-07-07 16:23:42;2021-05-10 21:17:41;2023-06-25 06:22:08;SO75294;28-6393-31125;63280;46;7102,09;312,03;374,94;11626,81;Comment 2386
64127;2021-12-31 20:41:17;2022-06-21 13:20:28;2023-02-05 19:12:26;SO93555;44-6968-96958;96431;20;3411,01;205,96;291,61;8708,45;Comment 2387
47863;2021-06-03 16:23:51;2023-03-27 23:37:43;2020-07-03 04:54:37;SO45140;51-7602-22642;62305;23;3402,67;405,62;945,28;16855,26;Comment 2388
52967;2020-02-10 11:55:37;2021-07-02 20:05:54;2022-01-24 10:04:55;SO34522;33-1973-80101;14325;19;180,53;318,52;446,04;16133,93;Comment 2389
82342;2020-04-03 05:17:50;2023-11-21 09:36:02;2021-03-30 12:59:29;SO99844;84-8862-18518;71590;32;8988,07;497,41;509,91;3630,16;Comment 2390
41193;2021-03-26 00:20:19;2020-06-29 03:16:12;2020-09-07 12:11:55;SO20780;76-6173-91169;31160;31;6172,2;108,79;430,61;6129,42;Comment 2391
85203;2021-07-18 13:50:04;2022-07-15 03:53:19;2020-06-03 06:45:15;SO68527;98-8354-24626;62288;9;810,7;129,93;29,06;721,37;Comment 2392
57470;2023-08-02 01:21:53;2021-02-26 12:33:04;2023-05-26 17:47:56;SO42907;28-4123-84663;57396;33;1378,52;393,18;939,3;11489,51;Comment 2393
66915;2020-03-31 13:56:28;2023-09-20 17:51:10;2020-02-21 13:46:44;SO43959;69-8859-80035;96469;21;110,88;351,68;891,91;14161;Comment 2394
62016;2023-03-21 23:10:48;2020-04-25 06:41:44;2021-11-02 18:17:53;SO49497;57-9057-83653;14343;41;9756,84;164,29;67,53;18986,94;Comment 2395
68671;2021-09-29 22:32:15;2020-12-14 04:31:57;2022-07-23 22:25:42;SO21946;86-5535-57031;28998;45;8527,66;435,24;465,09;11950,73;Comment 2396
59392;2022-11-22 23:09:50;2020-03-19 04:59:54;2022-11-22 21:56:11;SO13486;28-4123-84663;55194;32;5269,53;295,39;140,79;19179,53;Comment 2397
23181;2020-04-23 14:04:01;2020-04-26 04:46:22;2021-05-26 02:40:30;SO90457;84-7460-34357;28902;23;9760,8;483,37;152,96;3797,57;Comment 2398
21363;2021-09-27 23:33:33;2023-09-02 12:14:52;2023-03-27 18:43:12;SO82788;63-4608-21366;74086;21;280,13;304,75;522,9;14324,04;Comment 2399
39361;2022-12-10 16:51:45;2022-04-15 21:12:21;2023-05-23 08:09:25;SO66524;71-9532-69420;15844;11;7906,08;29,84;253,57;4963,24;Comment 2400
59812;2023-12-03 14:32:53;2022-06-13 23:41:24;2023-10-05 00:35:08;SO53728;17-6178-77430;59509;27;5378,99;12,99;144,86;10614,24;Comment 2401
47959;2023-10-27 14:03:53;2020-10-08 05:05:09;2021-02-26 14:20:37;SO10470;30-1489-79011;41436;4;1869,9;181,05;246,59;16242,26;Comment 2402
80521;2022-02-21 01:58:06;2023-05-29 09:17:16;2021-11-15 22:01:31;SO65648;61-5244-70735;50976;29;7000,22;226,99;453,66;12896,49;Comment 2403
10767;2022-02-09 20:57:15;2022-07-09 04:56:38;2023-04-19 13:19:00;SO67022;69-8859-80035;46687;42;5963,27;288,56;891,11;832,81;Comment 2404
81704;2021-10-11 20:47:27;2023-01-16 16:47:05;2020-11-08 17:15:07;SO32796;29-3530-22517;69290;43;9033,52;388,92;371,82;9406,41;Comment 2405
34197;2021-01-07 04:09:01;2020-05-18 14:13:50;2021-01-20 16:30:37;SO12340;40-2409-67736;75794;11;2083,25;261,87;671,16;19708,02;Comment 2406
81923;2020-04-04 10:58:06;2021-09-19 11:31:58;2023-06-25 11:41:11;SO62249;74-3185-84739;24175;42;3236,64;49,18;241,89;13612,68;Comment 2407
13448;2022-01-26 09:48:49;2020-06-02 06:08:40;2022-03-20 20:42:22;SO37588;33-1973-80101;65525;22;702,86;62,03;743,76;8360,43;Comment 2408
16126;2021-04-09 19:12:17;2022-09-23 17:20:35;2022-10-10 17:56:41;SO67083;16-3417-49054;74418;24;468,89;129,53;587,7;15316,95;Comment 2409
44001;2023-02-18 17:37:06;2023-10-01 23:44:45;2022-12-03 10:21:54;SO64592;66-4277-92738;16098;44;1284,36;328,43;468,85;10234,5;Comment 2410
87859;2022-10-03 02:35:58;2020-06-05 11:58:31;2020-12-12 15:41:16;SO75262;61-5244-70735;70303;40;5158,96;361,58;404,03;10126,88;Comment 2411
68005;2023-03-27 08:56:59;2020-05-11 21:21:43;2022-01-25 20:07:14;SO45755;61-5244-70735;49159;32;6055,29;491,67;84,24;7813,63;Comment 2412
42400;2021-01-08 12:45:25;2021-04-28 20:14:46;2022-01-13 22:53:23;SO19806;66-2881-24904;22764;38;783,84;321,02;704,4;12298,3;Comment 2413
37835;2023-09-28 22:25:06;2020-12-15 16:15:34;2023-12-24 03:54:26;SO85273;29-3530-22517;20937;43;7907,9;423,1;313,31;15589,01;Comment 2414
82558;2023-08-15 11:01:21;2023-12-28 19:05:39;2020-04-15 18:47:16;SO60530;98-8354-24626;83442;37;8784,59;312,1;743,44;6029,49;Comment 2415
21466;2023-08-10 20:29:18;2022-12-24 11:32:09;2022-09-05 13:06:21;SO17494;98-8354-24626;62320;48;1042,38;221,33;883,42;6788,19;Comment 2416
37026;2020-05-27 04:45:00;2020-10-15 00:34:13;2023-02-28 03:34:04;SO18707;24-7081-87522;17958;27;109,25;442,43;960,95;503,49;Comment 2417
14835;2022-09-26 09:58:28;2020-06-28 08:05:24;2022-12-26 04:29:05;SO53446;72-3440-90827;60370;10;3370,08;136,08;726,31;7752,22;Comment 2418
55454;2020-12-08 09:03:37;2021-04-29 16:24:02;2021-08-16 01:28:04;SO92022;85-4116-52037;76553;24;8008,38;453,47;765,04;17202,98;Comment 2419
18359;2020-01-26 09:37:23;2022-06-11 10:09:54;2020-11-08 23:49:28;SO11810;23-8510-71623;23157;39;1914,03;171,97;779,39;4327,83;Comment 2420
13120;2020-01-23 02:41:37;2022-07-01 00:57:06;2020-08-10 04:11:21;SO84821;72-3440-90827;67079;23;3536,42;488,97;71,71;12224,52;Comment 2421
86466;2022-01-25 15:04:16;2020-01-15 09:30:06;2023-08-08 11:03:58;SO60980;23-8779-93758;87415;37;7629,03;405,86;729,11;8731,57;Comment 2422
69009;2021-04-28 16:59:19;2020-05-08 19:52:25;2021-06-04 21:13:57;SO58532;57-9057-83653;86693;38;9517,15;169,75;261,37;14769,26;Comment 2423
35465;2020-12-30 00:42:28;2020-01-24 08:54:32;2023-06-24 19:53:21;SO92108;74-3185-84739;69556;20;4313,96;131,46;178,8;2549,2;Comment 2424
99586;2021-07-20 04:21:07;2022-07-29 20:52:15;2020-12-23 14:59:19;SO47908;85-4116-52037;33969;29;4155,11;347,64;317,86;4892,43;Comment 2425
18606;2023-12-22 22:40:02;2023-07-05 13:48:18;2021-08-03 02:29:59;SO48528;69-8859-80035;66585;26;8260,52;383,7;475,48;12073,57;Comment 2426
11300;2023-06-24 17:29:41;2022-09-28 05:37:30;2023-01-28 02:42:56;SO48960;66-4277-92738;53124;44;3307,65;162,88;378,19;10019,28;Comment 2427
29766;2022-08-19 19:04:36;2021-09-20 15:12:30;2021-04-28 23:51:16;SO45712;53-9319-74957;22240;50;8163,15;301,31;963,66;10523,54;Comment 2428
34154;2020-06-04 19:55:19;2020-08-17 03:52:04;2022-01-15 15:42:58;SO67405;40-2409-67736;36945;39;4403,05;394;20,18;9938,01;Comment 2429
50025;2020-01-08 23:10:33;2021-05-26 20:13:25;2022-03-18 07:10:22;SO32984;78-5267-32468;92727;24;6605,21;374,28;789,53;8471,08;Comment 2430
32177;2022-03-07 14:59:38;2023-12-14 11:18:29;2023-04-25 11:04:40;SO92601;50-5389-75591;21479;27;6872,32;222,7;264,19;14532,29;Comment 2431
58954;2023-11-23 04:04:00;2021-11-16 14:57:18;2023-04-26 10:17:42;SO40492;23-8510-71623;99901;5;6469,7;97,71;595,47;19552,89;Comment 2432
81833;2020-07-07 06:11:43;2022-04-07 00:24:30;2023-03-08 22:50:33;SO21478;66-2881-24904;80286;34;916,76;33,12;944,81;295,58;Comment 2433
67161;2021-02-21 18:00:26;2022-08-31 03:30:53;2021-08-25 16:52:47;SO83396;92-2389-56247;39095;33;2385,64;218,33;172,56;4482,45;Comment 2434
21282;2020-12-30 10:55:58;2023-12-26 09:32:50;2020-10-25 04:40:30;SO98433;35-6579-94037;79012;44;6817,43;18,61;205,76;9928,64;Comment 2435
72600;2020-01-18 21:53:34;2020-05-04 23:35:47;2021-02-27 02:07:07;SO54537;86-5535-57031;72760;47;2790,26;302,22;128,09;11213,22;Comment 2436
21828;2023-05-13 04:11:56;2021-07-10 05:30:11;2020-06-08 00:18:08;SO87853;81-3143-56523;82242;50;6994,69;127,05;385,27;18215,35;Comment 2437
54319;2021-10-13 10:41:10;2022-01-30 22:56:11;2023-05-14 08:12:06;SO20779;28-6393-31125;28208;42;5442,32;36,9;281,77;3099,52;Comment 2438
54121;2020-10-17 11:15:16;2020-09-10 18:22:07;2022-03-13 01:45:23;SO52522;73-8844-80299;24085;10;5810,7;46,98;260,76;18621,67;Comment 2439
47411;2022-10-27 02:53:08;2023-05-18 17:33:50;2023-02-17 21:35:56;SO54811;28-6393-31125;32687;28;1090,36;250,63;237,69;12114,1;Comment 2440
13461;2021-12-20 18:59:06;2023-08-11 01:48:14;2021-12-28 14:08:42;SO36708;57-9057-83653;67891;45;1754,71;111,58;725;14229,91;Comment 2441
97558;2020-04-10 15:40:24;2020-01-19 05:45:21;2021-03-07 20:44:39;SO11970;51-7602-22642;82163;22;4249,82;146,87;869,62;6741,23;Comment 2442
80650;2023-08-21 10:13:47;2020-10-26 01:02:11;2023-06-29 12:35:57;SO92562;51-7602-22642;51076;46;7073,18;16,86;331,27;4922,71;Comment 2443
33818;2023-09-13 10:40:01;2020-03-25 01:24:37;2021-12-04 16:27:03;SO33361;24-7081-87522;41667;15;2760,87;243,53;495,09;5900,42;Comment 2444
82421;2021-10-15 12:06:34;2023-06-29 07:36:14;2023-05-20 18:03:25;SO21569;50-5389-75591;66083;41;6317,06;231,3;283,26;7496;Comment 2445
80313;2021-11-14 15:23:12;2020-08-03 06:15:25;2020-07-12 13:22:38;SO11423;40-2409-67736;86009;17;9963,46;94,76;160,57;594,8;Comment 2446
97351;2020-08-18 16:41:41;2020-06-11 13:44:57;2020-12-31 02:00:37;SO12356;75-7092-97988;74670;20;7675,93;340,38;215,68;19878,29;Comment 2447
38300;2021-12-30 18:50:18;2021-10-20 01:11:02;2022-05-26 23:55:25;SO41267;30-1489-79011;54825;29;3217,81;141,6;20;5483,42;Comment 2448
91991;2021-10-06 11:44:00;2020-10-26 21:26:56;2020-09-14 15:26:53;SO79270;28-6393-31125;29127;30;3341,36;326,59;83,44;8809,77;Comment 2449
33600;2022-07-09 00:05:13;2021-03-15 11:27:49;2023-03-01 01:35:23;SO60806;63-4608-21366;80728;6;4723,57;77,06;722,56;8317,56;Comment 2450
32807;2020-01-31 11:17:35;2023-12-27 23:59:42;2023-05-08 16:29:46;SO51046;42-3255-58813;77989;22;9575,98;178,41;567,99;6924,97;Comment 2451
66580;2022-10-06 22:15:00;2022-01-15 15:39:05;2020-10-26 07:47:07;SO49444;33-1973-80101;92303;21;707,31;434,22;91,96;4904,87;Comment 2452
84050;2023-02-18 18:05:57;2020-08-03 01:29:48;2021-12-27 09:41:01;SO47470;22-4444-25264;16406;26;232,84;25,36;701,29;4887,65;Comment 2453
49733;2021-11-28 08:07:20;2020-08-29 02:02:51;2023-07-25 05:16:22;SO10237;28-4123-84663;66924;38;9329,76;245,58;186,18;10698,89;Comment 2454
29423;2021-08-30 01:22:47;2023-01-28 21:42:26;2020-04-04 06:15:10;SO11955;74-2176-61667;17601;24;3669,55;268,21;844,69;2062,08;Comment 2455
40919;2021-01-06 02:16:15;2020-03-25 19:00:17;2021-02-14 10:42:47;SO46293;22-4444-25264;51262;15;2865,66;107,56;364,72;12720,93;Comment 2456
53716;2022-08-15 15:19:06;2021-05-03 23:47:49;2021-01-31 20:08:17;SO15468;48-2823-67639;90898;39;5566,15;34;26,4;17919,22;Comment 2457
25267;2020-01-16 20:07:56;2021-03-20 18:05:46;2023-01-03 02:46:25;SO19747;74-3185-84739;30448;15;1756,31;63,05;315,8;18990,81;Comment 2458
23114;2020-04-05 21:52:58;2020-11-19 19:39:18;2023-07-09 14:14:04;SO82065;49-7039-68376;52796;36;5960,31;268,13;247,38;5048,82;Comment 2459
60006;2021-12-11 23:14:24;2020-09-15 01:36:08;2020-09-13 19:47:27;SO92161;51-7602-22642;82847;41;1295,87;409,73;562,38;18175;Comment 2460
36126;2022-11-21 06:31:33;2023-06-16 12:31:44;2022-02-17 04:46:31;SO44150;72-3440-90827;19211;5;386,27;242,62;987,18;14287,43;Comment 2461
45929;2022-05-15 23:55:33;2023-10-08 14:54:58;2020-10-30 09:08:37;SO92192;16-3417-49054;39384;43;7857,82;309,15;296,82;18667,5;Comment 2462
81820;2023-11-08 18:52:54;2023-11-05 23:31:49;2022-09-05 21:44:35;SO53260;60-7449-26711;75796;4;1596,38;209,46;225,92;16870,85;Comment 2463
71741;2020-03-01 23:48:31;2021-09-04 17:49:31;2021-09-20 02:00:05;SO31953;76-6173-91169;48228;21;3134,93;16,02;350,13;15766,49;Comment 2464
35514;2020-07-01 07:16:26;2020-09-22 10:56:40;2023-03-21 10:44:18;SO36552;42-3255-58813;69457;12;3007,76;97,49;521,61;5350,5;Comment 2465
96125;2020-04-24 05:37:57;2021-11-22 05:17:06;2021-10-31 11:07:34;SO86007;66-4277-92738;43791;17;9291,08;119,75;147,47;2285,41;Comment 2466
13643;2020-08-19 04:18:08;2021-07-21 03:55:53;2020-12-08 01:33:00;SO15969;75-7092-97988;55371;30;6601,93;267,3;502,11;9908,68;Comment 2467
18159;2023-03-31 10:18:30;2023-04-11 00:50:12;2020-09-07 11:35:24;SO67736;51-7602-22642;25388;3;1054,07;369,01;57,06;7223,95;Comment 2468
40555;2021-10-15 08:51:40;2020-08-08 02:12:14;2021-03-22 07:40:42;SO11165;30-1489-79011;84336;25;417,87;180,64;15,45;7038,33;Comment 2469
59046;2022-05-25 05:52:58;2021-05-22 02:46:07;2020-01-22 06:24:08;SO33313;49-7039-68376;85141;34;9333,92;55,15;151,41;6719,37;Comment 2470
20817;2022-09-24 08:26:31;2021-11-18 20:36:29;2021-05-29 12:52:59;SO55052;92-2389-56247;50970;22;8313,12;384,86;699,15;5564,23;Comment 2471
64112;2020-08-11 12:12:47;2022-03-12 18:08:01;2022-12-14 04:00:46;SO16871;97-9859-86247;35426;46;7629,92;290,95;89,37;17271,11;Comment 2472
27707;2023-10-04 04:27:55;2023-03-14 08:26:31;2022-01-02 20:54:17;SO94166;61-5244-70735;39633;20;4334,32;215,08;81,45;15425,04;Comment 2473
42255;2021-03-19 13:24:15;2022-12-31 18:54:38;2022-05-24 10:38:49;SO67848;23-8779-93758;76667;15;9307,7;269,65;662,13;18452,93;Comment 2474
64026;2022-01-17 08:35:23;2021-07-31 08:37:37;2021-03-13 21:59:15;SO84769;40-5683-25279;59969;20;3301,06;217,67;733,94;4985,87;Comment 2475
93794;2021-04-19 00:32:43;2021-03-19 05:18:09;2022-06-15 20:28:30;SO27551;33-1973-80101;78529;4;7688,19;140,35;140,85;14561,54;Comment 2476
82778;2022-04-26 09:40:38;2022-12-30 10:47:09;2022-02-01 22:50:39;SO37544;85-4116-52037;96654;13;9706,97;464,36;908,5;9233,59;Comment 2477
53531;2020-02-13 01:37:14;2022-08-09 03:03:52;2021-06-09 07:47:54;SO60466;96-7105-64379;97446;35;3707,47;25,7;482,63;14156,34;Comment 2478
13065;2021-06-17 00:38:05;2022-11-08 06:14:50;2020-10-09 15:13:43;SO31974;84-7460-34357;30262;45;2424,85;195,83;616,62;16133,16;Comment 2479
74303;2020-03-16 11:55:03;2022-02-11 07:32:13;2023-09-30 00:46:35;SO34851;57-9057-83653;74219;28;3770,5;411,67;34,87;15876,18;Comment 2480
61175;2020-10-04 01:48:09;2021-04-07 03:01:12;2020-11-17 19:39:46;SO24581;40-5683-25279;46233;15;9614,41;355,84;73,29;3045,6;Comment 2481
74408;2023-09-30 07:04:35;2022-12-30 17:56:42;2021-07-20 03:52:55;SO59598;81-3143-56523;40333;1;2722,33;331,78;281,98;2185,09;Comment 2482
60623;2020-05-30 05:55:44;2020-09-16 23:34:59;2023-08-24 15:45:01;SO10352;30-1489-79011;68265;14;7001,3;340,25;731,6;17615,3;Comment 2483
83731;2021-12-31 02:57:36;2023-08-30 15:10:58;2020-10-21 13:26:11;SO27560;22-4444-25264;81431;47;5516,24;80,84;146,32;11914,37;Comment 2484
97814;2020-09-19 17:32:58;2022-12-07 18:00:22;2023-09-24 15:49:01;SO86410;75-7092-97988;14929;30;2768,11;129,31;813,36;15861,23;Comment 2485
91315;2021-05-31 21:42:04;2023-01-22 21:51:44;2021-10-30 01:09:14;SO32349;69-1886-36823;66663;44;6988,63;196,62;609,01;11941,15;Comment 2486
98307;2021-11-10 16:28:56;2023-06-08 12:25:29;2020-03-09 03:50:19;SO34124;78-5514-83427;36046;36;8254,1;36;478,07;13141,37;Comment 2487
54532;2020-04-24 10:50:24;2021-05-17 00:42:07;2022-11-24 19:16:36;SO20743;75-3751-62094;88290;10;6460,63;48,82;599,31;3758,95;Comment 2488
31895;2023-01-11 03:33:28;2021-09-21 16:27:54;2020-07-28 11:08:42;SO39252;66-4277-92738;32310;39;1583,59;96,59;476,87;11228,53;Comment 2489
56959;2020-07-26 18:03:09;2021-04-08 16:57:21;2022-06-10 16:17:37;SO94331;60-7449-26711;29480;35;4710,41;474,03;474,36;19523,21;Comment 2490
32597;2021-06-26 13:07:13;2022-05-27 13:14:39;2020-07-23 10:07:53;SO17035;24-7081-87522;71749;7;3661,69;163,37;900,29;10439,91;Comment 2491
73768;2020-04-30 20:06:18;2023-12-21 10:32:52;2020-02-05 07:35:12;SO85032;22-4444-25264;42776;11;7118,56;403,21;234,86;1535,32;Comment 2492
16822;2022-08-20 15:40:24;2022-08-27 20:37:19;2023-02-22 01:13:24;SO59992;44-6968-96958;40143;24;1840,69;482,8;489,64;16337,01;Comment 2493
96366;2023-07-08 18:18:53;2022-07-09 22:11:22;2021-06-10 15:18:59;SO64224;73-8844-80299;82102;31;1273,09;495,1;623,92;13236,04;Comment 2494
61991;2023-07-14 21:26:36;2021-01-11 06:51:07;2021-06-11 22:15:50;SO16190;92-2389-56247;79756;8;3437,53;252,87;516,5;5260,48;Comment 2495
90335;2023-09-16 18:21:48;2022-04-17 23:40:00;2020-08-17 10:29:36;SO49872;51-7602-22642;62815;35;726,93;306,16;541,33;17603,53;Comment 2496
84817;2021-05-09 17:06:02;2023-09-11 11:48:27;2023-06-06 15:00:28;SO56014;30-1489-79011;21543;16;5809,21;417,58;401,85;6120,42;Comment 2497
15986;2023-01-22 06:00:57;2021-02-26 07:43:20;2022-10-13 21:54:56;SO24978;73-8844-80299;27295;17;4332,71;65,8;995,33;2926,33;Comment 2498
33186;2021-08-12 04:14:29;2021-07-21 06:11:41;2020-07-13 06:58:27;SO34795;24-7081-87522;36293;40;1463,78;215,8;651,43;17126,65;Comment 2499
39836;2023-02-24 05:41:20;2021-11-21 20:31:25;2022-06-24 10:24:12;SO78190;83-7954-63932;42545;20;9690,76;313,5;115,29;17287,23;Comment 2500
84413;2022-01-25 07:13:38;2023-01-30 12:50:47;2023-08-08 08:27:08;SO47639;69-8859-80035;55673;2;9497,84;34,09;70,69;14686,04;Comment 2501
87357;2022-06-09 19:15:15;2021-03-04 16:10:57;2021-02-20 12:40:30;SO90918;74-3185-84739;43864;21;8330,65;104,14;908,44;15804,72;Comment 2502
59700;2020-10-12 03:19:19;2023-09-02 22:37:26;2020-01-05 20:10:56;SO72606;16-3417-49054;46723;19;7170,35;356,71;903,75;1835,89;Comment 2503
66031;2021-08-21 16:59:16;2020-07-10 19:33:24;2023-09-05 11:11:43;SO90148;63-4608-21366;50904;6;3227,78;489,87;318,96;4121,91;Comment 2504
27155;2022-06-20 00:55:12;2023-11-23 19:39:02;2021-09-13 10:18:57;SO54015;98-8354-24626;36436;32;2291;484,73;60,85;14084,04;Comment 2505
79795;2020-08-09 17:52:39;2023-03-18 01:39:39;2020-07-06 14:45:58;SO44136;84-8862-18518;11468;20;6831,47;66,79;522,36;6634,45;Comment 2506
82367;2022-08-20 11:15:56;2020-09-07 17:42:42;2023-03-03 12:48:52;SO87666;83-7954-63932;10700;27;3294,1;135,53;743,71;1072,38;Comment 2507
62812;2023-06-20 07:38:31;2021-07-03 18:05:33;2020-11-25 13:04:45;SO90216;72-3440-90827;44895;25;7360,16;305,4;211,51;12069,59;Comment 2508
35702;2022-09-01 14:47:21;2021-08-12 15:21:30;2023-02-08 10:37:33;SO43255;74-3185-84739;52051;36;1915,3;153,32;886,6;655,7;Comment 2509
39620;2023-08-15 08:43:54;2022-07-17 05:12:26;2020-12-24 02:22:06;SO45852;42-3255-58813;70311;19;8708,58;169,82;886,69;768,82;Comment 2510
54365;2022-10-24 07:56:46;2020-08-04 16:58:48;2022-10-30 04:19:28;SO63600;98-8354-24626;83990;43;763,54;485,39;172,9;4236,63;Comment 2511
41194;2020-09-10 19:29:12;2021-05-08 15:38:15;2020-03-18 06:45:35;SO31876;22-4444-25264;55943;3;5726,34;190,88;106,66;4578,88;Comment 2512
30378;2021-02-17 20:46:25;2022-09-21 19:51:13;2022-06-17 04:15:59;SO59871;60-7449-26711;73044;43;7944,64;409,43;992,77;10925,15;Comment 2513
99186;2022-02-04 00:23:51;2022-11-29 09:25:42;2021-10-25 18:20:17;SO27572;63-4608-21366;18512;5;4999,54;468,27;603,54;348,43;Comment 2514
86105;2021-08-01 12:25:50;2023-09-16 12:32:37;2021-06-05 00:41:39;SO75413;72-3440-90827;20539;39;5495,02;100,47;895,68;17010,58;Comment 2515
94362;2020-03-11 12:01:16;2022-04-25 22:49:59;2020-09-06 08:15:30;SO81177;51-7602-22642;12911;47;7639,67;32,96;270,19;17383,15;Comment 2516
65896;2021-07-13 14:19:19;2021-06-25 15:20:08;2020-10-03 16:12:01;SO47094;98-8354-24626;32837;33;9826,84;319,69;254,55;5906,96;Comment 2517
85561;2020-05-24 13:35:03;2021-10-09 13:57:13;2022-05-01 11:34:46;SO42566;35-6579-94037;13968;40;8824,08;10,48;322,43;18983,54;Comment 2518
77570;2023-11-10 20:55:18;2022-02-02 22:52:11;2022-06-19 10:06:03;SO37342;92-2389-56247;48803;44;1844,22;91,96;505,35;5992,69;Comment 2519
48556;2020-06-23 01:19:53;2023-02-14 01:37:03;2020-05-15 17:29:56;SO69114;75-3751-62094;80756;20;2462,09;160,44;535,87;649,88;Comment 2520
81094;2022-09-24 07:28:27;2020-04-12 01:02:53;2021-12-09 07:06:19;SO37461;78-5267-32468;37102;33;879,64;14,87;358,93;15653,58;Comment 2521
85435;2020-08-27 14:41:54;2022-02-09 10:11:30;2021-03-11 04:09:32;SO76054;50-5389-75591;96299;11;4932,48;337,14;563,48;6543,62;Comment 2522
79371;2021-07-31 09:57:55;2022-07-03 17:34:38;2023-08-24 02:16:15;SO39173;69-1886-36823;83504;28;7258,71;488,64;220,28;13513,15;Comment 2523
38603;2020-01-02 06:20:32;2020-04-19 04:27:30;2020-02-20 23:40:14;SO79319;28-4123-84663;14307;23;2190,95;157,3;277,87;9490,8;Comment 2524
59412;2020-04-04 14:19:56;2022-01-10 15:41:33;2022-02-13 16:05:17;SO18874;24-7081-87522;37641;37;8191,07;457,75;960,84;2731,87;Comment 2525
49430;2022-01-22 03:10:12;2023-02-28 02:11:13;2021-11-05 06:36:28;SO49337;98-8354-24626;27043;48;3181,98;70,52;770,19;2570,71;Comment 2526
89705;2020-07-23 08:04:56;2021-12-01 14:31:46;2020-09-05 04:56:32;SO95851;98-8354-24626;80554;35;4813,41;268,51;162,39;6985,86;Comment 2527
85813;2021-11-03 14:45:21;2021-06-07 01:59:23;2023-06-19 13:51:22;SO40916;69-8859-80035;53983;34;4509,28;496,3;321,31;13572,02;Comment 2528
57468;2021-08-11 01:46:05;2020-07-17 00:13:47;2021-01-12 22:55:45;SO69948;71-9532-69420;51438;46;5349,91;408,25;581,41;19738,73;Comment 2529
61376;2020-06-23 03:36:20;2021-09-15 11:24:34;2022-04-30 03:04:27;SO62122;96-7105-64379;70419;9;8124,53;78,65;83,48;10720,46;Comment 2530
88646;2022-04-14 21:25:51;2020-03-01 13:48:55;2023-07-08 21:28:27;SO21843;74-2176-61667;73410;22;5028;106,64;419,32;7997,99;Comment 2531
50023;2021-04-27 14:43:08;2021-01-11 02:02:12;2022-05-26 15:39:15;SO62172;44-6968-96958;45249;37;5138,5;324,19;206,08;10616,15;Comment 2532
88770;2023-06-24 07:38:14;2022-01-20 03:44:36;2022-05-31 12:26:19;SO30176;51-7541-34141;29566;35;1926,96;210,57;677,59;3286,67;Comment 2533
70117;2023-10-17 12:35:35;2020-09-26 09:10:03;2021-05-05 04:26:30;SO83746;35-6579-94037;50941;17;2462,2;267,86;863,23;1941,28;Comment 2534
74066;2022-11-21 20:33:40;2022-04-11 11:19:16;2023-09-12 07:51:46;SO19892;50-5389-75591;80245;38;6896,08;288,13;882,62;18713,11;Comment 2535
47623;2023-07-02 16:46:05;2020-11-12 05:05:00;2020-01-09 13:16:13;SO57003;44-6968-96958;97355;23;5546,15;173,5;915,5;16478,31;Comment 2536
74477;2021-03-11 16:20:58;2023-12-09 19:03:19;2022-07-04 07:34:47;SO18845;96-7105-64379;75039;39;6120,65;388,68;39,66;16034,07;Comment 2537
71781;2020-12-31 09:58:14;2023-03-05 23:48:40;2023-12-27 08:54:18;SO62850;61-5244-70735;65248;36;9687,53;89,3;271,99;10066,63;Comment 2538
43864;2023-08-19 05:07:33;2022-03-12 15:20:03;2021-01-07 14:57:10;SO53080;96-7105-64379;86368;9;4651,84;122,31;328,62;6583,85;Comment 2539
76645;2020-02-11 21:59:49;2021-09-11 14:41:15;2021-12-26 21:09:32;SO20443;74-3185-84739;45063;17;664,69;90,85;47,04;19988,23;Comment 2540
27396;2020-05-19 19:17:52;2021-12-23 21:32:27;2022-09-21 12:20:30;SO80981;57-9057-83653;91533;24;6440,93;42,58;976,25;18224,95;Comment 2541
74286;2023-07-06 04:53:14;2023-03-15 08:00:17;2023-10-07 07:13:44;SO87037;84-7460-34357;33439;44;2389,24;63,13;447,68;13770,07;Comment 2542
88270;2023-02-22 06:32:52;2021-12-28 21:45:05;2022-07-20 16:28:49;SO78839;96-7105-64379;35775;49;2006,43;434,18;175,26;12404,97;Comment 2543
64262;2020-06-07 07:30:57;2020-09-01 22:03:20;2021-07-16 00:57:35;SO12747;96-7105-64379;26907;39;1045,2;160,39;300,32;18112,5;Comment 2544
14418;2022-12-01 10:22:48;2020-09-29 11:56:43;2023-12-16 19:30:14;SO68077;97-9859-86247;48384;10;7668,69;477;437,92;14758,38;Comment 2545
20786;2020-08-17 01:06:40;2023-05-31 12:36:18;2021-08-11 00:49:08;SO87892;57-9057-83653;18595;48;3863,59;25,85;57,51;13939,46;Comment 2546
23747;2023-08-06 14:43:15;2023-09-19 21:27:08;2023-06-11 10:35:27;SO31802;75-7092-97988;44216;44;8645,7;323,12;266,99;17142,82;Comment 2547
91286;2023-10-04 01:24:48;2023-04-08 11:06:02;2021-08-31 01:29:36;SO10804;48-2823-67639;81116;32;9556,71;44,39;240,31;4538,01;Comment 2548
42159;2022-10-22 06:32:07;2020-02-15 17:16:31;2022-02-19 19:46:02;SO66464;71-9532-69420;12910;50;4050,62;145,26;168,55;3402,71;Comment 2549
66252;2021-01-21 18:38:22;2023-09-21 04:49:14;2021-12-26 08:00:42;SO28561;24-7081-87522;66960;20;7717,64;114,25;150,79;13361,06;Comment 2550
52887;2023-01-17 17:06:18;2023-06-15 10:53:09;2022-08-02 01:15:29;SO22523;17-6178-77430;14761;13;4478,79;16,92;955,58;7581,24;Comment 2551
10726;2023-06-12 00:11:33;2023-11-09 10:48:16;2021-03-05 00:03:51;SO62285;24-7081-87522;16179;38;1335,72;11,53;677,88;7713,79;Comment 2552
78468;2022-10-09 14:58:17;2022-12-12 12:17:26;2021-11-30 17:42:52;SO82830;76-6173-91169;23917;15;4450,17;429,33;757,44;13271,9;Comment 2553
69154;2022-05-16 17:35:50;2020-05-15 06:18:38;2021-06-02 09:11:38;SO95050;40-2409-67736;22260;25;4720,89;38,99;934,36;507,07;Comment 2554
59668;2023-07-22 13:02:46;2021-11-24 08:57:15;2022-09-23 23:06:14;SO51334;66-4277-92738;69131;36;8999,23;472,67;381,66;17807,76;Comment 2555
30618;2023-02-05 12:05:00;2023-09-18 04:02:02;2020-12-17 20:39:24;SO88994;49-7039-68376;16827;1;3144,19;392,1;773,68;9991,5;Comment 2556
25678;2021-11-26 02:52:49;2020-03-26 02:19:32;2023-03-18 22:54:00;SO95060;74-2176-61667;55906;35;1584,34;41,17;332,12;5705,11;Comment 2557
24475;2022-05-13 05:24:26;2023-04-16 20:56:39;2021-09-29 13:07:56;SO96960;92-2389-56247;28580;17;5071,11;414,25;201,65;5689,05;Comment 2558
86122;2020-03-04 13:06:31;2023-04-14 16:39:37;2023-07-06 01:35:25;SO61391;60-7449-26711;34158;8;959,88;29,27;633,94;19640,29;Comment 2559
98506;2021-06-25 17:28:41;2023-12-08 07:49:59;2021-05-05 17:54:23;SO97569;84-8862-18518;18288;49;6613,74;409,52;849,15;14339,86;Comment 2560
66348;2023-11-07 18:25:46;2021-10-22 08:30:36;2021-05-21 10:21:38;SO53510;40-5683-25279;88312;31;6378,62;490,4;88,74;4169,67;Comment 2561
30932;2021-04-01 09:27:35;2022-04-20 14:08:07;2022-07-20 13:41:01;SO14601;71-9532-69420;98299;23;8159,93;489,5;994,78;17320,3;Comment 2562
83715;2021-04-19 04:30:30;2020-09-16 13:03:20;2023-07-09 23:19:59;SO66768;85-4116-52037;81579;48;787,76;100,64;494,32;19191,76;Comment 2563
22363;2021-01-08 16:40:42;2023-06-04 03:54:02;2023-03-09 06:46:46;SO83541;16-3417-49054;18517;35;5919,87;396,74;792,08;19107,78;Comment 2564
40304;2020-05-06 15:23:41;2021-03-29 11:55:17;2021-02-11 03:40:24;SO30957;78-5514-83427;33709;48;8908,81;237,41;673,54;19350,5;Comment 2565
42635;2023-10-23 17:39:27;2023-03-10 17:07:17;2023-11-17 18:14:54;SO49851;96-7105-64379;45208;7;2388,06;202,63;129,43;1573,91;Comment 2566
43258;2023-10-21 14:05:36;2020-11-25 19:12:27;2023-10-16 23:55:21;SO26561;66-4277-92738;89495;22;6097,01;208,06;918,96;8333,07;Comment 2567
90866;2022-03-19 00:52:40;2020-07-28 22:05:54;2020-11-12 17:34:55;SO72286;24-7081-87522;10171;18;4779,96;454;261,24;17904,73;Comment 2568
28360;2023-06-05 15:46:35;2023-03-02 21:30:10;2020-07-06 20:20:24;SO13209;28-6393-31125;10927;25;8932,95;172,7;337,25;1989,94;Comment 2569
51554;2023-03-22 02:50:58;2022-02-05 19:11:24;2023-07-15 23:58:31;SO67699;35-6579-94037;36240;31;4936,31;338,88;686,82;10944,43;Comment 2570
74453;2021-09-25 08:54:36;2021-02-25 03:58:49;2023-09-09 03:24:26;SO71896;53-9319-74957;58407;10;2137,14;212,35;176,12;15165,92;Comment 2571
19779;2020-07-29 14:01:12;2020-09-05 12:32:43;2023-05-03 02:34:49;SO52084;16-3417-49054;90549;41;7138,48;436,82;576,97;1780,25;Comment 2572
97089;2021-07-21 05:17:58;2023-12-19 08:15:46;2022-12-24 09:21:31;SO95307;22-4444-25264;15608;23;8045,47;37,24;836,11;18188,97;Comment 2573
26341;2023-01-25 22:41:45;2023-04-20 15:44:21;2023-07-25 20:31:40;SO43768;83-7954-63932;22331;26;7382,88;400,56;693,84;15884,8;Comment 2574
66151;2020-05-01 00:24:33;2020-12-30 19:28:45;2022-03-16 09:54:48;SO49650;97-9859-86247;70041;18;327,52;320,07;914,94;9816,32;Comment 2575
97008;2021-11-22 00:46:54;2022-04-09 21:57:51;2020-12-02 15:12:19;SO74047;57-9057-83653;16557;2;7345,43;140,48;817,84;18353,28;Comment 2576
32440;2021-04-28 19:08:04;2023-10-25 01:54:48;2020-07-26 19:29:56;SO74646;75-3751-62094;21516;28;8162,62;153,29;93,9;15570,16;Comment 2577
19799;2023-12-24 07:28:21;2021-07-09 07:55:19;2020-01-23 00:27:59;SO89420;73-8844-80299;70202;8;7374,48;107,8;853,35;15267,05;Comment 2578
61045;2020-01-30 12:23:57;2021-02-24 05:44:40;2023-08-09 14:34:35;SO89309;66-2881-24904;55560;33;273,55;439,35;376,07;1960,29;Comment 2579
96589;2023-05-19 03:28:24;2023-06-30 09:20:04;2020-05-20 21:26:38;SO74569;53-9319-74957;60971;8;6483,73;92,15;797,66;15464,98;Comment 2580
75571;2023-11-18 08:59:34;2023-08-04 18:53:53;2020-05-28 12:07:52;SO93326;23-8510-71623;85438;14;8995,84;239,85;545,82;2630,4;Comment 2581
48922;2020-05-26 04:53:50;2023-09-21 17:56:19;2020-09-16 11:54:46;SO11557;72-3440-90827;59569;36;4316,02;454,46;376,48;13121,48;Comment 2582
55032;2023-08-28 22:27:19;2022-05-09 07:34:29;2021-04-06 16:22:21;SO63919;16-3417-49054;37052;39;5810,94;135,53;597,1;10426,28;Comment 2583
35226;2021-11-01 01:40:55;2022-09-13 09:15:32;2021-03-09 04:50:23;SO61496;69-8859-80035;91282;9;2642,1;361,98;423,76;8945,65;Comment 2584
14218;2020-05-04 21:08:14;2022-02-27 22:11:26;2023-02-25 04:55:31;SO79114;30-1489-79011;95009;15;6425,31;33,81;197,44;7481,45;Comment 2585
70185;2020-05-31 12:28:05;2020-10-31 23:36:51;2020-10-09 08:16:09;SO17899;40-5683-25279;85804;37;5966,73;263,6;415,91;15204,91;Comment 2586
24036;2021-07-06 16:35:52;2022-09-06 12:49:34;2021-06-21 06:09:27;SO31922;42-3255-58813;14561;13;1877,28;289,58;324,52;8366,55;Comment 2587
55542;2023-09-01 19:42:29;2023-08-22 22:06:14;2020-09-13 02:30:11;SO77675;92-2389-56247;14804;21;3463,57;274,72;562,23;10617,57;Comment 2588
47627;2023-04-03 05:26:44;2020-12-02 14:24:31;2023-11-21 16:21:58;SO73149;40-2409-67736;40906;4;8228,24;50,61;161,33;10808,62;Comment 2589
85381;2020-08-10 10:34:36;2020-07-20 21:00:11;2023-11-19 19:46:59;SO91932;78-5267-32468;40794;18;1884,49;432,69;986,25;15541,22;Comment 2590
93256;2021-07-09 03:44:34;2020-09-29 13:18:08;2022-05-08 02:40:38;SO56271;81-3143-56523;44158;46;4379,2;176,61;946,59;17206,55;Comment 2591
91912;2020-04-28 19:38:45;2022-06-11 07:53:49;2022-01-22 12:48:38;SO73632;72-3440-90827;17477;2;6747,4;433,25;125,02;10008,29;Comment 2592
15570;2020-02-24 06:26:59;2023-08-18 20:55:12;2022-01-10 15:07:42;SO69298;84-8862-18518;78716;12;2514,48;346,43;255,48;12312,32;Comment 2593
23311;2020-08-06 07:36:07;2020-04-13 04:41:35;2022-11-13 20:05:16;SO71422;76-6173-91169;67511;43;6583,66;470,22;713,91;2982,67;Comment 2594
51158;2022-11-30 11:26:38;2020-06-09 06:50:17;2020-02-11 16:28:15;SO68681;96-7105-64379;56836;18;2841,53;112,91;641,99;12494,46;Comment 2595
44635;2023-11-28 05:40:50;2020-11-01 22:23:10;2023-04-22 16:50:42;SO37813;23-8779-93758;36917;18;9515,95;241,76;923,08;17077,13;Comment 2596
43575;2021-05-16 17:46:02;2022-10-31 05:10:35;2021-01-05 08:05:38;SO36526;85-4116-52037;68361;15;4357,07;143,33;466,22;3448,08;Comment 2597
26348;2023-07-22 12:10:52;2023-08-10 06:11:18;2022-02-06 22:30:54;SO41470;51-7602-22642;24500;37;2556,65;273,43;215,79;17625,8;Comment 2598
70866;2023-07-16 12:24:13;2020-12-29 14:26:19;2020-09-08 19:07:58;SO11948;92-2389-56247;50753;11;4485,1;432,52;721,36;19639,42;Comment 2599
75374;2022-10-04 16:17:07;2021-10-31 17:28:40;2020-09-27 19:17:33;SO18784;98-8354-24626;71495;8;1195,33;46,35;612,2;6947,25;Comment 2600
54873;2021-01-11 10:56:22;2022-10-22 09:32:38;2022-06-27 23:06:05;SO33062;98-8354-24626;35235;3;4734,52;176,61;497,6;10763,78;Comment 2601
99363;2022-03-28 02:31:34;2020-12-01 02:12:52;2020-08-23 05:24:46;SO69536;60-7449-26711;47792;20;2393,47;262,55;386,01;19450,3;Comment 2602
48388;2022-06-05 02:01:03;2020-09-27 09:08:48;2020-08-24 06:14:45;SO20035;49-7039-68376;82798;9;2089,99;69,45;66,45;9065,39;Comment 2603
74284;2020-02-28 11:41:11;2020-06-03 16:21:24;2020-12-23 21:01:19;SO67998;35-6579-94037;47422;41;1087,48;40,75;484,41;7181,51;Comment 2604
18175;2020-01-06 21:06:14;2023-10-18 08:34:42;2023-05-16 07:13:11;SO50810;50-5389-75591;94546;27;1553,52;314,86;204,73;4269,4;Comment 2605
62180;2023-08-17 09:49:57;2023-01-20 23:46:59;2023-01-15 20:21:04;SO79457;97-9859-86247;58044;11;1354,13;394,06;858,53;16728,78;Comment 2606
67178;2022-06-27 09:05:43;2023-12-17 12:38:52;2020-05-18 00:07:24;SO17151;23-8510-71623;58151;8;3294,52;257,95;258,34;6701,97;Comment 2607
56992;2023-08-16 20:01:54;2020-10-15 05:24:12;2023-02-27 06:23:57;SO78734;84-8862-18518;88761;27;4124,66;222,27;670,84;18624,48;Comment 2608
69132;2020-03-02 21:29:13;2020-11-11 07:40:53;2022-04-12 19:24:26;SO65555;28-4123-84663;96411;9;3199,48;52,79;535,91;15714,66;Comment 2609
81982;2023-01-07 10:49:56;2023-10-31 02:20:11;2023-01-04 09:48:49;SO98056;44-6968-96958;16222;10;6153,38;53,73;792,14;4395,19;Comment 2610
64698;2020-02-24 21:32:05;2020-07-07 21:42:59;2020-11-07 05:50:16;SO50029;69-1886-36823;18908;5;3296,58;115,15;260,96;18525,71;Comment 2611
61731;2021-09-27 04:57:48;2020-02-16 09:48:11;2023-10-08 01:28:05;SO29019;86-5535-57031;12877;11;6178,54;274,69;91,34;12513,4;Comment 2612
93347;2020-08-04 00:55:59;2020-12-15 05:20:30;2023-11-01 05:45:36;SO16781;83-7954-63932;27699;13;7304,66;287,82;412,86;6018,69;Comment 2613
64916;2021-07-26 00:49:04;2021-10-04 04:16:34;2023-01-20 18:52:24;SO85074;84-7460-34357;75361;24;3136,55;162,33;899,4;19904,05;Comment 2614
26297;2020-06-29 11:13:09;2023-03-19 22:17:01;2020-09-14 01:51:22;SO65270;23-8779-93758;18893;50;4082,92;372,14;993,31;18639,06;Comment 2615
81711;2022-10-10 13:26:50;2020-11-11 00:31:26;2021-02-25 19:17:09;SO58209;66-4277-92738;90234;5;7569,53;285,89;53,51;7088,46;Comment 2616
81089;2022-11-25 17:07:52;2021-07-31 19:55:19;2020-04-27 08:10:46;SO89298;69-1886-36823;86599;50;1329,48;208,89;634,34;9094,42;Comment 2617
24744;2022-04-01 12:35:55;2022-03-10 12:23:50;2020-09-26 14:00:41;SO87200;74-3185-84739;72782;35;4793,36;12,41;707,73;2395,97;Comment 2618
33144;2021-05-11 14:47:06;2022-08-25 20:10:58;2022-07-17 18:20:35;SO84750;74-2176-61667;49927;16;2606,63;177,27;672,23;491,77;Comment 2619
42943;2020-09-11 16:36:50;2022-01-16 03:18:41;2022-06-03 16:36:49;SO82005;23-8510-71623;41946;33;9101,62;244,81;721,98;10112,62;Comment 2620
10833;2022-12-08 07:03:09;2022-03-16 10:22:48;2020-09-14 12:31:02;SO15667;78-5514-83427;49059;50;9741,97;375,19;426,64;3284,75;Comment 2621
14438;2022-02-02 14:52:17;2022-01-02 23:53:29;2022-12-19 01:29:21;SO37390;57-9057-83653;71025;6;8890,92;87,4;259,11;9227,33;Comment 2622
16911;2021-01-29 22:08:21;2020-11-05 19:54:07;2022-04-24 19:27:58;SO25380;96-7105-64379;64469;2;2448,74;482,89;394,13;18355,19;Comment 2623
94578;2021-10-08 17:01:02;2022-12-10 18:08:58;2023-08-14 22:59:02;SO78479;66-2881-24904;18935;16;4502,29;328,44;972,98;2612,23;Comment 2624
33680;2020-11-14 10:10:27;2023-01-28 18:32:33;2023-05-16 13:09:49;SO45820;53-9319-74957;68077;3;3351,1;216,66;480,78;3283,4;Comment 2625
31244;2022-10-08 17:31:35;2022-04-28 06:34:01;2023-03-29 04:10:45;SO78775;76-6173-91169;81761;16;4328,92;465,11;340,97;14023,39;Comment 2626
96341;2023-09-19 00:20:00;2023-12-17 13:28:55;2022-09-14 07:37:36;SO82525;16-3417-49054;40603;42;8524,37;476,77;781,69;2805,85;Comment 2627
61140;2022-08-13 02:45:55;2021-01-21 05:25:19;2021-10-25 15:24:10;SO16523;42-3255-58813;50710;13;439,18;52,44;546,97;4220,1;Comment 2628
36800;2021-05-17 15:05:15;2020-02-05 15:58:21;2021-01-20 20:08:00;SO22161;50-5389-75591;62552;13;7444,55;153,3;39,14;18475,82;Comment 2629
58576;2022-11-28 22:14:35;2021-09-07 22:04:37;2022-12-30 02:26:57;SO62297;42-3255-58813;31634;6;248,7;465,26;479,48;7046,32;Comment 2630
66701;2020-02-26 07:07:29;2020-12-31 23:24:51;2020-09-04 16:04:34;SO81336;50-5389-75591;51355;48;1470,63;219,44;235,86;16612,46;Comment 2631
62851;2023-07-05 15:25:26;2020-04-18 23:39:56;2020-07-03 22:37:55;SO67867;49-7039-68376;71532;3;6473,76;242,94;610,02;14143,16;Comment 2632
75656;2020-11-24 13:47:51;2021-11-19 02:31:34;2023-08-30 06:26:45;SO43693;72-3440-90827;73591;8;1827,39;209,7;401,32;5495,16;Comment 2633
98813;2023-10-17 00:46:56;2022-02-20 20:24:50;2022-02-24 09:34:39;SO17893;28-6393-31125;35631;32;5134,8;55,41;886,16;7041,51;Comment 2634
32850;2021-12-10 10:30:37;2021-12-24 11:02:45;2021-01-20 23:36:22;SO98608;78-5267-32468;29710;34;2599,5;299,21;540,55;16832,21;Comment 2635
91765;2020-01-23 07:23:04;2020-12-04 13:06:41;2021-05-27 16:45:28;SO61162;73-8844-80299;39198;4;2196,22;183,4;291,57;7798,24;Comment 2636
33887;2021-09-23 17:13:46;2022-03-11 04:46:22;2020-01-17 23:49:20;SO70521;71-9532-69420;73273;13;1476,63;205,72;598,02;11463,79;Comment 2637
31216;2020-06-01 16:51:42;2023-01-08 06:39:11;2021-12-06 11:12:37;SO62081;22-4444-25264;98659;16;9580,9;467,12;308,87;14174,81;Comment 2638
85754;2021-01-30 05:41:23;2022-05-26 23:53:51;2023-04-27 00:45:16;SO46324;60-7449-26711;27195;29;8996,87;166,59;613,07;1844,13;Comment 2639
65242;2022-12-20 08:57:14;2023-06-19 04:10:19;2021-12-19 20:39:52;SO15812;74-2176-61667;96210;7;2076,49;72,41;298,69;12009,43;Comment 2640
28470;2021-03-27 16:46:52;2020-03-26 05:54:06;2021-01-02 12:16:57;SO15894;30-1489-79011;21646;8;2958,05;350,96;401,77;2769,01;Comment 2641
15174;2023-08-18 03:16:45;2021-06-11 01:43:51;2020-07-29 00:36:30;SO96416;48-2823-67639;18552;21;5017,17;325,05;150,81;1896,6;Comment 2642
19913;2023-04-18 04:25:43;2021-02-22 17:27:47;2023-09-15 03:00:04;SO10439;83-7954-63932;17724;17;6044,72;19,77;176,69;3723,57;Comment 2643
99836;2020-02-29 06:21:44;2021-06-01 19:44:37;2020-05-22 22:13:51;SO41376;78-5514-83427;69025;13;8266,72;465,07;915,39;15288,12;Comment 2644
66330;2020-11-10 20:27:32;2022-06-17 21:03:58;2020-01-10 21:45:36;SO88760;96-7105-64379;40195;43;8644,14;216,65;923,72;856,47;Comment 2645
51296;2021-01-28 00:04:49;2020-05-13 19:39:25;2022-05-23 20:29:57;SO95121;84-7460-34357;29224;48;5274,55;175,7;372,43;5138,29;Comment 2646
24080;2023-04-28 22:25:57;2021-08-28 17:13:29;2023-08-27 09:51:14;SO23525;71-9532-69420;11654;49;9276,73;296;562,06;5272,81;Comment 2647
15154;2020-08-16 07:43:16;2020-01-06 02:55:27;2022-11-05 09:45:24;SO19615;66-4277-92738;23813;36;1641,81;489,08;878,34;7029,09;Comment 2648
49084;2020-01-12 22:31:29;2023-07-22 03:09:37;2023-06-06 12:48:47;SO57846;72-3440-90827;76735;44;646,05;184,85;784,32;12954,61;Comment 2649
74528;2022-05-15 19:56:21;2022-10-23 04:38:10;2022-01-24 09:17:54;SO85174;28-6393-31125;53395;29;2189,75;449,78;556,09;7665,85;Comment 2650
53507;2022-11-21 22:18:58;2023-05-21 13:02:37;2022-02-17 06:32:00;SO71782;28-6393-31125;47888;45;2778,5;250,36;858,6;4223,34;Comment 2651
97559;2022-02-11 16:20:45;2021-12-02 06:27:20;2022-04-17 01:12:52;SO73348;61-5244-70735;86338;38;7776,89;123,13;933,15;12719,58;Comment 2652
22271;2021-10-30 14:23:48;2020-08-13 01:36:53;2021-10-13 21:46:33;SO13845;22-4444-25264;54247;9;5720,08;476,11;423,39;9586,37;Comment 2653
61660;2023-10-16 09:01:53;2022-01-03 17:47:25;2020-04-07 06:45:33;SO85906;74-3185-84739;87648;26;8869,34;356,47;840,4;14292,99;Comment 2654
23881;2022-04-13 23:34:58;2020-01-14 23:07:17;2020-04-25 08:21:31;SO18724;57-9057-83653;31121;48;9029,28;474,58;284,52;7277,91;Comment 2655
91161;2021-03-20 03:24:03;2022-11-08 12:13:46;2020-01-14 00:21:13;SO88428;84-7460-34357;52289;47;5675,55;294,88;881,57;15158,21;Comment 2656
35558;2022-06-15 03:35:07;2021-05-06 17:13:57;2020-08-05 16:46:05;SO57944;60-7449-26711;72474;27;2886,63;478,87;21,27;10188,09;Comment 2657
45337;2020-03-21 23:05:59;2020-06-29 17:02:44;2022-04-14 04:45:24;SO34397;16-3417-49054;53620;44;876,83;356,3;942,36;501,59;Comment 2658
99529;2023-08-08 00:47:15;2020-01-21 20:30:55;2022-12-17 01:08:58;SO20632;75-3751-62094;60703;27;2816,22;109,22;36,53;8384,69;Comment 2659
10614;2020-11-23 17:04:58;2021-10-07 02:39:15;2021-06-16 21:49:58;SO22150;66-4277-92738;28794;35;6906,06;328,84;902,29;6909,5;Comment 2660
28702;2022-04-14 09:17:12;2021-09-03 09:21:05;2021-11-26 12:29:26;SO25875;23-8779-93758;60083;12;4827,11;27,03;165,06;12859,13;Comment 2661
94271;2020-09-30 07:29:42;2023-07-25 11:12:45;2023-11-30 07:45:31;SO29349;35-6579-94037;10844;25;6196,38;486,83;270,19;14734,48;Comment 2662
23776;2023-01-30 20:01:50;2022-12-17 17:08:53;2021-03-31 21:25:02;SO56141;24-7081-87522;49470;21;6867,11;219,62;645,3;1489,67;Comment 2663
35108;2023-06-01 08:57:11;2021-01-25 14:15:09;2023-12-04 12:16:31;SO76871;69-1886-36823;38547;2;425,84;93,37;892,71;10881,93;Comment 2664
84596;2020-09-08 15:01:41;2022-10-09 09:24:08;2021-02-02 21:31:47;SO91216;40-5683-25279;77514;9;4415,8;491,2;443,49;17118,53;Comment 2665
84340;2023-04-06 11:09:25;2021-06-02 03:01:07;2023-07-21 05:01:31;SO70637;84-8862-18518;88945;18;3397,43;79,8;87,25;6978,04;Comment 2666
55980;2021-08-04 16:48:25;2021-11-11 23:38:30;2021-01-18 13:49:29;SO55488;92-2389-56247;96591;4;2443,75;490,17;150,07;7630,39;Comment 2667
56173;2020-04-10 00:19:28;2023-01-17 01:35:20;2020-07-10 17:57:30;SO75236;17-6178-77430;15606;29;652,76;280,75;23,98;16681,71;Comment 2668
99604;2023-01-05 08:39:09;2020-06-29 01:06:30;2022-10-28 23:59:31;SO78905;33-1973-80101;41721;50;3855;394,26;673,39;15615,09;Comment 2669
46377;2023-11-26 22:30:26;2023-06-30 04:07:45;2020-01-30 20:08:52;SO74222;75-7092-97988;51357;9;3115,07;433,32;820,57;650,6;Comment 2670
70744;2020-02-25 17:39:32;2021-12-30 20:03:37;2021-09-14 01:50:58;SO71498;51-7541-34141;49479;34;6520,29;408,68;533,75;18694,06;Comment 2671
42457;2020-12-05 19:33:36;2021-04-21 00:59:52;2023-09-11 13:10:43;SO73663;29-3530-22517;96071;15;1780,47;329,12;170,28;18503,85;Comment 2672
74347;2020-05-17 16:41:37;2021-03-09 00:20:40;2023-02-14 19:03:26;SO75272;63-4608-21366;78182;21;7962,74;59,43;972,78;3483,82;Comment 2673
56990;2020-09-06 04:22:40;2023-02-09 15:39:37;2023-02-24 22:31:10;SO67735;40-2409-67736;77415;44;6773,65;495,53;48,08;3666,09;Comment 2674
31602;2022-05-03 17:37:40;2020-03-03 08:42:42;2021-06-08 21:48:48;SO74602;71-9532-69420;57192;37;768,88;459,79;696,03;6641,83;Comment 2675
10330;2023-05-03 13:19:42;2021-12-26 01:18:14;2020-10-25 20:29:55;SO27643;98-8354-24626;11121;10;5509,33;180,71;685,57;1886,05;Comment 2676
31892;2020-03-11 19:16:28;2021-04-12 17:20:14;2020-07-10 03:30:41;SO49604;78-5514-83427;76113;30;2502,84;390,54;353,29;17090,8;Comment 2677
77502;2022-11-08 23:37:30;2023-06-04 00:22:59;2023-03-18 08:13:17;SO70544;48-2823-67639;48952;26;7635,62;494,62;777,07;6398,37;Comment 2678
13880;2020-01-29 12:30:56;2023-01-30 02:26:57;2021-06-29 22:15:17;SO62107;76-6173-91169;44875;30;8151,24;40,25;647;7458,34;Comment 2679
52748;2020-05-07 13:19:51;2020-08-26 05:07:10;2022-02-10 20:08:54;SO38814;66-2881-24904;20159;35;1859,6;366,36;322,32;15287,81;Comment 2680
79425;2021-12-08 12:04:32;2023-04-18 19:33:27;2020-04-19 10:33:56;SO33735;78-5267-32468;47190;3;3189,21;430,24;322,9;19056,28;Comment 2681
68076;2022-01-12 17:13:20;2021-09-08 15:48:31;2020-11-28 23:04:04;SO47527;78-5514-83427;58599;49;5355,69;430,79;776,27;14504,41;Comment 2682
38027;2020-03-22 08:41:55;2021-09-25 12:04:20;2020-01-19 15:59:56;SO90294;28-6393-31125;29602;21;8755,02;77,98;509,7;14851,52;Comment 2683
70637;2023-02-14 21:27:51;2020-10-21 09:24:40;2022-02-25 06:07:59;SO40151;69-1886-36823;10795;35;5692,52;235,62;619,41;816,6;Comment 2684
76131;2021-04-13 20:39:27;2023-01-31 13:48:17;2023-10-27 03:27:34;SO91579;60-7449-26711;12821;38;9068,02;31,62;851,01;15822,47;Comment 2685
35891;2020-03-28 19:50:24;2021-10-08 15:05:24;2022-11-19 16:17:09;SO40766;44-6968-96958;66507;21;7483,84;68,23;831,72;18977,01;Comment 2686
71338;2021-08-17 03:57:29;2021-08-19 21:09:11;2022-04-17 07:16:38;SO70146;60-7449-26711;91301;49;5747,04;437,06;90,49;994,99;Comment 2687
92422;2020-08-06 04:46:07;2022-12-10 03:20:58;2023-12-09 15:28:49;SO85269;96-7105-64379;41331;20;5988,75;158,8;554,56;5474,02;Comment 2688
61195;2023-03-13 03:52:51;2023-03-05 01:37:44;2021-02-09 12:53:05;SO43593;24-7081-87522;98236;35;782,08;32,75;913,02;13378,64;Comment 2689
70632;2020-09-16 03:30:36;2022-04-28 07:30:43;2020-05-16 23:43:45;SO14198;42-3255-58813;52336;17;7758,84;11,99;885,79;18133,72;Comment 2690
36331;2021-10-08 22:09:00;2023-01-03 18:41:06;2023-01-20 04:41:20;SO69664;84-8862-18518;21634;42;3626,19;168,21;223,85;7180,33;Comment 2691
66634;2023-03-02 21:23:47;2022-11-08 01:41:29;2023-03-08 13:04:37;SO94897;81-3143-56523;96992;25;8733,29;34,89;570,56;824,61;Comment 2692
82175;2021-01-24 11:47:27;2022-07-30 23:52:30;2023-07-26 09:53:42;SO61199;83-7954-63932;15478;28;8613,99;149,79;187,81;17860,33;Comment 2693
49798;2020-09-15 03:36:49;2021-01-06 09:40:31;2020-04-02 06:51:52;SO44527;40-5683-25279;77194;35;7268,2;91,6;334,79;6763,72;Comment 2694
85198;2020-04-02 12:30:04;2022-01-05 05:40:38;2023-03-05 06:13:28;SO60332;63-4608-21366;78043;14;8431,97;107,47;712,37;17971,27;Comment 2695
42467;2023-02-16 19:40:41;2022-01-14 20:47:48;2023-12-11 23:20:16;SO50136;60-7449-26711;52455;10;7926,43;262,12;202,93;6002,35;Comment 2696
93827;2023-08-21 22:08:14;2022-12-22 20:16:15;2020-10-24 14:56:08;SO46306;16-3417-49054;67277;5;1407,24;442,7;808,88;4481,32;Comment 2697
43401;2021-08-14 17:10:57;2023-10-21 04:58:19;2020-05-11 22:00:55;SO90102;85-4116-52037;68038;48;3403,22;401,37;398,3;14741,11;Comment 2698
93150;2022-02-24 07:24:22;2023-12-24 23:40:31;2022-01-31 22:23:54;SO88462;61-5244-70735;57045;26;9369,16;95;729,58;19595,6;Comment 2699
58152;2021-04-13 12:56:55;2021-01-08 01:46:36;2021-11-02 21:54:42;SO20687;17-6178-77430;57811;3;9700,15;208,95;595,73;3722,6;Comment 2700
74041;2023-12-17 12:57:34;2020-08-05 15:57:29;2023-05-29 11:10:14;SO26517;74-3185-84739;68937;41;3472,01;24,33;521,29;14989,66;Comment 2701
14115;2020-02-29 07:37:56;2022-01-25 16:58:20;2022-02-08 13:38:46;SO56440;35-6579-94037;84582;44;6245,34;191,81;768,42;15802,8;Comment 2702
95930;2022-07-12 16:24:04;2022-08-29 03:39:47;2020-11-02 15:42:36;SO12310;24-7081-87522;39725;49;3437,41;68,26;37,44;18573,84;Comment 2703
26105;2021-05-04 23:20:03;2022-12-26 14:11:47;2021-05-24 10:29:57;SO79804;83-7954-63932;67922;39;5742,54;249,81;227,36;4970,09;Comment 2704
76406;2020-06-24 08:24:22;2023-02-06 21:07:36;2020-09-23 02:46:26;SO70287;69-1886-36823;10618;19;1669,88;415,06;876,46;2524,14;Comment 2705
15326;2021-02-22 09:57:02;2021-03-15 00:30:30;2022-03-09 05:35:41;SO49806;78-5514-83427;30145;33;2865,41;188,46;280,76;10918,15;Comment 2706
86036;2022-05-08 12:06:42;2021-11-22 08:29:18;2022-08-23 19:01:06;SO68492;69-1886-36823;49349;28;4172;230,71;39,18;3816,34;Comment 2707
98241;2021-01-31 09:09:00;2021-07-25 02:32:48;2021-10-09 18:09:02;SO35301;57-9057-83653;66889;32;8345,82;312,5;367,1;3563,4;Comment 2708
44116;2020-02-12 21:20:45;2022-01-02 19:55:38;2020-10-28 07:37:09;SO62317;57-9057-83653;47949;44;8286,35;292,85;21,58;14011,94;Comment 2709
93348;2020-09-21 17:27:29;2020-03-20 18:47:17;2023-09-05 16:47:16;SO95942;84-8862-18518;22409;26;5049,93;413,28;211,91;8938,61;Comment 2710
70336;2021-08-15 23:17:22;2022-12-16 17:04:22;2023-02-04 08:12:15;SO59301;35-6579-94037;98720;38;7973,47;452,83;757,19;12020,84;Comment 2711
95582;2020-03-31 23:42:03;2020-05-13 22:00:40;2022-02-17 08:39:42;SO94026;69-8859-80035;68145;30;2095,53;189,66;839,64;6166,1;Comment 2712
31954;2022-02-10 00:56:26;2020-01-16 18:23:42;2022-01-16 06:54:28;SO47626;23-8779-93758;49291;49;2303,97;356,74;839,44;14540,51;Comment 2713
42993;2021-03-21 19:56:04;2023-09-29 16:45:29;2022-03-24 11:01:39;SO47582;44-6968-96958;97806;17;7099,87;119,04;699,88;837,9;Comment 2714
39926;2021-08-26 10:27:48;2020-10-17 19:51:25;2021-08-16 23:38:07;SO55504;75-7092-97988;62924;37;5290,01;346,43;622,71;14248,38;Comment 2715
13612;2023-07-25 15:47:15;2022-06-25 07:20:40;2020-04-23 00:21:21;SO40573;98-8354-24626;76307;29;8307,25;434,84;957,87;1596,32;Comment 2716
41078;2023-05-18 02:13:20;2023-09-02 20:59:13;2020-06-03 00:13:24;SO53534;96-7105-64379;52205;1;6441,28;375,42;218,6;4955,13;Comment 2717
98592;2022-11-15 17:09:01;2022-09-14 17:52:33;2020-11-16 02:48:01;SO26775;60-7449-26711;47997;20;9253,07;244,96;30,15;18924,51;Comment 2718
57897;2023-04-21 16:49:35;2021-07-22 03:03:28;2023-04-30 11:35:15;SO25607;78-5514-83427;28851;38;926,5;36,82;170,09;703,05;Comment 2719
15163;2022-06-22 15:18:10;2023-09-12 20:37:28;2020-01-16 02:49:08;SO92592;53-9319-74957;39594;3;9753,26;382,42;477,46;5123,99;Comment 2720
95796;2022-08-17 17:08:37;2023-02-06 02:03:52;2020-03-08 01:29:07;SO43278;51-7602-22642;61292;30;3460,88;374,27;347,23;11811,36;Comment 2721
60154;2021-02-15 00:01:42;2021-08-07 23:14:30;2021-07-05 11:19:13;SO67417;63-4608-21366;81424;1;861,78;468,78;451,61;5782,68;Comment 2722
76132;2023-05-30 14:13:18;2020-06-12 13:36:34;2021-10-28 20:31:17;SO15472;40-5683-25279;98554;47;2917,87;49,39;194,44;4402,81;Comment 2723
58741;2023-06-06 10:58:16;2021-01-16 15:54:26;2023-12-24 11:57:53;SO69470;74-3185-84739;56016;9;538,66;401,64;893,97;18235,62;Comment 2724
52156;2021-12-19 21:15:11;2020-07-27 08:56:26;2020-05-02 19:15:18;SO20252;75-7092-97988;53381;32;174,26;149,25;238,31;7415,86;Comment 2725
65502;2023-09-29 08:23:01;2022-11-21 16:10:09;2020-10-04 12:01:16;SO38126;30-1489-79011;19518;28;6773,61;453,36;768,56;16520,72;Comment 2726
77975;2020-10-06 02:08:35;2023-08-17 10:23:34;2023-09-08 02:53:55;SO31956;44-6968-96958;59896;36;7566,95;236,96;172,29;4623,2;Comment 2727
43089;2023-01-14 07:40:32;2022-10-03 15:51:12;2022-10-02 04:50:46;SO81722;84-7460-34357;23449;16;9066,3;373,56;880,88;1577,57;Comment 2728
63506;2020-02-18 15:27:54;2021-02-14 21:57:04;2023-09-01 06:37:29;SO83350;24-7081-87522;67508;3;2368,81;276,39;773,33;17065,32;Comment 2729
52328;2022-01-17 00:19:13;2021-06-07 09:57:34;2022-11-16 10:52:48;SO80040;40-5683-25279;44856;22;612,21;101,65;42,81;13133,61;Comment 2730
28723;2023-12-10 00:57:14;2022-10-15 17:25:40;2023-02-23 23:19:57;SO87318;49-7039-68376;12603;41;9775,4;240,29;35,07;16767,26;Comment 2731
63340;2023-02-09 15:15:22;2020-04-01 01:29:15;2023-09-17 13:54:10;SO58081;35-6579-94037;89806;44;7103,27;263,69;610,21;6929,66;Comment 2732
88886;2020-08-12 20:46:10;2021-10-07 18:26:18;2022-08-03 21:32:50;SO87874;44-6968-96958;21611;3;3997,79;469,33;653,78;14636,26;Comment 2733
31932;2023-12-07 00:52:33;2023-05-10 23:27:14;2023-12-10 05:09:54;SO56491;96-7105-64379;29965;15;4666,07;315,18;144,47;1312,18;Comment 2734
27227;2020-07-21 22:41:55;2020-05-13 06:11:37;2021-04-18 22:03:50;SO21694;96-7105-64379;69423;2;8804,55;28,39;672,11;14249,87;Comment 2735
78574;2021-03-02 19:10:12;2022-05-05 23:15:15;2021-03-14 08:30:43;SO27960;69-1886-36823;84359;11;7365,69;158,01;859,4;18461,43;Comment 2736
37144;2021-05-29 04:21:27;2020-10-07 02:39:45;2022-09-30 22:08:43;SO22385;92-2389-56247;74025;37;8188,61;459,66;447,72;848,15;Comment 2737
10507;2021-09-16 17:16:29;2022-02-14 11:44:30;2020-10-29 17:11:27;SO60281;49-7039-68376;57119;30;1226,28;426,11;157,67;6217,73;Comment 2738
67185;2021-01-15 19:10:25;2021-11-18 22:27:42;2023-07-04 01:07:28;SO28010;75-7092-97988;88703;4;8607,02;287,77;534,22;13911,69;Comment 2739
64738;2021-08-23 06:28:43;2021-11-13 17:06:12;2021-10-24 08:57:56;SO96701;51-7541-34141;45542;1;2513,06;19,28;388,13;10440,56;Comment 2740
66867;2022-12-20 22:37:21;2020-05-01 05:34:59;2023-10-02 03:22:57;SO59396;24-7081-87522;41461;23;1474,43;254,06;779,9;12198,97;Comment 2741
70710;2020-06-16 22:17:06;2023-01-19 09:15:15;2021-09-13 05:35:51;SO28934;33-1973-80101;91321;33;9281,48;44,53;586,99;15684,54;Comment 2742
69786;2020-08-13 23:13:10;2022-08-30 05:16:02;2021-11-29 07:13:42;SO32235;78-5267-32468;42650;6;1618,12;445,55;643,85;16171,45;Comment 2743
41272;2022-08-07 14:40:19;2023-09-11 10:23:18;2023-11-11 14:29:57;SO12207;96-7105-64379;83179;21;931,55;499,87;923,96;14014,05;Comment 2744
35725;2020-10-30 15:57:03;2021-07-06 01:23:48;2023-10-13 17:37:38;SO65758;30-1489-79011;82043;9;1826,55;71,4;794,69;6741,31;Comment 2745
38100;2021-03-13 03:41:05;2022-08-30 18:52:43;2021-12-22 14:58:38;SO97389;23-8510-71623;45801;43;4729,33;480,57;621,45;3565,16;Comment 2746
75955;2020-07-11 21:49:06;2020-07-15 15:10:45;2020-04-16 03:31:01;SO24761;86-5535-57031;28190;12;1737,81;133,59;488,44;11237,5;Comment 2747
89747;2020-07-22 01:53:40;2021-05-27 14:45:17;2022-05-12 15:41:18;SO17234;63-4608-21366;26227;17;6233,07;142,94;792,85;10142,15;Comment 2748
55495;2020-01-01 16:11:12;2023-06-25 03:48:32;2022-10-22 02:00:14;SO45051;22-4444-25264;94824;44;6651,7;45,78;288,29;10649,71;Comment 2749
32936;2023-12-23 21:32:50;2022-04-30 07:30:21;2021-08-09 15:55:16;SO26465;97-9859-86247;79354;22;3387,19;60,72;248,48;19664,98;Comment 2750
27051;2021-01-12 15:41:17;2020-08-06 13:13:40;2022-02-20 15:39:00;SO36876;98-8354-24626;12435;27;9597,09;472,22;819,21;4850,38;Comment 2751
33360;2020-11-17 21:13:47;2022-09-06 10:37:35;2020-03-19 17:34:46;SO33887;42-3255-58813;57897;26;4201,97;69,92;882,24;18988,17;Comment 2752
63494;2020-09-05 21:54:10;2023-02-15 17:25:13;2022-04-21 01:37:21;SO92932;24-7081-87522;52293;39;877,26;293,13;499,62;8142,17;Comment 2753
76114;2021-12-09 17:03:06;2021-07-31 05:35:02;2022-02-06 15:28:45;SO39495;75-3751-62094;71247;26;2820;432,03;852,76;3621,02;Comment 2754
88943;2021-10-11 11:04:47;2022-06-22 19:35:13;2020-10-19 15:41:36;SO31617;60-7449-26711;65350;32;5777,04;416,82;318,69;1303,69;Comment 2755
98504;2023-01-20 01:07:09;2021-06-15 19:12:55;2022-12-08 00:03:12;SO72929;29-3530-22517;61796;6;1206,92;392,2;118,46;6187,62;Comment 2756
91097;2023-12-01 07:26:07;2023-11-15 17:17:50;2022-12-25 07:15:55;SO62372;72-3440-90827;56902;33;7101,33;190,21;621,22;16561,11;Comment 2757
91807;2022-06-24 02:47:03;2020-08-30 04:46:27;2022-08-24 06:38:36;SO79780;30-1489-79011;97189;12;661,53;379,69;446,09;19664,77;Comment 2758
21627;2023-10-21 17:14:10;2021-09-02 22:54:44;2021-03-27 18:22:07;SO75116;28-4123-84663;17337;6;8598,31;192,17;770,45;12518,74;Comment 2759
50703;2023-08-13 03:25:58;2022-06-27 13:09:39;2022-08-29 09:05:36;SO84878;78-5514-83427;94276;36;715,42;58,62;405,64;3643,69;Comment 2760
77198;2022-06-12 06:57:43;2021-07-30 21:55:41;2023-03-31 22:28:26;SO48105;81-3143-56523;60563;47;6218,5;201,4;126,47;2525,2;Comment 2761
85331;2023-09-11 15:31:02;2021-07-08 22:11:07;2023-11-23 20:43:14;SO86488;61-5244-70735;96883;33;1730,42;495,67;596,63;5646,23;Comment 2762
77724;2021-01-09 02:49:14;2023-07-01 21:19:47;2022-05-16 15:49:48;SO13503;76-6173-91169;71516;28;2845,35;378;536,42;16175,05;Comment 2763
14795;2022-07-16 04:42:52;2023-06-29 21:16:13;2021-02-14 21:07:56;SO71391;23-8510-71623;61124;40;6247,73;147,63;165,91;11014,54;Comment 2764
89372;2020-12-29 10:01:55;2021-03-09 06:39:42;2021-03-07 05:24:30;SO29040;23-8779-93758;28630;25;980,69;87,22;742,26;589,08;Comment 2765
64871;2023-10-28 14:17:30;2022-05-28 01:02:12;2021-11-11 22:00:40;SO88242;51-7602-22642;83082;38;4437,16;184,76;852,87;17226,41;Comment 2766
56810;2023-10-23 21:25:30;2022-08-08 14:05:25;2023-07-16 12:11:42;SO44070;71-9532-69420;92188;3;7930,32;379,91;550,08;695,58;Comment 2767
25888;2020-12-17 05:14:45;2021-09-24 09:34:58;2023-10-25 05:12:59;SO20451;24-7081-87522;14371;35;2554,21;130,72;644,42;7256,54;Comment 2768
21433;2020-05-28 09:03:42;2023-10-22 07:20:03;2023-11-07 02:12:07;SO85280;53-9319-74957;36543;39;1239,78;239,55;749,9;14903,62;Comment 2769
22209;2021-01-12 06:26:15;2020-08-23 02:50:03;2023-08-14 21:49:31;SO57460;84-7460-34357;74591;11;5505,04;248,12;333,16;12117,32;Comment 2770
81887;2021-04-16 06:06:29;2020-01-30 09:25:29;2020-08-11 16:52:05;SO46931;35-6579-94037;69754;2;6761,09;472,46;897,55;2992,73;Comment 2771
43750;2020-07-17 09:59:50;2020-06-25 10:04:05;2022-01-26 07:44:50;SO36097;23-8779-93758;39017;46;1822,28;168,13;423,11;11500,7;Comment 2772
27521;2020-03-31 18:26:57;2020-02-20 01:27:53;2023-06-08 15:43:27;SO34365;22-4444-25264;94868;4;3141,09;179,32;475,7;10028,37;Comment 2773
63203;2022-08-24 17:28:02;2021-11-01 00:39:56;2023-06-02 15:50:22;SO94271;40-5683-25279;45388;30;1228,54;370,26;296,04;9552,37;Comment 2774
43683;2020-08-24 00:26:49;2020-03-09 08:06:50;2022-02-03 10:17:28;SO30179;23-8779-93758;43264;47;7348,25;349,2;266,46;1756,78;Comment 2775
78941;2022-06-18 13:07:10;2021-02-02 14:37:26;2022-07-18 08:51:42;SO66545;78-5267-32468;17767;19;3770,14;68,22;85,16;13156,95;Comment 2776
71847;2022-05-18 11:22:23;2020-09-22 03:46:42;2023-09-22 16:31:06;SO73932;49-7039-68376;62982;36;9381,53;409,23;14,48;17687,13;Comment 2777
26327;2023-11-23 11:27:48;2023-05-02 00:45:56;2022-02-03 10:02:54;SO45719;98-8354-24626;85085;46;4675,86;226,71;193,43;11882,37;Comment 2778
92435;2023-03-22 12:32:48;2022-07-26 13:47:52;2022-03-05 21:24:32;SO12958;40-5683-25279;91344;39;9906,49;460,21;823,32;15459,3;Comment 2779
56358;2021-08-22 08:21:42;2021-02-27 04:17:03;2022-09-25 21:31:10;SO42738;22-4444-25264;60208;3;7778,07;380,52;340,13;12621,84;Comment 2780
75431;2020-07-24 23:53:29;2023-04-02 18:41:37;2022-01-28 09:48:32;SO68964;51-7541-34141;86080;14;9187,94;175,91;805,34;17892,66;Comment 2781
46414;2020-01-09 01:16:31;2021-03-20 03:18:26;2023-10-09 23:53:38;SO66122;23-8510-71623;71339;41;5254,26;165,54;674,46;2838,31;Comment 2782
70688;2022-09-07 14:12:48;2020-08-31 02:10:28;2023-10-14 21:46:09;SO85814;97-9859-86247;70607;32;687,89;96,92;36,23;2805,95;Comment 2783
80759;2021-12-28 03:38:31;2022-07-28 23:28:14;2022-11-14 13:15:35;SO72887;97-9859-86247;11562;10;6461,95;118,15;169,47;9726,91;Comment 2784
52079;2020-10-23 01:05:47;2021-09-02 23:09:22;2020-10-26 08:35:06;SO71282;28-6393-31125;30880;46;1811,06;355,24;682;17414,55;Comment 2785
38275;2020-07-10 15:32:18;2022-10-09 17:35:37;2022-07-25 03:13:53;SO91357;84-8862-18518;28770;37;5069,01;251,67;523,79;8772,09;Comment 2786
67361;2022-10-09 17:48:42;2022-11-13 22:39:43;2022-09-26 15:20:19;SO36017;98-8354-24626;49541;19;8625,94;476,4;57,18;1582,41;Comment 2787
44299;2021-06-10 10:19:51;2020-01-23 03:03:47;2021-06-01 18:23:27;SO88780;33-1973-80101;46426;9;6476,65;450,39;84,2;7442,45;Comment 2788
22166;2021-08-15 13:49:29;2020-06-11 19:38:30;2023-04-13 02:47:28;SO51199;50-5389-75591;66520;39;8423,4;430,44;877,3;7299,48;Comment 2789
17654;2021-03-07 00:01:49;2020-05-29 00:19:06;2021-11-21 02:55:10;SO41714;98-8354-24626;27683;17;9204,97;133,73;140,93;7330,94;Comment 2790
47860;2021-11-03 15:34:15;2020-10-31 01:47:54;2021-09-04 16:11:21;SO83097;73-8844-80299;44039;18;2556,52;320,33;583,3;12275,81;Comment 2791
78530;2023-07-14 19:06:39;2021-03-23 05:50:14;2022-05-25 14:26:19;SO12081;69-8859-80035;32789;4;1549,72;151,21;304,94;19465,17;Comment 2792
89114;2023-03-24 13:27:43;2020-01-26 08:56:38;2023-06-24 04:01:20;SO28855;84-8862-18518;93645;24;6403,51;115,25;11,23;11882,79;Comment 2793
18102;2020-09-21 14:17:03;2023-01-24 04:41:07;2022-11-19 19:13:43;SO43985;92-2389-56247;91247;35;581,28;136,73;551,86;1691;Comment 2794
73861;2021-12-15 19:45:35;2021-05-15 14:24:56;2022-02-28 04:25:00;SO96797;23-8779-93758;79388;3;4126,3;312,83;999,77;13522,43;Comment 2795
71643;2020-06-12 15:09:57;2021-05-29 17:16:11;2021-09-21 10:55:53;SO75362;66-2881-24904;14625;7;6198,26;268,24;757,85;11778,79;Comment 2796
89266;2023-02-15 06:15:58;2022-12-30 13:00:53;2021-02-17 23:49:12;SO57318;50-5389-75591;84346;46;2000,96;254,4;161,32;18549,3;Comment 2797
42097;2022-05-19 03:50:54;2022-12-30 20:23:45;2020-04-07 18:22:30;SO70100;57-9057-83653;64226;22;8929,18;363,82;389,43;9092,46;Comment 2798
29998;2022-02-03 04:18:24;2022-02-08 02:29:33;2020-08-16 08:34:08;SO83437;17-6178-77430;79448;29;643,13;107,91;279,15;9247,65;Comment 2799
66079;2022-12-10 17:39:44;2023-01-30 08:04:13;2022-11-18 05:10:22;SO59006;30-1489-79011;53183;44;2748,47;163,9;846,22;13097,89;Comment 2800
68022;2023-06-25 00:01:16;2021-01-29 16:20:16;2022-11-02 02:34:34;SO81318;78-5267-32468;39661;26;9821,55;225,75;862,7;10500,67;Comment 2801
36238;2020-02-23 00:11:43;2023-12-27 17:42:23;2021-06-24 14:49:42;SO48735;98-8354-24626;67515;1;298,64;372,45;71,52;19218,39;Comment 2802
99890;2023-11-28 17:43:03;2020-01-03 21:23:48;2023-10-27 15:36:14;SO52537;23-8510-71623;71748;2;2930,08;94,19;467,9;3741,23;Comment 2803
88734;2021-10-30 02:03:57;2022-01-27 17:18:24;2020-01-08 23:43:59;SO67181;23-8779-93758;23039;1;9857,74;274,93;656,26;18154,23;Comment 2804
70764;2023-09-07 23:55:56;2022-05-16 12:59:14;2020-01-01 19:53:33;SO61492;49-7039-68376;68822;21;8074,02;36,93;22,7;327,06;Comment 2805
28801;2022-06-18 02:50:45;2023-08-21 16:52:11;2020-10-29 22:30:55;SO15046;71-9532-69420;43798;33;2023,92;436,63;78,89;6893,83;Comment 2806
24697;2020-09-26 14:36:10;2021-02-01 20:53:57;2022-03-30 19:26:20;SO70130;85-4116-52037;42317;19;9688,58;106,48;944,5;13088,07;Comment 2807
42994;2020-06-01 01:48:24;2020-10-29 17:47:22;2021-06-02 22:35:29;SO14938;51-7602-22642;97573;30;1972,65;438,35;278,26;11815,64;Comment 2808
45046;2020-12-24 21:27:45;2021-04-06 12:12:28;2023-01-28 05:36:57;SO52080;69-1886-36823;45357;19;5595,41;119,45;731,72;3406,31;Comment 2809
61441;2020-06-26 03:19:22;2020-06-12 07:36:58;2020-05-29 01:25:58;SO97891;81-3143-56523;42727;50;5808,5;421,89;24,6;3302,25;Comment 2810
52280;2022-01-24 08:37:23;2023-02-11 11:48:56;2021-04-29 15:13:11;SO20468;78-5267-32468;63525;15;1095,97;413,43;739,04;14427,87;Comment 2811
87576;2023-10-29 15:47:08;2021-08-12 09:17:42;2021-11-14 03:37:19;SO39097;63-4608-21366;22332;19;6472,6;474,46;215,54;8934,68;Comment 2812
61563;2023-01-14 07:23:03;2023-12-08 20:02:22;2022-10-12 21:09:03;SO94175;78-5267-32468;32391;27;4416,94;83,63;256,3;6512,21;Comment 2813
81993;2021-08-04 22:17:21;2020-09-15 19:10:14;2022-09-16 12:48:15;SO50338;16-3417-49054;44026;7;9212,8;283,94;144,17;5913,73;Comment 2814
52618;2022-12-20 13:57:48;2020-04-28 18:23:04;2020-09-28 01:50:32;SO66583;42-3255-58813;59304;47;6614,46;200,59;803,49;7742,96;Comment 2815
96955;2022-09-20 09:58:21;2023-01-21 20:38:10;2020-12-30 00:07:11;SO22863;75-3751-62094;55088;1;5346,26;336,54;321,12;2548,43;Comment 2816
35539;2023-09-30 15:59:59;2023-02-24 20:42:39;2021-08-12 16:01:28;SO12133;42-3255-58813;68816;17;1714,29;58,04;30,55;18609,21;Comment 2817
52795;2020-02-05 02:55:48;2020-06-15 11:48:46;2020-01-20 05:38:34;SO54080;92-2389-56247;90776;34;4175,31;426,24;387,9;18282,4;Comment 2818
88844;2023-05-02 08:26:02;2020-06-19 19:18:55;2022-01-02 10:17:08;SO68067;66-2881-24904;56626;29;582,78;347,48;817,16;1946,87;Comment 2819
48073;2023-12-14 23:20:02;2021-03-09 05:52:18;2021-10-21 20:56:31;SO70017;44-6968-96958;90848;27;5061,18;480,35;622,24;12466,14;Comment 2820
92910;2022-01-01 18:25:48;2023-03-04 02:26:56;2021-08-02 04:07:03;SO80626;42-3255-58813;53021;14;6569,27;133,16;405,74;9982,48;Comment 2821
87958;2021-01-30 20:32:57;2022-08-15 12:42:46;2022-07-28 17:25:43;SO74983;86-5535-57031;86786;8;7865,96;375,31;60,03;17213,01;Comment 2822
35229;2022-03-20 13:06:55;2021-12-01 14:31:39;2023-05-20 21:39:22;SO38026;69-1886-36823;52907;29;1608,2;207,05;496,84;19629,93;Comment 2823
55529;2022-01-19 05:25:58;2020-08-03 16:29:51;2021-11-29 18:12:46;SO14033;97-9859-86247;10157;41;6606,76;97,7;720,76;12846,47;Comment 2824
59795;2021-06-24 02:07:52;2022-08-07 13:25:57;2023-10-30 09:38:11;SO49621;24-7081-87522;83228;20;6068,46;387,6;616,45;12963,8;Comment 2825
41005;2023-06-05 21:51:10;2022-09-15 18:20:35;2023-07-02 22:03:59;SO33372;63-4608-21366;99196;25;9817,24;370,12;112,96;7813,05;Comment 2826
26906;2023-01-12 14:17:27;2023-12-20 03:14:27;2021-03-30 19:16:37;SO32241;50-5389-75591;18609;40;6136,92;418,61;235,64;4501,09;Comment 2827
22840;2023-08-02 12:42:00;2022-09-23 16:30:37;2020-08-03 06:13:40;SO52359;30-1489-79011;76288;45;463,4;430;281,87;10592,18;Comment 2828
99170;2020-03-09 20:07:59;2020-11-17 12:34:18;2022-06-01 11:18:26;SO34940;22-4444-25264;87090;9;6447,26;271,49;317,79;2996,79;Comment 2829
73752;2022-11-05 07:17:40;2021-04-12 00:11:12;2020-06-30 00:05:22;SO57971;73-8844-80299;61123;25;3426,4;444,28;779,06;8877,5;Comment 2830
71167;2020-07-01 07:12:40;2022-12-31 08:19:47;2020-04-11 15:47:34;SO79743;74-3185-84739;90528;39;5696,48;374,69;443,62;11281,85;Comment 2831
27827;2020-12-06 05:42:18;2020-01-05 03:32:46;2022-10-11 20:12:32;SO83539;57-9057-83653;94492;24;5911,87;444,99;145,44;13279,64;Comment 2832
43322;2020-12-13 12:36:46;2020-05-18 17:10:34;2022-06-30 21:29:45;SO21267;74-3185-84739;14598;21;536,04;345,11;814,05;9890,82;Comment 2833
43537;2023-07-07 19:21:35;2020-10-21 23:24:51;2022-08-30 07:50:51;SO80914;16-3417-49054;96038;49;7283,65;95,27;273,24;8252,33;Comment 2834
90375;2022-12-17 00:59:37;2023-09-14 18:06:14;2023-12-27 21:16:26;SO81139;63-4608-21366;14314;29;9402,76;462,88;62,48;8539,04;Comment 2835
26604;2023-02-05 03:27:12;2021-01-19 04:42:59;2022-03-09 19:34:06;SO24637;17-6178-77430;10436;37;6060,05;325,18;565,23;17495,82;Comment 2836
53299;2020-03-13 23:01:30;2022-02-19 13:06:49;2020-08-09 01:48:08;SO53009;50-5389-75591;30698;17;3582,57;472,59;867,42;1704,59;Comment 2837
20396;2023-09-02 16:25:07;2022-12-18 08:07:56;2022-10-04 07:32:23;SO45551;24-7081-87522;32277;43;6914,27;364,07;54,37;5942,99;Comment 2838
81771;2020-03-01 23:48:43;2022-03-08 17:13:50;2021-06-27 12:56:22;SO57282;66-4277-92738;39535;20;4810,57;276,28;280,1;755,87;Comment 2839
65126;2023-03-11 12:24:14;2020-06-11 19:52:15;2022-05-01 20:33:35;SO76199;51-7541-34141;96541;4;9000,65;102,83;8,73;12383,45;Comment 2840
58045;2023-12-23 16:52:01;2021-07-16 20:22:37;2023-05-03 04:37:44;SO51191;74-3185-84739;34424;24;1773,97;354,3;153,37;11905,13;Comment 2841
57736;2021-12-10 00:00:41;2022-04-10 14:35:46;2022-04-26 01:45:33;SO10870;92-2389-56247;45220;41;4183,22;129,01;685,51;10329,36;Comment 2842
51810;2022-01-29 11:39:56;2020-01-24 02:08:12;2020-12-23 18:18:34;SO85546;40-2409-67736;92110;13;3784,44;363,61;977,59;428,72;Comment 2843
19448;2020-06-12 01:40:27;2023-11-08 16:08:09;2022-05-13 16:48:28;SO46687;86-5535-57031;11222;8;3276,28;263;653,09;4237,3;Comment 2844
78750;2021-10-17 03:03:59;2021-05-04 02:53:39;2022-06-22 07:22:29;SO16665;98-8354-24626;54665;7;6761,12;330,87;616,99;17772,9;Comment 2845
55206;2021-09-30 17:47:07;2021-09-01 22:31:45;2023-01-24 03:20:12;SO52417;48-2823-67639;19627;13;7294,57;313,04;972,48;16956,44;Comment 2846
10001;2022-01-31 14:31:09;2022-03-15 21:44:20;2023-09-08 23:33:53;SO78666;92-2389-56247;50268;26;3563,6;296,88;950,8;1732,4;Comment 2847
51562;2023-04-05 01:29:44;2020-10-29 08:59:11;2021-03-12 17:45:21;SO93406;86-5535-57031;10389;31;6127,23;166,98;63,38;740,27;Comment 2848
16314;2020-12-25 23:14:06;2022-10-11 17:57:09;2022-08-19 14:17:54;SO70219;51-7602-22642;92599;46;4046,24;451,89;479,03;5179,01;Comment 2849
75320;2022-03-18 03:19:57;2021-06-17 23:36:34;2022-06-24 10:43:52;SO29593;85-4116-52037;75874;32;465,23;340,33;294,33;8813,72;Comment 2850
20863;2021-02-20 13:54:29;2023-05-02 16:57:29;2021-05-01 10:41:16;SO47332;83-7954-63932;33672;14;2022,64;126,07;817,27;14487,54;Comment 2851
82510;2022-09-05 22:42:56;2023-08-06 08:21:07;2023-12-13 00:10:50;SO70819;28-6393-31125;59906;18;8746,06;117,13;638,55;7532,17;Comment 2852
61772;2021-04-18 16:02:10;2023-11-30 07:00:07;2021-04-15 13:48:47;SO27315;84-7460-34357;91946;7;3931;97,67;351,81;2673,25;Comment 2853
73466;2020-08-27 15:34:33;2022-05-26 23:04:27;2020-07-01 08:36:27;SO55483;75-7092-97988;37592;1;1474,23;139,35;957,67;17731,54;Comment 2854
96523;2020-10-26 16:07:57;2020-05-28 09:16:23;2022-01-02 11:21:43;SO29769;69-1886-36823;56954;43;7158,78;281,64;147,9;14654,88;Comment 2855
26421;2021-05-07 23:01:19;2022-09-16 23:47:14;2021-06-20 22:58:58;SO41543;23-8779-93758;81464;44;616,9;339,35;758,66;17473,21;Comment 2856
71717;2021-03-22 18:02:52;2021-08-09 17:56:08;2023-12-22 12:34:01;SO38099;29-3530-22517;96479;35;9410,79;259,88;801,86;5115,43;Comment 2857
68301;2023-10-31 13:51:47;2021-02-10 16:19:00;2020-05-21 05:30:08;SO16706;28-6393-31125;57238;23;8315,04;363,37;386,8;15052,45;Comment 2858
78592;2020-03-18 23:18:02;2021-04-03 02:08:13;2021-06-22 21:48:27;SO18073;97-9859-86247;37424;35;2282,45;288,45;892,33;7981,36;Comment 2859
18262;2023-06-07 23:46:35;2022-08-04 08:02:09;2022-10-01 22:09:15;SO74860;57-9057-83653;53650;11;4064,04;196,22;321,66;3851,8;Comment 2860
20048;2022-01-19 17:20:23;2021-03-27 17:47:44;2020-07-15 12:33:30;SO11741;85-4116-52037;74281;19;4054,11;129,34;549,29;10987,39;Comment 2861
80256;2020-06-12 19:21:04;2021-05-17 11:05:37;2022-01-09 02:01:32;SO83954;83-7954-63932;43532;28;3757,51;293,07;763,73;6127,06;Comment 2862
66718;2022-06-11 18:23:20;2021-03-11 19:08:52;2020-09-01 05:47:08;SO57911;51-7602-22642;26419;38;3834,86;217,28;788,76;15378,88;Comment 2863
23132;2022-09-09 01:41:35;2023-01-09 16:43:53;2021-08-04 14:32:26;SO48297;61-5244-70735;90957;8;8605,83;155,29;894,78;11268,83;Comment 2864
84819;2021-07-16 01:09:32;2022-07-05 22:23:05;2020-12-18 20:10:45;SO38741;75-7092-97988;60515;24;1683,98;449,62;584,08;10863,47;Comment 2865
14269;2021-07-28 03:46:22;2022-05-20 02:59:06;2021-03-27 05:11:35;SO29384;40-5683-25279;12431;21;9812,27;490,83;771,28;4437,66;Comment 2866
40630;2020-11-14 13:22:30;2020-01-30 00:55:53;2023-08-29 00:51:32;SO57473;63-4608-21366;85461;40;395,25;196,38;144,4;9124,3;Comment 2867
50007;2020-09-08 12:08:33;2023-11-09 18:47:20;2020-01-31 17:28:09;SO60875;86-5535-57031;22855;39;6506,74;443,05;880,33;18414,24;Comment 2868
68166;2022-03-16 15:13:16;2023-02-20 19:18:27;2021-04-03 15:50:17;SO17350;83-7954-63932;78631;29;6634,4;160,36;316,71;6664,84;Comment 2869
36762;2021-11-04 15:00:58;2020-12-07 12:12:25;2022-08-31 04:41:25;SO52252;78-5267-32468;54647;47;6710,47;123,98;117,68;4884,08;Comment 2870
62280;2023-07-07 06:48:24;2021-09-07 14:12:39;2020-03-25 01:46:51;SO86380;72-3440-90827;40751;49;4387,71;478,47;476,79;14028,25;Comment 2871
32626;2021-05-30 12:30:35;2020-01-21 07:48:55;2020-09-05 23:50:48;SO31656;44-6968-96958;14278;49;6267,99;153,68;202,57;6150,92;Comment 2872
84063;2023-07-25 04:37:37;2021-07-24 20:36:40;2021-10-01 20:11:04;SO56373;35-6579-94037;30001;12;5085,88;398,41;885,78;15621,12;Comment 2873
17616;2020-05-10 06:49:27;2021-12-09 13:07:51;2022-05-21 14:29:10;SO88044;69-8859-80035;91471;26;2446,89;169,75;373,51;10838,02;Comment 2874
52126;2022-08-26 07:16:29;2023-03-15 14:07:21;2022-10-06 17:38:38;SO84973;84-8862-18518;16682;50;3409,21;195,92;403;11168,84;Comment 2875
61748;2022-12-15 21:24:37;2021-12-03 00:16:13;2022-01-06 18:47:43;SO98920;40-5683-25279;82771;33;3207,82;124,63;757,02;19027,49;Comment 2876
59809;2023-09-20 00:31:37;2023-01-13 16:42:16;2020-06-11 22:38:16;SO21212;30-1489-79011;33227;11;7976,23;330,42;847,81;14748,06;Comment 2877
49994;2022-05-03 16:40:55;2021-06-17 15:45:58;2021-02-07 18:11:45;SO66989;78-5514-83427;71308;29;3584,49;136,47;790,76;9579,82;Comment 2878
16816;2022-08-27 12:04:08;2021-07-08 09:04:22;2023-06-27 16:50:02;SO43729;75-3751-62094;18760;37;4319,63;337,96;264,38;1865,64;Comment 2879
13043;2021-07-11 11:45:59;2020-11-06 13:16:49;2021-03-06 09:48:02;SO75917;75-3751-62094;57290;21;4038,3;329,92;411,46;15495,59;Comment 2880
17187;2022-11-05 08:17:43;2022-05-19 18:48:42;2020-07-11 00:46:05;SO52189;66-4277-92738;57197;41;7666,74;331,49;392,72;2991,72;Comment 2881
27200;2022-07-30 23:37:37;2021-08-28 17:22:23;2022-02-28 21:37:35;SO37358;48-2823-67639;12449;24;3403,43;277,12;380,15;7918,17;Comment 2882
69338;2023-01-22 20:35:25;2021-02-27 12:41:51;2022-07-29 13:19:09;SO44830;69-8859-80035;89928;35;1196,16;183,87;584,28;14231,35;Comment 2883
81084;2020-10-13 10:38:56;2023-11-03 14:17:36;2022-11-07 16:07:10;SO28096;85-4116-52037;25134;24;5217,08;224,62;159,23;11628,3;Comment 2884
60301;2021-09-14 12:00:54;2020-07-01 01:23:05;2022-06-12 10:21:53;SO63809;28-6393-31125;16984;3;5669,43;155,59;535,7;6209,22;Comment 2885
81833;2020-09-12 11:42:28;2023-11-29 06:39:45;2020-06-11 18:49:56;SO89817;22-4444-25264;37624;17;8221,16;335,8;122,14;3097,46;Comment 2886
76880;2020-12-01 07:27:11;2022-06-29 03:54:36;2023-07-19 18:06:50;SO63208;51-7541-34141;20480;9;8017,95;54,6;260,12;10789,81;Comment 2887
75954;2022-02-12 14:15:01;2021-09-21 14:17:45;2022-01-02 00:45:10;SO82510;23-8779-93758;80602;13;3176;80,34;733,91;16679,88;Comment 2888
33521;2020-08-31 10:25:42;2020-12-24 21:17:11;2023-04-06 16:22:38;SO60912;42-3255-58813;89795;29;229,48;109,83;380,44;13106,22;Comment 2889
52679;2020-12-23 16:41:19;2022-09-05 19:06:22;2023-10-17 07:34:46;SO99295;24-7081-87522;65225;21;7609,36;333,01;161,38;11955,5;Comment 2890
65551;2022-07-06 03:23:12;2021-12-28 00:23:23;2021-03-19 13:19:18;SO34676;57-9057-83653;93182;1;8685,6;231,98;474,54;17718,55;Comment 2891
41797;2022-12-21 17:58:01;2023-01-09 09:06:58;2021-09-25 12:36:04;SO38216;71-9532-69420;45803;17;592,69;273,99;775,97;15859,81;Comment 2892
15791;2020-05-10 06:30:41;2021-03-07 14:16:58;2021-12-02 17:37:13;SO75345;63-4608-21366;71324;13;7624,48;317;680,75;1619,78;Comment 2893
62709;2020-08-20 17:58:27;2021-01-03 11:49:42;2022-07-02 23:59:00;SO49429;40-2409-67736;11845;45;4649,23;243,14;775,08;18605,71;Comment 2894
84797;2020-03-21 19:11:43;2020-03-06 21:31:15;2021-09-22 05:49:30;SO63054;85-4116-52037;60605;23;7748,8;273,14;725,4;1597,03;Comment 2895
64250;2020-07-31 09:13:09;2021-03-20 09:13:14;2023-07-28 13:14:40;SO74970;69-1886-36823;20081;11;8333,65;118,39;321,19;19009,6;Comment 2896
74811;2023-05-05 19:35:49;2021-09-04 18:12:49;2020-04-21 14:51:09;SO34236;48-2823-67639;91030;13;1590,51;302,56;702,86;899,68;Comment 2897
83893;2021-08-15 03:16:34;2020-07-02 07:09:23;2021-01-22 11:41:32;SO31247;97-9859-86247;63596;40;4152,62;361,01;324,79;16147,48;Comment 2898
97090;2022-10-16 18:44:22;2022-11-20 19:04:52;2020-11-16 00:25:13;SO47203;28-4123-84663;16437;38;8079,71;310,01;633,27;10347,91;Comment 2899
54936;2020-07-07 14:14:20;2023-05-12 13:13:28;2020-11-28 12:03:33;SO67246;76-6173-91169;49316;1;4182,22;236,13;338,14;18322;Comment 2900
84155;2020-05-31 13:37:24;2021-10-04 10:11:54;2022-10-22 02:20:39;SO26671;78-5514-83427;28743;46;1392,16;260,07;449,4;6632,37;Comment 2901
77493;2021-03-18 12:19:32;2020-03-03 15:09:54;2021-01-30 12:10:17;SO47771;48-2823-67639;51746;30;9524,88;261,16;333,49;16127,57;Comment 2902
42931;2023-09-02 05:29:56;2022-06-07 18:27:27;2022-06-30 17:39:20;SO83671;29-3530-22517;64819;9;2343,6;293,95;476,3;18962,27;Comment 2903
16480;2023-12-06 09:22:15;2021-02-06 11:14:34;2020-12-29 10:40:56;SO78624;50-5389-75591;31872;33;2277,38;271,89;698,08;11412,05;Comment 2904
68550;2020-12-29 16:43:39;2021-08-28 02:40:14;2020-10-31 13:03:59;SO65485;69-8859-80035;64506;29;6437,81;448,75;932,73;3311,43;Comment 2905
48514;2023-02-12 05:22:43;2023-07-24 15:30:58;2023-08-19 12:51:52;SO59418;78-5267-32468;92197;32;1583,77;54,08;305,7;10998,92;Comment 2906
62905;2021-01-24 13:15:19;2020-07-05 05:20:16;2021-06-22 07:45:23;SO94657;57-9057-83653;91058;27;4830,47;395,01;515,39;17722,54;Comment 2907
84829;2023-08-27 21:31:22;2022-05-19 00:30:40;2021-01-23 10:03:26;SO83901;29-3530-22517;32566;41;2595,98;17,32;265,8;12509,25;Comment 2908
49540;2022-02-09 05:10:58;2020-07-05 05:03:37;2020-02-12 14:39:16;SO80406;78-5267-32468;62504;25;6929,12;419,4;481,58;8507,75;Comment 2909
18634;2021-04-24 17:42:24;2021-03-08 20:30:00;2022-03-08 09:09:32;SO60763;63-4608-21366;90416;14;8387,06;118,4;57,46;14250,18;Comment 2910
41726;2023-04-20 06:18:17;2020-12-16 00:58:32;2023-02-21 03:06:03;SO71121;30-1489-79011;32365;23;7957,62;290;826,8;19926,89;Comment 2911
63786;2020-07-11 05:57:40;2023-05-04 03:27:29;2022-08-09 10:16:27;SO59199;53-9319-74957;57073;24;2476,3;351,37;172,59;15398,65;Comment 2912
57411;2022-11-10 02:28:52;2023-12-23 02:59:18;2023-05-12 02:11:25;SO38385;42-3255-58813;66144;2;6889,7;111,46;762,2;15840,18;Comment 2913
79649;2022-12-20 16:43:00;2021-11-01 21:53:15;2023-09-23 17:17:32;SO50370;69-1886-36823;91454;38;368,97;229,69;610,36;15969,23;Comment 2914
25964;2021-09-21 16:52:19;2020-09-28 10:41:42;2020-02-27 01:00:05;SO99467;51-7541-34141;46560;14;5132,59;261,82;884,55;4322,64;Comment 2915
92457;2023-05-03 15:36:45;2022-03-15 08:21:03;2021-12-13 20:41:54;SO98792;28-6393-31125;99842;14;2820,65;277,96;876,95;19784,01;Comment 2916
86816;2021-11-04 19:19:23;2023-06-02 04:00:25;2020-02-27 12:44:11;SO69578;74-3185-84739;72820;17;6518,25;118,09;202,88;3180,37;Comment 2917
77240;2020-11-01 19:57:57;2022-12-05 03:08:19;2021-05-06 05:13:07;SO97112;83-7954-63932;29536;19;6111,47;431,28;636,33;6789,88;Comment 2918
62640;2021-07-12 06:39:14;2022-07-12 21:49:09;2020-10-27 18:38:12;SO73030;49-7039-68376;44140;31;4920,84;455,43;459,28;254,7;Comment 2919
76998;2022-10-25 14:36:30;2023-04-16 10:55:04;2020-06-10 22:11:28;SO20922;17-6178-77430;13595;22;1812,83;41,87;836,54;15694,99;Comment 2920
62288;2020-11-29 12:16:28;2020-11-23 02:12:03;2023-05-01 21:18:38;SO72257;86-5535-57031;69105;26;3135,67;205,32;84,9;11920,28;Comment 2921
78896;2020-01-29 23:50:03;2021-10-15 07:44:22;2020-06-18 13:01:20;SO42917;84-7460-34357;81367;13;8185,1;88,22;609,29;3156,26;Comment 2922
98215;2020-06-16 10:50:15;2022-01-11 20:02:23;2021-09-21 00:13:56;SO22097;81-3143-56523;14390;26;6548,73;306,24;842,39;7069,51;Comment 2923
98595;2020-08-18 03:10:11;2022-10-25 17:40:41;2020-06-23 17:35:39;SO81181;28-6393-31125;50046;17;2623,55;269,13;113,99;11615,71;Comment 2924
71756;2023-06-16 05:15:14;2022-10-04 10:58:08;2022-01-04 23:21:39;SO56379;83-7954-63932;57303;22;6646,77;442,24;467,76;18599,26;Comment 2925
60399;2020-09-13 23:28:14;2020-10-19 17:17:59;2020-04-11 02:00:52;SO65048;84-8862-18518;66362;5;5990,41;240,85;802,34;16828,38;Comment 2926
20163;2020-01-07 13:52:59;2022-03-07 17:40:14;2023-09-14 03:36:45;SO68147;35-6579-94037;51624;8;7118,23;370,53;39,46;16005,51;Comment 2927
41557;2022-01-29 14:20:03;2023-12-18 23:02:25;2022-06-10 03:00:07;SO61914;30-1489-79011;99644;1;6146,51;439,07;467,92;6798,31;Comment 2928
77274;2023-11-22 19:55:43;2021-05-08 05:18:41;2022-11-05 19:18:13;SO57069;74-3185-84739;44437;5;9213,91;337,77;589,82;10943,06;Comment 2929
84008;2021-09-01 05:47:36;2023-04-08 14:26:55;2022-11-24 06:04:28;SO91400;24-7081-87522;94081;45;5704,3;39,53;207,31;8610,64;Comment 2930
42432;2020-01-22 16:49:58;2022-04-26 09:05:04;2021-09-25 13:47:28;SO16906;40-5683-25279;13529;13;477,09;42,06;451,85;192,49;Comment 2931
17877;2022-02-25 09:28:34;2022-06-10 14:48:11;2021-04-23 14:03:42;SO76940;81-3143-56523;59631;34;8092,78;160,92;769,41;17358,88;Comment 2932
12048;2021-07-30 23:15:13;2020-09-21 19:20:34;2023-12-10 17:12:46;SO55972;74-2176-61667;74907;3;8908,31;233,05;411,17;15200,34;Comment 2933
57632;2021-07-07 16:14:53;2023-10-08 13:16:18;2021-02-14 04:26:55;SO18443;72-3440-90827;16782;50;9226,03;136,6;424,75;17269,24;Comment 2934
46543;2020-11-01 14:12:52;2020-06-13 02:03:38;2023-07-07 23:59:53;SO81422;75-7092-97988;36643;26;9523,5;93,45;165,65;9483,36;Comment 2935
72932;2022-04-09 23:50:10;2020-10-31 09:07:20;2020-08-12 06:09:00;SO81534;23-8510-71623;58835;46;1399,1;34,06;634,42;10976,88;Comment 2936
68827;2020-02-24 20:49:47;2021-10-22 04:47:04;2022-02-13 19:18:06;SO47421;35-6579-94037;54643;6;4896,2;353,59;824,49;19787,25;Comment 2937
45058;2020-07-09 15:13:44;2020-05-10 12:54:59;2021-07-07 00:15:23;SO52911;84-7460-34357;75992;3;8839,86;189,91;15,25;11275,68;Comment 2938
53274;2023-05-31 20:45:04;2023-08-08 23:18:27;2020-06-21 20:55:33;SO40945;30-1489-79011;84477;45;5522,63;477,7;381,25;1689,13;Comment 2939
43313;2020-04-07 00:50:01;2022-07-24 04:46:29;2022-10-13 18:10:55;SO25058;78-5267-32468;55382;24;1559,7;309,68;486,5;18301,47;Comment 2940
48926;2021-03-22 05:30:59;2021-04-18 20:33:38;2021-11-01 14:34:36;SO79706;16-3417-49054;36915;44;2804,26;285,43;310,28;19064,95;Comment 2941
54663;2020-10-26 05:32:56;2021-03-07 06:48:58;2023-09-25 23:58:55;SO38391;75-3751-62094;62897;35;8485,32;491,84;165,39;6765,95;Comment 2942
38119;2020-03-20 18:54:17;2020-02-26 11:05:42;2021-12-28 17:26:38;SO37616;81-3143-56523;56035;27;8428,29;88,71;253,67;6954,8;Comment 2943
77831;2023-10-07 12:53:06;2022-12-19 16:42:25;2020-05-30 18:43:55;SO39950;63-4608-21366;32010;25;6910,7;379,9;287,72;19439,07;Comment 2944
61389;2021-11-18 14:07:38;2023-06-03 04:47:11;2023-04-27 17:04:38;SO57953;98-8354-24626;11827;5;4159,52;36,92;46,34;4175,95;Comment 2945
37481;2023-04-15 05:08:50;2023-11-12 01:04:40;2021-05-09 15:31:12;SO43406;50-5389-75591;30010;38;6098,4;478,28;41,75;7851,38;Comment 2946
60723;2022-06-25 15:50:31;2021-01-27 22:13:55;2022-09-01 02:37:26;SO61128;98-8354-24626;39556;12;753,19;406,92;266,36;5412,55;Comment 2947
34381;2020-04-24 00:40:03;2022-03-05 15:14:20;2021-01-17 04:20:44;SO15459;78-5267-32468;50748;19;2909,1;323,19;674,07;2826,97;Comment 2948
95716;2021-07-02 13:29:39;2023-03-24 08:43:00;2023-03-16 02:47:17;SO95521;49-7039-68376;42536;21;2470,73;247,16;281,19;9145,38;Comment 2949
82329;2021-07-24 03:04:01;2021-08-14 06:07:59;2023-05-13 02:54:58;SO79529;42-3255-58813;26092;16;370,11;49,09;440,68;7344,17;Comment 2950
40353;2021-01-15 06:26:35;2023-03-21 05:57:28;2021-09-01 08:33:34;SO77270;22-4444-25264;86389;28;8897,69;289,52;882,86;4352,39;Comment 2951
65897;2022-12-15 12:21:29;2020-02-04 11:41:20;2023-06-13 04:01:33;SO31993;51-7541-34141;85790;13;4867,23;428,13;116,29;4333,49;Comment 2952
39800;2023-11-30 12:43:30;2022-02-16 23:28:19;2022-11-27 17:42:23;SO82406;53-9319-74957;33930;46;1276,59;96,5;946,71;12707,8;Comment 2953
40194;2020-04-14 15:34:21;2021-12-25 21:29:10;2022-11-26 01:03:38;SO27169;16-3417-49054;95885;39;7503,83;346,6;826,17;13545,44;Comment 2954
72910;2022-08-05 01:00:54;2021-05-30 07:38:42;2023-05-28 13:40:35;SO25178;81-3143-56523;74955;34;1242,31;400,92;768,87;9065,75;Comment 2955
72087;2021-04-21 21:49:36;2023-11-22 17:23:38;2021-08-21 21:43:43;SO83795;40-5683-25279;73269;12;4650,05;351,39;655,44;6477,1;Comment 2956
36130;2023-03-22 11:15:28;2020-06-20 23:23:33;2021-12-13 23:45:56;SO94333;74-2176-61667;98581;1;1924,4;464,36;248,76;6229,7;Comment 2957
38507;2023-08-22 16:41:47;2023-06-05 00:29:22;2021-06-08 10:20:12;SO79604;85-4116-52037;67985;4;490,3;426,96;233,99;8477,23;Comment 2958
90857;2021-08-20 01:37:08;2023-04-05 07:37:53;2020-10-29 04:52:36;SO63911;60-7449-26711;51777;42;5964,19;281,11;131,91;13547;Comment 2959
57165;2023-01-09 05:09:47;2020-01-31 01:19:09;2020-12-10 08:15:31;SO54194;30-1489-79011;52451;1;9879,96;75,72;253,4;5525,36;Comment 2960
34059;2021-06-24 16:22:57;2020-08-06 21:56:13;2021-02-16 10:21:51;SO62110;84-8862-18518;73214;26;9676,34;197,96;604,22;18126,26;Comment 2961
63761;2023-08-23 22:40:48;2022-09-15 09:28:36;2023-05-01 08:12:54;SO33339;81-3143-56523;47478;15;7200,15;33,15;533,16;3849,65;Comment 2962
64333;2022-04-26 22:40:34;2020-05-05 00:55:48;2020-10-14 09:43:24;SO73380;22-4444-25264;14986;5;3968,49;53,58;993,99;9575,4;Comment 2963
48221;2022-11-30 21:54:52;2021-01-29 16:15:10;2022-02-27 20:22:38;SO23936;75-3751-62094;96809;20;8917,79;304,96;375,25;13001,12;Comment 2964
14349;2022-01-20 10:35:29;2022-11-01 13:14:19;2020-01-28 00:03:33;SO81753;61-5244-70735;80130;4;9169,84;143,94;247,5;13907,34;Comment 2965
47525;2023-09-27 17:32:56;2022-02-14 06:51:50;2023-02-04 14:15:24;SO30435;69-8859-80035;28740;15;1228,53;67,77;383,83;13025,23;Comment 2966
25236;2022-04-10 11:58:38;2021-08-10 05:37:30;2021-11-23 23:47:12;SO91972;63-4608-21366;60901;33;9297,92;45,58;600,66;16318,82;Comment 2967
24679;2023-03-24 23:15:58;2022-05-12 03:40:07;2023-08-13 08:54:03;SO91786;86-5535-57031;52485;22;1809,28;281,32;703,28;12460,04;Comment 2968
68809;2023-10-07 06:24:08;2020-09-21 07:33:34;2022-01-10 21:35:50;SO23855;92-2389-56247;23264;47;5875,39;20,04;914,69;1198,24;Comment 2969
30566;2020-02-13 01:15:08;2023-03-09 16:13:05;2021-10-19 09:28:21;SO86867;84-7460-34357;60629;36;6475,4;49,32;654,33;11256,6;Comment 2970
62682;2023-10-11 08:49:40;2020-12-23 07:25:57;2022-09-23 05:20:16;SO18406;17-6178-77430;26312;39;1853,87;17,56;375,59;3460,55;Comment 2971
83554;2021-12-31 03:37:30;2020-08-16 00:36:12;2020-07-12 19:47:06;SO51125;44-6968-96958;25109;45;8596,29;386,48;872,76;4939,69;Comment 2972
83034;2022-05-05 21:03:10;2022-01-24 22:18:23;2020-03-16 19:43:20;SO86442;66-2881-24904;79345;19;7136,11;225,5;838,82;13301,37;Comment 2973
72792;2021-02-07 04:55:12;2023-03-10 23:02:09;2023-06-06 08:52:58;SO47721;51-7541-34141;47811;41;5605,43;352,95;909,58;18139,08;Comment 2974
69210;2023-03-04 07:39:38;2021-06-24 06:06:45;2021-06-16 11:11:44;SO58165;22-4444-25264;87791;28;5627,35;379,33;356,69;13551,06;Comment 2975
49505;2023-05-31 17:54:46;2020-12-27 23:38:18;2022-06-09 17:34:05;SO75256;50-5389-75591;10204;21;9218,43;335,64;258,35;12697,86;Comment 2976
77787;2021-05-10 11:14:42;2023-03-19 03:40:54;2020-01-30 22:48:12;SO67478;61-5244-70735;69041;8;8257,85;209,22;301,85;4830,61;Comment 2977
86491;2021-12-07 19:15:33;2020-11-14 19:15:23;2022-04-16 16:32:16;SO85370;53-9319-74957;23657;15;7737,21;493,75;883,92;6482,53;Comment 2978
72573;2023-03-15 08:09:48;2020-07-04 21:59:40;2022-07-22 02:31:13;SO72186;85-4116-52037;89316;5;6253,92;259,3;305,65;11549,44;Comment 2979
51193;2023-05-26 04:51:37;2023-11-08 10:05:45;2020-06-01 08:56:58;SO69101;84-7460-34357;39143;24;2813,29;316,47;771,61;14610,33;Comment 2980
61771;2021-04-30 15:42:08;2020-06-16 01:48:42;2023-06-06 20:06:35;SO60080;75-3751-62094;90975;30;7886,33;291,08;469,52;11399,36;Comment 2981
70724;2021-12-26 12:41:13;2022-10-07 18:43:26;2021-10-07 20:00:03;SO94912;33-1973-80101;41390;35;4916,67;179,74;286,07;15279,28;Comment 2982
76632;2022-05-28 19:56:21;2023-02-24 15:20:58;2020-07-08 00:53:19;SO47947;33-1973-80101;96312;30;7761,05;28,84;556,25;15991,13;Comment 2983
89773;2023-09-09 20:05:50;2020-08-26 00:14:23;2022-11-28 05:47:07;SO56524;28-6393-31125;38905;44;1580,46;170,82;254,21;18970,35;Comment 2984
74410;2020-07-03 18:34:37;2021-10-28 11:59:36;2023-10-15 13:47:32;SO86600;76-6173-91169;36762;20;9130,2;380,97;592,14;5391,41;Comment 2985
84343;2023-09-14 00:42:32;2020-12-08 22:43:16;2020-07-06 19:37:47;SO48045;61-5244-70735;31271;7;5356,35;61,77;31,78;8521,76;Comment 2986
39754;2021-09-01 03:04:00;2022-06-20 06:32:49;2020-01-09 14:50:06;SO53168;75-7092-97988;42193;16;2094,21;148,57;738,05;7137,35;Comment 2987
85263;2022-04-30 08:03:53;2020-12-12 09:13:07;2021-08-24 15:13:36;SO49246;69-1886-36823;92642;8;2724,69;467,75;489,83;1092,27;Comment 2988
33409;2021-05-11 01:30:30;2023-12-05 14:50:56;2021-08-22 00:54:35;SO44821;22-4444-25264;36366;16;8608,09;171,81;258,57;5591,18;Comment 2989
72009;2023-12-23 04:23:39;2020-06-20 08:16:29;2023-11-04 04:29:18;SO46538;35-6579-94037;46281;26;9367,22;348,42;887,83;4750,56;Comment 2990
98870;2020-10-28 19:53:17;2021-09-12 00:25:13;2021-09-21 03:01:37;SO40294;24-7081-87522;99406;40;5366,15;239,81;335,86;5007,29;Comment 2991
72850;2022-06-12 12:21:45;2020-06-02 16:13:34;2021-07-28 17:19:46;SO78374;78-5267-32468;91806;46;5374,91;485,9;898,5;889,65;Comment 2992
41984;2021-01-21 10:22:36;2020-06-12 07:56:31;2023-06-22 22:24:39;SO61608;98-8354-24626;59669;36;7550,69;406,27;206,71;7484,44;Comment 2993
98523;2023-05-06 07:51:30;2023-03-16 23:51:47;2020-08-09 14:31:41;SO89397;44-6968-96958;71550;26;2901,01;323,15;873,42;2111,24;Comment 2994
74669;2023-06-25 20:17:02;2023-09-07 12:09:34;2020-02-29 09:49:13;SO99075;86-5535-57031;38137;45;3536,8;130,29;890,52;16258,71;Comment 2995
73445;2020-12-22 03:08:50;2022-08-21 07:21:41;2022-07-25 10:38:05;SO38510;74-3185-84739;21163;15;129,2;95,99;833,85;10128,57;Comment 2996
84266;2020-12-17 15:43:06;2022-04-24 18:29:05;2022-09-24 23:19:11;SO54911;29-3530-22517;61176;45;6432,33;175,24;266,98;2365,31;Comment 2997
10961;2020-01-29 12:42:18;2021-07-04 01:52:31;2022-11-13 05:02:00;SO34959;78-5514-83427;45895;2;1730,77;314,49;886,03;5619,38;Comment 2998
40755;2022-01-13 08:06:44;2023-05-25 01:13:42;2020-04-12 05:31:38;SO30761;78-5267-32468;61437;42;7238,37;116,9;196,14;992,52;Comment 2999
81955;2021-05-13 12:35:25;2022-08-17 12:00:00;2023-07-24 18:47:13;SO72009;69-1886-36823;10007;3;8550,84;250,28;637,52;1700,96;Comment 3000
54397;2021-03-04 05:48:39;2022-12-01 01:02:38;2021-02-20 04:30:15;SO93858;74-3185-84739;91203;24;7025,87;350,67;478,53;18239,9;Comment 3001
56165;2023-10-28 06:27:08;2020-03-16 06:10:25;2023-07-18 18:45:01;SO50989;84-8862-18518;60391;22;4291,63;296,56;359,26;15546,11;Comment 3002
82971;2021-10-06 04:24:49;2020-02-05 03:33:48;2022-09-05 17:04:23;SO12123;72-3440-90827;92780;48;4901,48;202,76;137,78;2405,62;Comment 3003
67785;2020-09-11 04:23:07;2020-08-21 03:37:51;2021-11-17 13:05:28;SO73200;16-3417-49054;72553;40;204,72;249,13;611,82;17087,75;Comment 3004
60682;2021-04-10 15:42:32;2020-08-25 17:13:31;2021-07-25 03:38:19;SO46646;28-6393-31125;42811;11;7802,39;348,34;75,52;18355,99;Comment 3005
33534;2021-02-24 01:40:43;2022-12-08 05:10:56;2021-07-14 22:53:27;SO36979;71-9532-69420;43526;10;9039,66;377,47;167,14;5331,48;Comment 3006
27694;2023-12-03 23:12:06;2020-09-28 13:04:58;2023-08-22 05:11:55;SO43646;86-5535-57031;16280;49;9189,72;21,78;512,1;5306,31;Comment 3007
50646;2020-12-01 00:22:17;2021-08-24 11:59:40;2023-03-29 07:22:09;SO75633;74-2176-61667;31376;7;7338,59;47,74;208,23;19887,93;Comment 3008
51112;2020-04-15 06:41:04;2023-08-24 00:51:35;2020-01-07 22:34:33;SO24732;84-7460-34357;49150;34;8365,76;393,03;539,35;17841,47;Comment 3009
48216;2023-03-03 23:55:45;2021-11-16 17:03:48;2022-12-29 21:22:13;SO86601;48-2823-67639;10519;22;1108,63;41,15;859,64;708,83;Comment 3010
49842;2023-11-24 11:02:17;2022-12-02 22:20:21;2022-09-30 14:47:05;SO62108;23-8779-93758;39274;49;8457,67;32,84;736,81;11732,34;Comment 3011
76148;2020-08-26 08:02:29;2022-03-20 17:27:12;2021-10-13 10:56:20;SO39364;49-7039-68376;88527;35;7954;396,82;857,15;2208,14;Comment 3012
69119;2023-07-13 12:08:25;2021-04-07 11:37:00;2020-08-31 14:40:24;SO21423;22-4444-25264;11452;11;5707,77;29,81;389,23;9668,35;Comment 3013
42944;2022-03-03 23:45:15;2022-09-05 06:43:39;2022-07-01 04:52:17;SO42244;96-7105-64379;47030;47;3896,5;163,53;400,98;10103,99;Comment 3014
40548;2020-07-29 09:38:44;2022-07-11 08:43:04;2020-05-07 12:18:28;SO78523;86-5535-57031;32895;45;5074,56;145,49;62,11;8147,39;Comment 3015
82285;2021-01-27 12:48:47;2022-08-06 13:22:58;2022-07-17 07:18:22;SO62336;35-6579-94037;79469;28;6668,86;260,4;222,45;18089,91;Comment 3016
74473;2022-02-27 05:23:10;2022-02-22 06:39:16;2023-01-31 13:27:32;SO30791;49-7039-68376;47522;27;5313,04;469,54;552,9;10384,54;Comment 3017
53431;2021-10-10 13:55:19;2021-10-03 01:08:15;2020-12-16 15:36:40;SO41025;24-7081-87522;93857;5;8693,81;212,8;149,8;7081,58;Comment 3018
27554;2022-06-09 16:14:27;2023-04-18 18:35:55;2021-02-23 00:38:22;SO45536;66-2881-24904;69961;5;6498,93;458,44;967,13;12475,87;Comment 3019
94531;2022-06-15 04:31:11;2023-12-04 05:30:49;2021-08-19 22:20:21;SO84607;74-3185-84739;47880;46;5308,76;53,04;631,9;19871,37;Comment 3020
53396;2022-01-20 17:35:38;2020-04-01 04:06:39;2022-06-27 06:19:26;SO99537;40-5683-25279;67228;26;8082,22;279,78;363,71;16513,86;Comment 3021
40594;2023-04-29 17:26:43;2021-08-04 00:36:43;2022-01-29 23:00:17;SO88502;53-9319-74957;11478;42;4703,24;153,44;504,95;13605,14;Comment 3022
50372;2020-09-09 15:24:30;2020-11-01 23:29:57;2021-12-13 02:14:13;SO82427;97-9859-86247;21837;28;1258,83;372,36;113,75;5526,4;Comment 3023
45251;2022-04-11 07:12:19;2023-05-01 08:16:02;2022-05-11 21:42:47;SO23152;76-6173-91169;78343;1;1347,55;170,19;463,59;921,31;Comment 3024
60218;2023-06-06 23:14:30;2021-01-23 10:47:59;2020-09-28 23:11:22;SO75622;28-6393-31125;96511;30;4039,1;246,6;896,34;2223,24;Comment 3025
26033;2020-02-25 05:24:23;2023-02-09 02:12:10;2023-03-08 22:42:58;SO56792;30-1489-79011;32370;37;8027,28;48,72;436;3754,93;Comment 3026
97139;2020-01-08 03:48:05;2022-07-13 02:26:59;2022-05-05 04:35:25;SO96498;42-3255-58813;24176;11;3482,38;449,6;90,74;2935,76;Comment 3027
71506;2022-11-19 00:52:56;2022-01-20 10:08:20;2020-02-01 06:19:50;SO92895;35-6579-94037;37891;3;7072,08;197,57;732,9;9547,01;Comment 3028
86052;2021-04-27 04:45:21;2022-12-06 08:28:54;2020-09-26 20:58:35;SO59215;22-4444-25264;20474;35;6411,66;322,5;262,67;13947,92;Comment 3029
65437;2022-05-09 05:55:36;2022-05-14 04:32:09;2020-05-11 23:10:00;SO78825;17-6178-77430;33045;47;8365,78;133,75;342,86;9211,45;Comment 3030
85144;2022-07-13 02:33:31;2023-06-18 01:48:49;2023-08-21 21:29:15;SO19879;75-3751-62094;91574;42;5298,53;165,91;189,84;18250,63;Comment 3031
89350;2022-07-09 01:56:35;2020-02-08 12:59:39;2020-01-15 07:19:19;SO78493;72-3440-90827;12740;22;7930,08;459,83;115,05;7965,52;Comment 3032
77189;2021-02-06 11:39:11;2020-11-14 19:31:09;2021-10-11 00:58:51;SO58761;35-6579-94037;61057;20;8162,15;258,43;680,36;3597,3;Comment 3033
86832;2020-06-25 04:56:53;2021-07-25 11:59:42;2022-02-21 07:09:31;SO85298;29-3530-22517;75170;21;7353,27;444,63;367,24;19036,43;Comment 3034
87094;2022-01-13 01:37:06;2023-07-31 01:51:47;2021-12-13 01:23:48;SO57683;44-6968-96958;44331;32;8875,77;22,71;415,32;16118,42;Comment 3035
28876;2021-01-12 06:27:15;2023-04-19 16:18:38;2021-02-11 14:23:27;SO51979;69-8859-80035;59633;44;242,58;67,35;510,68;3836,35;Comment 3036
48168;2020-09-08 16:13:28;2020-06-27 09:33:54;2020-03-28 03:23:53;SO68706;85-4116-52037;52581;8;2929,08;467,5;40,72;1745,58;Comment 3037
53396;2022-05-16 10:07:22;2020-06-22 17:21:04;2023-11-16 19:36:44;SO70073;92-2389-56247;92676;18;5244,49;495,11;441,55;13150,68;Comment 3038
46899;2023-01-23 05:00:06;2023-12-12 11:03:34;2020-10-23 16:38:28;SO35382;28-4123-84663;27546;12;8040,74;288,01;987,9;8877,66;Comment 3039
78920;2021-06-08 16:32:56;2021-11-22 12:16:50;2023-10-05 01:41:28;SO49272;48-2823-67639;41242;33;9173,49;299,33;332,45;9674,9;Comment 3040
59686;2023-11-09 09:02:44;2020-12-22 16:07:15;2023-07-08 13:31:53;SO51078;23-8510-71623;78378;27;9367,35;476,9;840,97;19110,88;Comment 3041
63003;2022-12-06 14:12:06;2021-07-25 13:21:27;2020-10-16 23:08:33;SO80059;75-7092-97988;51962;24;6429,65;139,97;913,92;3908,83;Comment 3042
13545;2022-11-19 15:20:29;2020-11-16 10:37:56;2021-08-31 00:28:36;SO98395;50-5389-75591;70303;28;9744,7;83,73;720,11;17832,97;Comment 3043
52463;2023-03-25 00:26:45;2022-10-07 21:12:22;2020-03-09 01:00:21;SO39085;76-6173-91169;93324;31;1132,9;443,93;961,09;1280,63;Comment 3044
67569;2021-05-07 22:48:32;2022-07-16 06:50:18;2022-05-15 00:41:13;SO41397;53-9319-74957;53510;47;9252,51;483,57;314,65;3942,77;Comment 3045
64916;2021-12-24 15:54:06;2021-08-01 19:25:12;2021-05-09 06:46:08;SO17368;78-5267-32468;78043;12;6018,3;96;783,55;12443,11;Comment 3046
97608;2021-06-10 21:55:09;2022-01-10 05:30:57;2021-10-16 03:02:59;SO40053;75-3751-62094;83360;6;5343,14;460,9;367,34;17823,74;Comment 3047
16522;2022-04-11 13:00:57;2022-06-23 10:26:52;2020-02-15 13:54:22;SO58680;60-7449-26711;46414;23;8719,03;240,08;970,06;12017,86;Comment 3048
92794;2022-11-10 12:03:43;2023-11-17 02:03:57;2020-06-24 12:22:33;SO85346;63-4608-21366;44202;10;1871,77;366;368,23;6703,13;Comment 3049
37846;2020-03-06 22:44:41;2021-07-08 15:34:29;2022-11-01 21:58:10;SO99344;53-9319-74957;88883;11;7372,32;148,83;294,37;16175,91;Comment 3050
52581;2020-06-16 07:46:10;2023-07-06 21:08:44;2023-08-14 19:44:09;SO85162;53-9319-74957;20171;25;8749,69;413,46;492,71;16888,81;Comment 3051
36995;2021-05-09 12:59:47;2020-12-24 09:34:01;2020-02-18 09:24:43;SO32040;16-3417-49054;68270;16;8254,07;129,12;881,11;8071,43;Comment 3052
87049;2023-03-27 03:32:28;2022-02-08 20:21:20;2021-02-16 02:46:10;SO40649;72-3440-90827;27578;42;9556,82;374,52;357,38;10706,41;Comment 3053
57188;2020-12-25 05:01:58;2021-06-05 20:51:11;2020-01-02 05:11:01;SO95568;81-3143-56523;90284;22;7625,03;340,89;538,36;12385,78;Comment 3054
58144;2023-06-27 21:46:33;2020-07-03 16:17:51;2022-10-06 19:12:31;SO75906;98-8354-24626;82308;10;4956,31;187,95;909,88;1300,88;Comment 3055
41023;2020-02-26 23:14:38;2020-12-05 10:35:43;2021-10-01 06:09:10;SO95583;57-9057-83653;23017;49;7958,46;95,11;60,35;11166,3;Comment 3056
14234;2023-02-09 09:21:59;2022-04-21 03:34:18;2021-04-24 08:21:01;SO59232;40-2409-67736;34557;38;6158,21;149,31;822,92;14139,56;Comment 3057
51021;2020-06-16 14:50:36;2021-07-27 03:05:07;2020-05-29 04:35:27;SO10413;33-1973-80101;16715;15;3143,24;289,89;614,58;6823,4;Comment 3058
36863;2020-09-30 04:19:33;2022-09-15 03:11:47;2022-06-05 04:35:46;SO19454;50-5389-75591;69824;48;7154,94;462,81;516,67;16654,9;Comment 3059
64668;2022-11-19 04:10:58;2021-02-18 08:40:21;2021-03-24 13:11:49;SO46815;40-5683-25279;23410;5;8069,05;263,78;193,43;19693,35;Comment 3060
17240;2020-01-03 01:34:47;2020-07-15 07:45:23;2022-06-24 20:11:27;SO23411;33-1973-80101;69177;13;243,5;279,21;401,95;12894,21;Comment 3061
60748;2020-08-31 01:23:45;2021-07-22 17:52:20;2022-10-01 19:44:09;SO57580;28-6393-31125;79731;38;6252,92;27,36;544,34;12864,19;Comment 3062
58003;2021-05-11 18:18:17;2020-06-25 14:30:58;2023-06-24 08:23:16;SO89958;53-9319-74957;18380;12;3133,53;369,93;926,7;19654,59;Comment 3063
97704;2022-12-17 16:58:37;2021-11-06 06:08:53;2022-05-13 23:45:29;SO18098;63-4608-21366;82496;40;6956,31;171,67;44,29;17193,53;Comment 3064
80962;2020-03-13 22:29:53;2020-01-15 21:42:03;2021-09-23 19:14:32;SO80494;84-8862-18518;99407;47;6643,59;46,2;647;14148,65;Comment 3065
40181;2022-05-21 03:19:58;2023-01-11 23:12:43;2023-11-09 17:07:46;SO91617;51-7541-34141;89698;45;4285,03;82,82;863,77;5899,45;Comment 3066
54388;2022-07-22 00:31:02;2021-09-22 00:01:26;2021-09-17 20:43:55;SO51323;84-8862-18518;55476;29;5029,27;117,17;624,38;17311,07;Comment 3067
17899;2023-01-27 02:56:59;2021-06-13 17:51:13;2023-09-16 18:37:20;SO29097;72-3440-90827;60270;31;6755,5;328,17;544,62;12298,21;Comment 3068
28097;2020-12-24 23:47:25;2021-03-23 17:07:36;2020-02-03 13:36:27;SO10903;73-8844-80299;65410;32;5348,18;12,96;294,6;1953,51;Comment 3069
29935;2020-03-06 04:58:20;2023-08-20 15:58:45;2020-07-25 20:07:34;SO12566;84-7460-34357;92788;33;1318,22;410,01;618,24;12041,68;Comment 3070
51281;2022-09-05 09:41:09;2021-07-20 14:21:59;2023-08-18 23:04:13;SO22917;51-7541-34141;46371;32;8193,56;12,22;677,43;889,61;Comment 3071
22950;2021-09-14 12:46:43;2022-09-17 17:02:36;2020-06-16 22:33:57;SO35745;96-7105-64379;66632;34;2257,68;431,69;774,63;9411,66;Comment 3072
65740;2022-03-31 10:15:24;2023-11-03 14:40:10;2020-12-29 15:36:03;SO80004;81-3143-56523;22659;4;4447,94;124,14;431,93;12499,55;Comment 3073
14673;2023-07-10 23:16:20;2023-01-15 19:49:36;2020-08-09 14:09:40;SO73507;75-7092-97988;52907;44;3141,2;473,74;591,66;12142,69;Comment 3074
28064;2023-04-13 23:10:58;2021-07-22 11:33:51;2020-11-05 18:19:02;SO19115;28-4123-84663;26587;49;4813,05;333,17;290,91;11974,02;Comment 3075
52700;2022-07-22 21:19:41;2021-08-08 17:55:20;2023-07-12 00:55:27;SO29214;24-7081-87522;62914;35;2574,71;276,59;869,04;14635,36;Comment 3076
81851;2023-08-24 03:53:45;2020-02-29 07:33:17;2023-12-03 22:01:35;SO95855;75-3751-62094;29866;19;3546,9;14,94;132,24;17308,83;Comment 3077
48349;2020-07-06 13:04:14;2022-08-31 22:50:30;2022-01-31 06:29:19;SO60639;35-6579-94037;62118;48;7946,21;198,72;232,54;3901,9;Comment 3078
33686;2020-09-10 14:46:02;2023-08-03 17:48:35;2022-01-08 19:16:56;SO74819;92-2389-56247;16466;49;2700,99;65,94;664,12;2817,37;Comment 3079
90684;2021-08-28 22:31:04;2023-05-24 19:33:22;2020-06-08 10:17:22;SO69400;69-8859-80035;81806;12;8229,69;351,11;308,12;539,43;Comment 3080
91699;2022-10-06 21:09:23;2021-11-17 18:28:53;2020-01-09 07:20:29;SO17983;73-8844-80299;67079;48;4238,86;236,76;902,73;13729,25;Comment 3081
62875;2020-03-16 12:06:46;2021-05-19 13:40:15;2023-12-16 22:21:49;SO51845;22-4444-25264;23944;11;716,61;353,95;548,81;12884,11;Comment 3082
97978;2021-06-04 06:10:37;2020-08-22 10:36:01;2022-09-23 03:13:26;SO87676;35-6579-94037;56907;8;4810,73;80,62;190,98;5667,29;Comment 3083
73855;2023-09-16 06:21:06;2020-06-04 16:13:49;2020-09-19 22:09:19;SO98913;44-6968-96958;71344;22;7933,52;339,52;24,96;8370;Comment 3084
87417;2020-05-28 15:52:33;2022-02-19 05:07:09;2020-06-21 00:28:58;SO39240;60-7449-26711;65218;48;8991,62;122,2;98,13;16707,7;Comment 3085
73560;2020-01-24 12:08:28;2022-11-28 08:26:40;2021-04-28 10:12:32;SO68750;86-5535-57031;79448;49;4547,81;73,66;873,87;17109,86;Comment 3086
10328;2021-02-12 05:00:46;2020-05-18 01:43:56;2020-09-03 03:41:00;SO86111;16-3417-49054;58298;2;8547,81;264,66;822;12916,96;Comment 3087
55867;2021-10-16 11:32:47;2021-08-21 08:47:46;2021-01-10 20:28:22;SO45001;72-3440-90827;77915;38;8576,04;265,73;294,59;17832,43;Comment 3088
46631;2020-05-28 07:46:39;2022-07-11 13:44:50;2022-02-01 18:58:49;SO58674;29-3530-22517;67662;20;5260,36;148,63;243,39;13492,27;Comment 3089
11861;2023-10-16 00:14:38;2021-05-13 13:52:09;2020-03-21 02:26:36;SO80529;42-3255-58813;60875;48;4928,9;173,15;107,29;7517,46;Comment 3090
85732;2022-06-29 17:33:06;2022-08-11 20:20:28;2021-04-16 05:07:54;SO17838;72-3440-90827;74765;16;845,82;92,05;957,45;10495,89;Comment 3091
92972;2022-11-16 05:53:03;2021-09-14 05:24:49;2023-01-13 03:59:20;SO22486;48-2823-67639;59833;5;1642,67;162,63;222,45;13485,75;Comment 3092
13777;2022-11-06 21:05:42;2022-01-29 02:36:03;2021-07-14 01:57:20;SO90858;28-4123-84663;87533;6;3806,36;330,94;59,42;16248,55;Comment 3093
72271;2021-11-12 07:46:47;2021-12-04 17:03:15;2023-11-05 18:21:34;SO60301;51-7602-22642;81404;10;3426,14;430,44;612,68;16798,93;Comment 3094
81270;2021-10-10 19:29:00;2023-09-05 15:30:32;2021-10-29 23:38:46;SO17407;42-3255-58813;89247;6;4523,82;445,88;789,67;9592,73;Comment 3095
94940;2020-02-06 12:41:47;2020-03-30 13:25:57;2022-12-03 00:47:46;SO23921;66-4277-92738;98664;24;5501,92;448,83;88,96;15007,31;Comment 3096
20636;2021-03-15 12:44:50;2020-04-29 22:26:22;2021-08-28 04:23:54;SO72315;85-4116-52037;62181;29;382,15;431,43;462,52;15023,18;Comment 3097
21155;2023-09-06 00:42:10;2022-07-16 18:24:25;2022-05-14 01:32:11;SO64500;40-2409-67736;53346;16;5828,98;190,96;652,79;3885,87;Comment 3098
16858;2021-04-24 22:19:00;2020-01-13 03:46:01;2022-07-12 15:08:31;SO16551;75-7092-97988;85730;8;7106,02;490,85;348,81;15547,76;Comment 3099
58829;2021-01-26 12:24:37;2023-12-20 06:53:59;2020-09-24 15:52:47;SO40631;98-8354-24626;14536;1;5677,02;343,44;486,45;10878,78;Comment 3100
47211;2021-07-02 22:33:52;2022-04-20 18:30:32;2020-04-01 08:14:55;SO23896;22-4444-25264;66009;5;8507,99;88,09;829,77;5094,6;Comment 3101
28103;2021-11-27 23:51:41;2023-05-04 19:48:27;2021-11-08 20:18:34;SO28047;76-6173-91169;91786;25;3435,75;61,53;495,47;1875,85;Comment 3102
24112;2020-11-27 17:49:09;2020-12-15 00:41:29;2022-12-18 09:43:13;SO98892;51-7602-22642;10901;21;8852,57;144,89;343,62;19553,37;Comment 3103
86802;2022-04-11 22:12:38;2023-04-16 17:01:57;2021-02-26 08:26:46;SO69131;63-4608-21366;81814;41;7723,74;87,33;86,76;15213,2;Comment 3104
18844;2021-11-09 03:49:08;2020-09-01 11:14:34;2020-09-17 19:15:09;SO21168;84-8862-18518;38782;45;3039,05;268,16;896,83;8859,16;Comment 3105
98711;2021-02-03 06:44:29;2023-03-23 22:00:31;2022-02-10 15:16:32;SO73736;61-5244-70735;94965;13;8767,32;139,37;414,88;13888,66;Comment 3106
22639;2021-12-05 05:48:25;2023-07-27 08:16:27;2020-03-09 16:04:06;SO30887;75-7092-97988;40114;14;4478,03;167,08;10,77;14916,52;Comment 3107
82423;2023-12-19 22:28:02;2023-02-15 08:11:14;2020-03-17 22:17:46;SO80352;60-7449-26711;96309;42;2945,17;245,6;783,73;370,2;Comment 3108
59963;2023-06-07 08:09:54;2020-07-12 16:05:32;2021-01-11 10:34:47;SO89457;86-5535-57031;91569;42;420,91;284,84;62,59;16537,25;Comment 3109
93054;2023-09-17 08:00:19;2023-02-04 02:23:02;2023-12-10 03:18:24;SO51551;75-7092-97988;94272;47;2692,96;190,6;820,04;14263,64;Comment 3110
15172;2021-01-03 22:28:36;2021-07-20 23:12:59;2023-01-06 22:29:22;SO85403;40-5683-25279;92718;32;5906,64;493,04;908,44;5587,6;Comment 3111
14211;2022-11-06 10:30:00;2021-01-13 01:40:06;2021-08-03 06:29:12;SO73144;76-6173-91169;77554;27;5562,52;186,97;629,33;694,04;Comment 3112
62237;2020-06-26 02:58:52;2021-02-03 18:52:54;2020-04-01 05:05:21;SO72513;84-7460-34357;88814;1;2382,62;70,6;248,4;17280,86;Comment 3113
45581;2021-08-22 09:10:01;2020-06-23 03:52:40;2022-04-23 02:52:25;SO52513;72-3440-90827;47500;26;9508,78;459,97;198,23;19886,86;Comment 3114
12298;2020-02-06 07:49:26;2022-01-07 14:24:14;2023-10-31 13:07:42;SO85038;66-4277-92738;42152;44;6147,3;202,59;627;17229,91;Comment 3115
13166;2020-10-27 20:50:16;2021-12-10 01:05:32;2021-01-26 00:41:41;SO33509;57-9057-83653;60136;32;9054,32;312,28;707,62;6292,16;Comment 3116
68651;2022-03-10 11:33:49;2021-07-03 19:43:11;2020-06-08 12:12:09;SO65815;73-8844-80299;69963;31;7432,18;414,18;192,18;4548,9;Comment 3117
12668;2022-04-28 20:39:01;2021-12-17 18:33:51;2023-02-10 16:39:09;SO38740;51-7541-34141;54508;14;7473,87;233,29;659,05;9640,56;Comment 3118
92290;2023-01-21 22:36:37;2023-10-29 09:52:41;2022-11-23 04:51:30;SO41539;73-8844-80299;26585;47;4534,51;147,04;118,23;11369,02;Comment 3119
32813;2023-07-16 05:15:12;2022-01-25 01:48:11;2020-07-21 02:23:26;SO99684;23-8510-71623;71049;9;5951,69;18,46;962,88;13516,24;Comment 3120
53415;2023-02-13 06:31:06;2023-09-05 20:24:13;2021-04-05 10:27:09;SO17797;63-4608-21366;86964;47;4068,67;417,35;188,2;4584,06;Comment 3121
38418;2023-11-29 11:26:55;2020-11-21 05:30:02;2023-06-30 08:24:56;SO18239;22-4444-25264;75703;10;6416,76;151,69;460,59;17944,1;Comment 3122
57659;2020-12-16 03:06:15;2023-09-06 22:19:45;2021-05-06 01:23:03;SO97610;71-9532-69420;17506;16;3524,47;129,93;388,27;3422,37;Comment 3123
46868;2022-09-29 02:55:36;2023-01-03 15:03:50;2021-02-13 17:25:40;SO59291;74-3185-84739;24974;2;5315,22;351,45;293,01;6438,59;Comment 3124
69528;2020-08-12 08:42:41;2021-07-10 08:40:55;2022-03-15 09:40:51;SO96620;29-3530-22517;48069;47;3487,26;15,64;213,73;3413,08;Comment 3125
49277;2020-11-19 22:25:46;2021-06-15 20:59:20;2023-01-18 15:31:51;SO78251;35-6579-94037;95148;23;7055,93;184,94;992,42;10378,47;Comment 3126
22625;2020-03-15 03:54:50;2021-01-04 19:04:23;2021-10-30 11:18:24;SO44989;30-1489-79011;82319;48;7558,05;254,57;576,32;7230,09;Comment 3127
22962;2020-04-28 23:52:15;2022-04-28 03:03:18;2023-11-14 12:00:12;SO42248;60-7449-26711;79945;49;2335,63;344,12;261;9564,7;Comment 3128
75533;2022-06-26 06:21:34;2023-11-22 18:18:34;2023-10-06 23:36:27;SO26506;30-1489-79011;89492;40;3675,46;146,85;698,45;12035,46;Comment 3129
65173;2022-04-14 07:47:20;2020-03-19 04:25:22;2020-06-12 16:30:00;SO41214;28-4123-84663;41402;49;7161,93;312,5;115,15;238,42;Comment 3130
29484;2023-05-27 19:02:35;2023-09-04 07:56:25;2020-11-12 00:24:30;SO27550;83-7954-63932;20210;50;7276,59;406,4;378,77;570,65;Comment 3131
13824;2023-03-25 02:23:54;2020-08-07 16:57:39;2023-07-21 09:25:11;SO93996;24-7081-87522;72958;48;3865,49;214,1;935,41;8339,8;Comment 3132
55751;2021-11-15 22:59:19;2021-07-31 11:26:51;2021-11-10 01:02:08;SO47925;75-3751-62094;17946;46;2547,72;95,86;577,21;12790,27;Comment 3133
44431;2020-07-20 15:22:41;2022-04-12 12:35:54;2021-05-17 00:32:44;SO19484;16-3417-49054;20164;47;4774,45;464,56;710,5;6996,22;Comment 3134
20331;2023-11-21 17:18:58;2022-01-10 18:05:47;2020-11-07 21:16:48;SO27376;69-1886-36823;67237;37;831,38;263,09;583,99;3383,99;Comment 3135
22669;2020-01-21 11:35:33;2023-05-05 17:31:35;2023-07-27 14:15:26;SO33525;48-2823-67639;20584;11;8482,25;275,77;907,89;6618,74;Comment 3136
21930;2020-08-17 14:03:37;2023-09-27 04:25:37;2020-06-08 10:32:40;SO79032;28-6393-31125;79519;48;8954,66;39,12;381,12;11000,67;Comment 3137
44514;2021-11-27 19:41:27;2023-09-27 04:08:09;2020-12-05 20:08:57;SO45612;42-3255-58813;36609;22;7745,9;259,77;854,78;6412,44;Comment 3138
82478;2023-01-08 23:42:32;2020-10-04 19:04:49;2022-02-14 03:18:02;SO74506;66-2881-24904;19164;49;6974,13;25,83;890,88;6603,26;Comment 3139
19225;2020-04-21 10:53:13;2021-07-11 20:39:43;2022-09-10 17:20:41;SO22104;16-3417-49054;67155;43;4983,48;305,73;897,74;18735,44;Comment 3140
16909;2020-11-30 08:00:41;2021-09-02 01:44:00;2022-06-14 16:06:52;SO75279;66-4277-92738;94531;29;8990,61;341,61;941,53;8630,09;Comment 3141
74024;2021-07-19 10:42:19;2022-01-08 01:01:55;2021-01-26 01:07:31;SO58824;75-3751-62094;26219;33;3304,15;119,55;490,69;7832,77;Comment 3142
78258;2023-01-04 06:09:25;2023-06-18 11:24:36;2020-07-14 21:15:44;SO24760;40-2409-67736;47051;49;8027,65;319,23;453,41;7992,74;Comment 3143
14728;2021-03-28 16:00:45;2021-02-17 00:31:00;2023-01-11 11:34:33;SO99447;78-5267-32468;18436;20;2464,18;193,83;705,22;11449,31;Comment 3144
39374;2021-07-24 05:27:39;2022-01-07 07:30:54;2023-05-10 12:05:15;SO75818;33-1973-80101;34962;26;4953,85;14,47;153,84;1823,14;Comment 3145
55304;2023-01-16 16:22:58;2021-04-28 23:44:11;2023-03-26 20:40:04;SO26568;76-6173-91169;82822;32;6905,76;84,39;557,12;10507,84;Comment 3146
96678;2021-09-09 09:21:56;2020-02-15 16:42:29;2020-06-22 03:15:36;SO43608;44-6968-96958;72611;15;1459,33;198,64;744,94;14140,77;Comment 3147
33376;2020-07-07 06:48:18;2023-09-26 22:41:17;2020-09-12 22:34:07;SO84403;86-5535-57031;48757;21;1762,83;262,13;583,12;2127,68;Comment 3148
55933;2021-05-23 01:50:15;2021-08-16 22:41:54;2022-05-14 11:46:23;SO49381;51-7602-22642;37458;21;6733,42;473,29;343,17;3062,08;Comment 3149
44227;2020-12-07 13:34:51;2021-08-27 22:17:46;2022-10-01 06:31:42;SO76396;23-8510-71623;36760;15;2854,4;235,08;360,07;2552,82;Comment 3150
55876;2022-09-10 08:53:14;2021-04-01 03:56:35;2020-07-17 23:30:00;SO35381;74-3185-84739;98915;9;1924,07;194,6;474,45;17626,27;Comment 3151
19553;2023-10-02 12:28:27;2022-05-05 19:56:15;2023-12-17 16:15:27;SO20008;86-5535-57031;42729;36;6422;104,4;653,33;19183,75;Comment 3152
69593;2022-05-13 10:46:51;2023-02-12 15:34:26;2020-05-01 20:53:06;SO27787;92-2389-56247;62547;25;460,78;321,88;359,7;1907,23;Comment 3153
47026;2021-01-22 07:39:40;2020-08-29 13:22:38;2021-12-06 18:38:03;SO17979;66-4277-92738;40555;28;1060,68;362,19;31,18;3407,35;Comment 3154
13903;2023-10-28 23:34:36;2023-05-03 12:05:09;2021-02-15 16:24:26;SO33242;24-7081-87522;17273;40;8339,39;55,89;500,52;19588,45;Comment 3155
75231;2023-08-18 15:59:05;2021-10-20 16:06:04;2021-04-14 05:40:21;SO98614;49-7039-68376;18982;9;8518,86;56,24;35,69;7899,19;Comment 3156
99760;2022-05-17 01:43:10;2020-01-15 09:16:46;2023-07-12 08:46:38;SO17670;60-7449-26711;35083;10;4714,71;148,41;652,8;17276,88;Comment 3157
31844;2022-11-09 01:24:53;2023-12-27 19:37:30;2021-08-30 12:50:58;SO74570;81-3143-56523;70779;47;3229,38;274;729,79;2291,57;Comment 3158
47021;2020-02-01 03:48:41;2022-12-31 16:38:48;2020-02-11 23:10:58;SO68769;33-1973-80101;56552;42;8925,05;270,11;694,73;7850,57;Comment 3159
85679;2021-03-05 19:38:42;2021-09-22 08:49:13;2020-01-13 17:35:46;SO59665;78-5514-83427;51037;15;130,49;496,58;611,04;9660,2;Comment 3160
68874;2020-03-27 11:24:31;2022-12-25 13:50:09;2023-07-03 13:25:28;SO69449;28-4123-84663;82251;7;2114,52;169,7;996,07;11460,84;Comment 3161
65769;2021-07-17 10:43:48;2020-03-12 21:24:22;2020-10-23 19:21:25;SO44838;33-1973-80101;50599;18;532,27;478,42;496,16;747,61;Comment 3162
72962;2020-03-08 14:31:38;2021-07-04 05:02:48;2021-05-28 23:28:14;SO44260;76-6173-91169;67706;11;7936,82;26,05;906,75;8718,75;Comment 3163
63827;2020-07-12 11:10:56;2020-04-17 00:03:32;2022-01-19 16:11:27;SO75121;40-5683-25279;89718;3;6540,88;94,12;153,69;15152,41;Comment 3164
91485;2022-04-18 09:30:30;2023-01-07 23:43:19;2022-04-18 15:00:52;SO75703;60-7449-26711;25578;10;2905,54;257,42;486,97;14046,24;Comment 3165
73619;2020-04-30 15:43:04;2020-01-22 14:47:43;2023-06-27 23:06:24;SO96146;35-6579-94037;89890;12;9778,9;108,49;652,46;4659,85;Comment 3166
45331;2021-09-18 00:28:07;2021-11-09 08:42:59;2021-11-18 00:48:45;SO77722;40-5683-25279;55565;49;3036,18;104,36;988,09;3829,69;Comment 3167
70588;2023-11-08 14:54:16;2023-12-14 10:27:27;2023-11-15 04:16:21;SO22876;50-5389-75591;59325;28;8295,32;308,77;646,06;8936,81;Comment 3168
31499;2022-08-02 12:13:19;2021-09-26 10:46:00;2021-02-25 06:53:27;SO52491;16-3417-49054;12968;34;7581,54;254,21;970,88;17849,51;Comment 3169
83288;2022-11-26 18:45:46;2023-05-20 04:16:58;2020-11-06 01:50:20;SO85229;97-9859-86247;24649;19;8388,15;25,26;263,06;12621,05;Comment 3170
80753;2023-02-03 18:39:24;2021-04-19 13:04:24;2020-05-05 02:35:10;SO32928;24-7081-87522;10885;23;8980,79;56,13;935;5581,24;Comment 3171
40136;2023-02-03 23:39:58;2023-10-21 01:43:02;2022-04-04 09:48:56;SO52564;30-1489-79011;79336;30;3284,97;214,25;995,48;4561,23;Comment 3172
16837;2022-12-01 08:54:41;2021-03-21 05:53:21;2022-01-18 22:45:30;SO16964;30-1489-79011;15585;16;4957,71;16,14;427,39;619,63;Comment 3173
79419;2021-11-08 05:38:44;2020-06-18 08:17:43;2020-03-03 07:52:15;SO26043;78-5267-32468;11238;26;7216,29;282,94;689,11;337,54;Comment 3174
34321;2022-01-28 11:22:38;2022-01-14 09:20:00;2023-09-01 02:53:51;SO63917;61-5244-70735;73020;18;2060,48;280,15;378,62;2999,46;Comment 3175
17756;2021-02-19 11:12:29;2023-02-05 19:49:43;2023-02-06 07:16:25;SO51475;78-5267-32468;81833;36;442,64;30,16;238,16;15561,71;Comment 3176
62009;2020-09-02 06:02:49;2022-09-07 15:54:50;2020-02-21 02:51:21;SO33199;81-3143-56523;10654;41;8875,56;51,69;262,61;1518,82;Comment 3177
78544;2020-03-29 21:48:15;2021-11-09 13:18:04;2022-03-30 20:58:32;SO65380;85-4116-52037;53627;35;7325,81;252,45;173,94;8169,29;Comment 3178
46951;2022-08-20 04:46:13;2023-12-14 01:26:51;2023-09-30 19:33:19;SO41036;97-9859-86247;50441;22;4964,16;394,88;857,24;10217,96;Comment 3179
57837;2023-04-29 11:38:52;2020-08-17 22:39:32;2020-07-21 18:26:19;SO40388;51-7602-22642;30195;16;5674,77;304,2;290,17;11287,79;Comment 3180
62404;2022-05-01 03:41:26;2022-12-20 02:09:25;2020-05-15 01:25:37;SO59423;92-2389-56247;32560;10;2303,43;471,61;258,89;17662,48;Comment 3181
18226;2020-09-11 15:54:31;2022-10-10 08:22:02;2021-12-31 16:45:23;SO80987;66-4277-92738;64757;40;8796,32;269,67;554,18;15444,85;Comment 3182
76619;2021-10-02 06:11:19;2022-07-17 01:18:39;2020-01-30 10:48:56;SO54006;98-8354-24626;47181;14;2475,8;284,29;43,88;13965,69;Comment 3183
23825;2023-10-24 20:12:11;2023-09-03 19:08:15;2021-11-01 18:37:28;SO18769;66-2881-24904;10973;15;3604,32;457,34;106,91;15092,38;Comment 3184
99754;2023-04-17 09:15:01;2020-04-09 10:06:25;2020-02-25 13:49:40;SO17058;75-7092-97988;44799;17;4869,97;35,39;664,2;6990,49;Comment 3185
33880;2021-09-18 11:46:15;2020-04-04 09:42:47;2021-01-09 06:25:31;SO11520;44-6968-96958;32784;45;8723,49;341,58;982,14;6413,53;Comment 3186
12539;2021-02-18 01:12:19;2021-02-05 20:08:03;2023-12-18 17:51:51;SO44767;66-4277-92738;30605;35;1710,84;460,3;170,84;4325,47;Comment 3187
22308;2023-01-25 00:29:59;2021-05-20 04:32:32;2020-04-07 11:01:52;SO83327;50-5389-75591;48784;50;6080,37;481,68;101,12;1768,67;Comment 3188
17458;2022-06-06 12:34:33;2020-12-25 04:36:41;2022-10-05 17:20:33;SO43476;63-4608-21366;13438;30;6783,07;102,54;307,72;6842,16;Comment 3189
19845;2021-09-12 23:42:20;2020-02-04 14:18:44;2020-02-10 16:04:49;SO57540;76-6173-91169;10890;20;6457,58;140,85;184,84;8339,58;Comment 3190
39547;2023-02-18 03:55:27;2022-04-24 11:22:22;2023-07-02 22:28:45;SO90137;49-7039-68376;10252;8;2806,59;468,93;707,78;7365,14;Comment 3191
16842;2021-08-26 17:51:02;2022-01-13 17:25:53;2022-03-06 05:42:15;SO70497;75-3751-62094;96024;48;3326,59;82,01;117,29;8381,72;Comment 3192
26497;2021-01-11 02:01:34;2023-11-06 01:25:39;2020-11-07 20:09:34;SO15351;49-7039-68376;21552;40;9062,93;99,17;235,76;11241,54;Comment 3193
83107;2022-03-01 22:07:03;2023-01-20 19:49:38;2023-07-23 04:09:24;SO63772;16-3417-49054;34059;48;5720,73;148,48;175,4;8894,18;Comment 3194
66699;2023-10-07 06:08:44;2022-01-10 17:39:19;2022-01-02 00:38:38;SO29723;84-8862-18518;57885;19;4077,93;279,76;314,25;4845,87;Comment 3195
26907;2022-05-26 13:16:56;2023-07-21 09:19:09;2022-04-18 19:33:49;SO44882;42-3255-58813;47216;42;868,43;377,29;712,64;17160,35;Comment 3196
14413;2020-05-13 18:39:23;2020-01-25 15:01:57;2023-11-16 17:39:46;SO16411;76-6173-91169;82860;47;3003,41;97,09;104,08;10741,95;Comment 3197
44775;2023-12-11 07:41:09;2022-10-20 22:56:16;2020-07-22 11:02:29;SO30172;81-3143-56523;61141;6;1967,41;102,21;754,98;6396,22;Comment 3198
39540;2021-04-26 14:54:16;2021-11-03 23:56:22;2021-09-29 23:02:56;SO19191;98-8354-24626;70275;11;2873,95;299,46;829,33;2019,09;Comment 3199
30086;2021-09-07 06:14:57;2023-10-27 11:38:14;2023-09-11 11:16:49;SO61723;78-5267-32468;64117;32;6853,69;387,43;762,59;3733,87;Comment 3200
99935;2021-09-13 16:26:39;2020-02-09 21:54:58;2022-09-29 22:09:44;SO43389;97-9859-86247;31386;28;3118,57;169,02;933,22;9906,03;Comment 3201
56909;2023-05-14 07:23:46;2022-02-13 17:24:21;2020-03-07 16:51:02;SO85871;49-7039-68376;61595;32;2230,57;163,96;434,4;9690,57;Comment 3202
13447;2020-01-21 23:39:29;2021-11-20 05:10:25;2023-07-04 16:52:46;SO42954;75-3751-62094;42103;42;323,84;401,78;774,66;15526,68;Comment 3203
24435;2020-10-14 19:34:42;2022-06-06 14:28:01;2020-05-09 15:02:06;SO54151;40-2409-67736;57686;32;2312,96;254,76;598,43;16959,34;Comment 3204
43234;2020-09-29 04:16:48;2020-08-22 22:48:03;2022-08-20 01:53:06;SO16371;75-3751-62094;27061;39;7786,35;12,11;824,73;12046,92;Comment 3205
39598;2022-03-31 16:22:42;2023-05-21 12:42:35;2021-09-30 21:37:29;SO35608;74-3185-84739;99941;46;904,86;52,56;482,06;18422,62;Comment 3206
25777;2021-10-22 18:49:38;2020-09-07 10:41:17;2022-03-14 21:50:09;SO50776;33-1973-80101;49414;39;9186,95;296,66;814,14;1434,3;Comment 3207
88971;2020-05-25 05:35:40;2023-11-14 06:38:49;2023-07-20 09:29:32;SO57805;57-9057-83653;58901;32;7587,43;292,76;840,42;3212,76;Comment 3208
50321;2023-05-16 12:35:19;2022-06-05 15:03:44;2021-11-06 00:12:08;SO50211;83-7954-63932;85937;12;4532,4;403,11;441,59;17738,63;Comment 3209
74598;2023-09-13 11:18:25;2021-12-01 04:33:30;2023-10-21 19:55:11;SO84917;40-5683-25279;61247;27;5234,31;158,34;408,28;11282,24;Comment 3210
32229;2023-07-11 21:31:08;2022-09-27 06:23:12;2021-10-24 16:07:27;SO35753;50-5389-75591;62546;18;725,21;414,11;431,14;8385,84;Comment 3211
16475;2022-10-07 03:29:24;2023-05-14 12:18:06;2022-10-18 01:00:16;SO13007;97-9859-86247;13969;16;1097,11;257,36;682,23;13147,58;Comment 3212
26325;2023-10-02 20:40:25;2022-12-19 02:02:51;2021-03-04 16:49:06;SO52880;78-5267-32468;36013;28;9729,94;244,34;921,3;13947,11;Comment 3213
49703;2020-02-05 09:56:56;2023-08-22 00:18:30;2022-08-17 04:46:05;SO59241;40-5683-25279;54309;26;7252,01;446,8;223,65;7294,18;Comment 3214
31121;2021-06-24 21:52:01;2023-07-12 02:38:56;2023-01-10 14:57:13;SO18915;72-3440-90827;55296;30;1537,05;269,3;397,69;15780,05;Comment 3215
19365;2022-05-10 20:42:11;2023-11-14 11:34:35;2020-09-12 22:15:45;SO52712;83-7954-63932;58708;50;9704,95;492,22;271,7;1499,28;Comment 3216
54209;2020-07-06 06:56:23;2021-07-20 13:48:20;2022-09-29 15:01:35;SO56993;22-4444-25264;54232;20;7024,49;299,88;743,01;11977,91;Comment 3217
24430;2020-09-15 07:55:45;2023-04-20 06:29:43;2023-08-09 20:24:47;SO14354;83-7954-63932;78323;44;6095,4;57,32;238,97;10631,93;Comment 3218
76439;2020-04-10 04:54:59;2021-07-08 20:40:16;2021-11-18 02:23:03;SO84740;66-4277-92738;84483;8;2501,85;333,44;379,56;19543,38;Comment 3219
36447;2020-03-08 18:20:29;2023-04-06 21:47:27;2022-05-17 12:11:51;SO26654;50-5389-75591;66295;39;2270,81;311,56;669,36;14484,58;Comment 3220
23301;2023-04-29 03:33:13;2022-06-03 03:43:39;2021-05-28 17:53:43;SO41254;23-8779-93758;34306;47;9166,37;36,56;201,47;3888,66;Comment 3221
99913;2020-09-04 05:13:44;2022-06-16 23:45:02;2021-12-23 18:30:28;SO11548;49-7039-68376;77396;40;5611,35;208,45;992,98;6282,89;Comment 3222
72157;2020-10-19 10:25:05;2023-07-07 23:19:29;2020-07-07 18:54:02;SO14870;42-3255-58813;61369;44;5982;466,09;214,42;3613,73;Comment 3223
31117;2022-06-30 12:27:59;2021-03-13 13:30:05;2023-04-13 06:58:27;SO54032;98-8354-24626;68438;7;6453,46;200,41;309,32;10906,48;Comment 3224
70452;2021-04-14 07:21:18;2022-04-05 18:20:29;2021-03-13 13:07:34;SO75190;40-2409-67736;58983;15;5566,4;276,93;19,41;5647,36;Comment 3225
93915;2022-12-25 21:04:26;2021-09-16 15:52:40;2020-05-04 18:10:19;SO37820;92-2389-56247;43789;32;8978,01;372,28;415,37;10474,48;Comment 3226
77294;2020-06-05 17:46:23;2022-01-18 13:54:03;2022-02-25 23:16:26;SO84604;57-9057-83653;97187;42;1750,58;431,14;614,15;19907,24;Comment 3227
97048;2022-03-08 15:57:26;2020-08-23 21:10:28;2022-09-16 13:17:20;SO75413;44-6968-96958;34223;1;9445,05;134,09;610,1;9478,38;Comment 3228
80700;2022-12-17 20:21:20;2023-07-27 01:40:40;2020-01-08 12:34:58;SO88277;57-9057-83653;43757;47;5118,72;19,95;342,45;16751,8;Comment 3229
71153;2022-01-20 10:11:24;2022-12-31 21:47:30;2022-08-06 20:05:15;SO95174;83-7954-63932;21113;41;2502,92;226,18;60,32;18641,44;Comment 3230
24473;2021-03-22 05:34:39;2021-03-17 22:13:45;2023-11-15 01:21:44;SO71468;23-8779-93758;88549;22;8820,93;171,05;305,53;308,26;Comment 3231
38612;2023-02-08 01:08:51;2021-10-07 08:32:00;2020-08-20 19:11:57;SO70802;81-3143-56523;51929;43;8616,81;460,76;637,71;15329,11;Comment 3232
56205;2023-02-07 06:38:39;2020-07-23 22:07:24;2022-01-28 10:22:57;SO67707;81-3143-56523;50973;18;5512,79;48,83;110,19;3230,83;Comment 3233
83193;2020-07-08 08:08:24;2020-11-23 05:10:46;2022-12-11 00:24:47;SO18676;73-8844-80299;14048;26;5816,33;280,43;872,78;11857,86;Comment 3234
86859;2022-04-18 12:46:11;2021-09-16 17:00:07;2022-02-15 18:25:26;SO18663;73-8844-80299;61940;46;5587,05;424,7;793,92;2160,93;Comment 3235
37033;2022-08-21 12:07:09;2023-06-02 09:29:40;2021-01-18 23:37:39;SO86100;50-5389-75591;54478;25;7345,86;71,53;773,51;8401,47;Comment 3236
40769;2023-04-09 05:59:35;2021-09-01 15:55:53;2023-10-07 03:33:29;SO64988;76-6173-91169;21044;11;2326,35;70,5;517,08;19695,12;Comment 3237
22384;2021-08-28 13:49:05;2022-09-11 14:54:21;2021-04-15 07:18:33;SO68627;96-7105-64379;74125;49;7409,36;355,58;541,23;8284,14;Comment 3238
90502;2021-12-25 17:30:10;2021-03-18 00:56:43;2023-06-07 13:43:53;SO14837;75-7092-97988;94125;48;3708,63;319,62;114,13;6053,09;Comment 3239
30709;2020-08-05 14:50:52;2020-05-06 11:20:49;2020-08-21 18:54:55;SO33709;84-8862-18518;61397;25;2189,73;482,97;250,29;10075,05;Comment 3240
85967;2020-04-07 21:20:21;2022-09-13 14:03:51;2020-12-25 09:55:47;SO76384;42-3255-58813;48694;4;4705,09;14,44;611,36;19470,37;Comment 3241
93766;2021-03-24 20:48:46;2021-09-14 13:37:42;2021-06-06 23:27:29;SO57217;66-4277-92738;61183;33;6960,27;93,17;298,97;12329,15;Comment 3242
71597;2020-04-08 01:47:55;2020-12-30 01:37:16;2022-04-14 00:30:27;SO36472;51-7602-22642;38705;21;9607,43;235,02;210,52;17961,37;Comment 3243
70016;2020-08-09 03:17:56;2021-08-09 23:22:09;2020-10-19 11:43:00;SO72674;51-7602-22642;58027;47;3160,4;15,51;744,18;9597,19;Comment 3244
31549;2020-03-04 02:39:50;2021-08-26 10:35:09;2021-10-17 06:13:57;SO51221;24-7081-87522;50115;19;1524,54;155,95;65,55;14295,91;Comment 3245
19598;2022-10-02 02:20:27;2020-01-06 09:56:19;2022-12-20 16:25:51;SO90339;48-2823-67639;86790;1;7428,01;134,74;495,24;10928,7;Comment 3246
63885;2021-05-07 13:05:59;2022-11-26 19:52:35;2021-02-04 16:49:37;SO82145;17-6178-77430;47951;4;3832,45;422,11;393,61;9124,1;Comment 3247
33712;2023-03-25 05:47:09;2020-02-11 20:25:22;2022-12-26 00:04:39;SO77961;23-8510-71623;91436;9;4911,61;199,73;686,53;7148,37;Comment 3248
31316;2020-12-18 20:53:33;2023-10-06 00:44:14;2022-06-06 01:52:34;SO38591;28-4123-84663;19669;50;4804,97;244,02;674,97;5130,41;Comment 3249
78988;2022-11-28 13:02:13;2020-02-27 12:58:55;2020-05-03 14:29:40;SO89872;51-7602-22642;80270;29;4640,14;232,44;870,24;12279,85;Comment 3250
13804;2021-05-28 20:11:14;2021-08-25 15:20:03;2023-07-02 07:11:09;SO75288;57-9057-83653;54159;7;3690,03;373,69;415,1;15176,63;Comment 3251
37729;2020-01-31 17:51:29;2020-01-29 10:38:32;2023-03-18 08:41:51;SO32374;17-6178-77430;17425;12;7831,95;317,94;196,39;4525,54;Comment 3252
42477;2023-05-08 03:44:46;2020-01-09 17:07:44;2022-09-30 06:37:37;SO49258;69-8859-80035;18110;37;2246,61;367,58;386,52;14802,6;Comment 3253
59992;2022-10-25 09:11:21;2022-03-16 15:17:27;2021-12-14 11:25:41;SO34924;81-3143-56523;94580;40;2217,69;92,35;392,64;13626,98;Comment 3254
58325;2021-03-04 08:15:24;2022-07-04 00:56:34;2022-02-17 17:43:21;SO56622;98-8354-24626;93704;41;2953,9;494,4;522,8;10646,38;Comment 3255
16920;2023-04-27 08:53:16;2020-05-20 10:27:34;2020-09-19 22:26:36;SO33362;61-5244-70735;16842;4;7791,26;453,06;336,81;19939,66;Comment 3256
58228;2022-02-04 15:09:23;2022-01-10 12:56:27;2023-12-20 10:47:19;SO26431;28-4123-84663;24811;40;5777,71;266,11;423,98;9915,93;Comment 3257
40256;2022-11-29 02:25:59;2022-06-21 10:58:16;2021-06-17 09:19:50;SO73277;86-5535-57031;91761;8;8679,07;242,68;523,8;4095,2;Comment 3258
28345;2020-05-15 15:30:54;2021-07-04 17:06:32;2023-10-12 06:05:34;SO23521;57-9057-83653;77119;29;2084,82;230,09;428,14;12469,6;Comment 3259
13640;2020-12-23 14:30:20;2022-08-18 22:20:28;2023-06-17 05:10:41;SO79990;35-6579-94037;12410;48;5383,43;463,17;649,57;13898,13;Comment 3260
46383;2020-08-26 01:44:58;2021-07-22 12:40:28;2021-09-29 21:28:09;SO35810;74-3185-84739;78984;1;3599,27;237,62;255,76;15175,3;Comment 3261
50823;2020-10-04 01:00:08;2021-02-09 01:00:15;2020-09-08 01:11:52;SO11210;60-7449-26711;34446;13;967,8;184,32;794,83;931,31;Comment 3262
12890;2020-06-28 19:08:44;2021-10-13 05:48:11;2023-03-15 13:41:47;SO30666;28-4123-84663;60165;44;7107,53;72,88;741,18;1172,4;Comment 3263
41195;2023-07-23 15:16:57;2023-06-25 04:06:46;2020-03-10 04:08:20;SO54356;96-7105-64379;38224;13;3260,31;37,18;558,92;11978,59;Comment 3264
15934;2023-05-04 08:15:44;2021-01-18 19:41:54;2023-06-15 08:43:58;SO85353;60-7449-26711;16928;45;5622,69;262,11;293,01;2527,28;Comment 3265
13495;2023-03-20 12:55:08;2020-08-16 10:57:42;2021-03-17 06:52:26;SO20839;66-2881-24904;13214;16;7592,79;421,18;470,02;5775,71;Comment 3266
93334;2022-11-17 23:01:54;2020-04-27 07:47:13;2022-12-04 01:49:36;SO86638;81-3143-56523;65536;26;7156,4;261,61;457,86;9155,77;Comment 3267
85934;2020-06-30 02:44:44;2020-05-27 04:33:13;2020-08-06 07:26:26;SO79157;92-2389-56247;27207;10;8488,71;238,46;336,44;11841,76;Comment 3268
55079;2022-06-12 00:03:42;2020-12-11 16:47:14;2020-10-25 14:33:54;SO57324;63-4608-21366;30816;11;6614,68;247,3;793,99;12119,85;Comment 3269
54392;2022-11-02 17:05:58;2022-10-20 03:29:57;2020-12-31 16:13:42;SO63233;23-8510-71623;21655;9;8687,72;204,15;835,18;5353,32;Comment 3270
82244;2022-01-19 04:51:52;2020-03-14 10:27:57;2022-11-14 23:04:58;SO72921;73-8844-80299;73973;50;7601,84;348,61;681,16;10151,56;Comment 3271
27749;2023-09-23 21:28:11;2023-02-27 16:22:29;2021-01-03 13:45:21;SO69173;22-4444-25264;79726;42;866,42;263,15;321,61;8508,87;Comment 3272
58005;2023-11-26 03:14:03;2020-05-03 10:33:33;2022-10-20 12:19:06;SO61398;61-5244-70735;71412;25;1771,12;124,27;503,78;8532,91;Comment 3273
88890;2021-01-18 05:55:49;2020-12-30 12:14:31;2023-08-20 09:25:26;SO72605;17-6178-77430;51959;39;618,78;399,6;217,95;2150,82;Comment 3274
43449;2023-07-20 23:02:17;2021-02-04 16:45:58;2023-12-07 20:36:31;SO17711;92-2389-56247;65574;19;8185,62;418,17;517,63;12528,85;Comment 3275
41044;2023-07-09 21:16:35;2023-11-01 20:32:48;2020-10-02 17:18:27;SO31663;97-9859-86247;50130;8;8207,36;57,92;832,75;158,62;Comment 3276
92938;2022-03-14 00:05:25;2023-09-28 23:54:47;2023-06-12 13:39:58;SO90639;24-7081-87522;50301;50;1678,86;487,96;14,86;5322,56;Comment 3277
30801;2021-01-14 14:45:00;2021-09-18 21:26:11;2022-08-14 23:10:06;SO83179;75-7092-97988;11653;30;1595,85;331,82;27,03;2453,7;Comment 3278
35961;2023-01-18 14:06:45;2020-05-30 09:28:33;2023-02-28 19:46:02;SO25320;86-5535-57031;88407;18;7701,94;195,3;581,03;3016,56;Comment 3279
67047;2022-03-04 16:20:16;2022-07-17 01:24:40;2023-09-11 05:09:43;SO93535;73-8844-80299;78321;48;1451,09;463,73;631,54;14759,56;Comment 3280
18753;2020-07-08 17:33:38;2022-03-23 05:48:48;2023-06-08 02:13:27;SO93160;50-5389-75591;19756;18;7552,22;405,61;554,6;6002,45;Comment 3281
12413;2023-02-28 08:10:45;2020-04-05 00:40:46;2022-04-05 02:20:50;SO95202;84-8862-18518;14669;21;125,7;129,67;702,94;5488,62;Comment 3282
41467;2022-03-26 15:51:46;2023-09-14 18:53:53;2023-02-07 22:27:25;SO21033;57-9057-83653;33644;40;8374,21;334,47;421,5;12685,62;Comment 3283
80488;2021-12-18 03:55:11;2021-07-04 21:50:04;2021-04-19 16:59:13;SO80014;96-7105-64379;27072;33;7988,47;24,48;535,81;2697,12;Comment 3284
66899;2022-05-07 05:57:19;2021-10-14 19:44:08;2023-06-17 09:33:39;SO64349;49-7039-68376;56347;17;2539,48;83,74;251,75;7209,4;Comment 3285
58964;2020-03-02 00:13:59;2021-05-28 13:21:18;2023-04-18 17:20:10;SO21661;24-7081-87522;86780;49;3654,39;226,23;569,82;2616,47;Comment 3286
78807;2023-01-10 19:43:26;2020-05-26 18:41:53;2022-03-05 01:02:18;SO37182;44-6968-96958;96780;14;5167,68;373,91;382,12;14844,15;Comment 3287
90622;2020-08-16 18:18:17;2021-03-29 10:08:36;2022-04-16 11:20:53;SO51747;83-7954-63932;50592;24;6937,25;237,88;167,36;1487,66;Comment 3288
33727;2023-10-29 10:00:39;2022-08-31 21:29:57;2022-12-18 20:13:40;SO43452;17-6178-77430;88735;45;2064,3;202,59;722,69;4351,45;Comment 3289
97559;2023-12-23 13:35:09;2023-07-15 02:10:08;2020-11-01 18:19:57;SO58546;24-7081-87522;29379;12;7946,18;105,24;383,18;12936,9;Comment 3290
18756;2022-01-25 02:21:48;2020-03-13 13:11:10;2022-11-13 22:27:55;SO93165;97-9859-86247;69510;16;9219,69;337,79;696,37;717,33;Comment 3291
29925;2020-12-07 19:15:36;2021-11-21 01:57:32;2020-09-16 19:20:01;SO21688;30-1489-79011;40974;47;7454,29;310,9;243,15;2699,27;Comment 3292
65296;2021-10-27 06:39:51;2020-11-15 02:55:48;2023-03-23 16:08:57;SO59235;85-4116-52037;30436;34;1561,54;490,31;987,3;19482,69;Comment 3293
47935;2021-09-21 19:38:55;2022-04-21 13:47:58;2022-01-08 10:08:55;SO47520;83-7954-63932;18628;32;5978,11;494,31;442,93;2717,01;Comment 3294
50538;2023-10-23 10:11:14;2022-09-30 14:33:13;2021-04-07 17:45:56;SO74568;75-3751-62094;49875;7;3858,97;110,33;784,88;10036,24;Comment 3295
67847;2022-03-13 06:14:11;2023-04-09 13:34:59;2020-11-28 23:01:47;SO48957;75-3751-62094;37162;22;1734,15;360,06;642,15;7510,72;Comment 3296
16164;2023-12-17 04:16:25;2020-04-02 16:50:06;2020-11-16 05:16:05;SO10750;22-4444-25264;64840;23;3257,59;79,15;580;1279,3;Comment 3297
25064;2021-02-09 17:04:30;2023-08-10 19:50:39;2021-02-13 12:49:26;SO12947;92-2389-56247;58400;35;8508,73;208,8;606,27;8732,17;Comment 3298
53698;2021-08-13 23:50:43;2022-03-17 16:57:11;2023-06-09 00:47:56;SO71948;49-7039-68376;64367;19;7056,31;439,64;137,99;2726,79;Comment 3299
41917;2022-08-11 23:11:43;2022-07-01 04:13:15;2022-07-20 14:17:30;SO92024;75-7092-97988;28992;5;2090,88;445,9;857,53;10211,58;Comment 3300
89064;2020-03-21 08:30:56;2020-03-01 21:53:23;2021-05-04 11:40:35;SO24581;81-3143-56523;95339;38;4844,33;298,72;243,15;4208,36;Comment 3301
20210;2023-12-10 07:21:03;2023-10-04 13:16:28;2020-11-20 07:59:26;SO41734;63-4608-21366;89729;33;7334,47;206,7;694,12;11854,8;Comment 3302
26517;2021-08-28 07:01:57;2023-07-23 13:49:52;2020-03-09 18:09:41;SO36265;66-2881-24904;26867;27;6934,57;346,61;941,03;9641,24;Comment 3303
97782;2021-04-11 13:17:25;2021-04-10 08:43:53;2021-04-30 07:11:52;SO34398;69-1886-36823;80566;1;7054,82;175,22;396,49;9737,23;Comment 3304
28403;2021-05-02 22:13:46;2021-01-07 05:00:21;2022-11-22 16:12:03;SO35496;66-4277-92738;28088;14;1341,7;452,54;745,61;14359,82;Comment 3305
19450;2020-06-01 11:50:00;2022-09-20 05:39:08;2020-08-23 18:29:56;SO78641;51-7602-22642;62843;4;4241,62;201,14;921,06;5641,14;Comment 3306
94434;2022-12-18 17:50:47;2021-06-25 21:30:43;2023-05-10 07:18:36;SO13469;83-7954-63932;45748;19;5016,36;29,07;589,6;6592,65;Comment 3307
78015;2022-04-16 20:09:16;2020-06-16 22:42:23;2020-09-06 05:02:04;SO75771;51-7541-34141;80408;36;3781,52;286,02;85,64;13469,8;Comment 3308
25703;2021-11-14 01:11:26;2021-03-29 20:16:38;2023-12-20 10:50:19;SO38173;92-2389-56247;74369;13;6826,31;208,29;378,95;16197,92;Comment 3309
21203;2023-08-06 11:31:14;2020-12-27 13:40:49;2023-02-21 15:07:53;SO52680;75-7092-97988;91793;20;6272,61;23,21;758,08;12045,02;Comment 3310
87491;2021-08-21 17:29:06;2022-07-01 17:58:29;2020-09-24 19:01:49;SO32101;81-3143-56523;87856;34;2874,93;474,15;702,68;7804,53;Comment 3311
72868;2020-11-02 12:33:46;2023-11-26 06:34:33;2022-03-26 14:39:23;SO91111;85-4116-52037;82742;18;5283,16;118,78;354,29;15657,74;Comment 3312
38103;2021-11-24 21:57:51;2023-03-27 01:05:55;2022-01-15 11:32:15;SO70396;75-3751-62094;14674;14;2657,75;451,48;918,33;8652,95;Comment 3313
68807;2022-03-22 15:15:43;2021-10-14 19:03:35;2021-01-23 23:02:42;SO73118;22-4444-25264;93257;38;3807,45;255,79;62,74;1048,86;Comment 3314
81720;2023-09-15 22:07:44;2023-10-05 13:38:32;2023-05-18 03:23:05;SO32228;53-9319-74957;97701;35;7740,99;340,94;891,53;12062,77;Comment 3315
18071;2023-07-16 11:55:46;2023-01-10 14:18:36;2020-02-02 06:27:41;SO49149;76-6173-91169;59552;48;3184,36;422,13;881,73;15878,64;Comment 3316
29091;2021-07-15 12:41:10;2022-11-11 07:05:02;2021-05-27 21:18:43;SO49461;30-1489-79011;35793;16;8584,92;32,62;625,67;5872,98;Comment 3317
25399;2021-12-26 06:01:20;2020-04-25 23:22:07;2022-07-09 09:36:46;SO29628;71-9532-69420;25116;34;9297,83;421,5;974,78;10451,07;Comment 3318
93194;2023-06-25 15:40:15;2020-06-10 04:38:26;2022-09-04 05:10:47;SO26280;24-7081-87522;78593;29;9936,52;53,18;931,32;1079,2;Comment 3319
70725;2021-09-04 14:02:14;2023-03-19 23:20:00;2021-06-25 04:56:59;SO74356;53-9319-74957;65183;50;3936,9;63,9;479,88;14669,68;Comment 3320
66135;2022-07-17 09:32:08;2020-11-04 05:31:59;2020-09-22 01:11:08;SO34212;66-2881-24904;57796;12;5311,36;115,88;31,62;3808,15;Comment 3321
49540;2020-12-17 13:02:16;2021-09-25 10:54:21;2020-10-04 17:24:33;SO95465;84-8862-18518;71129;44;7270,81;170,59;265,51;18102,41;Comment 3322
36447;2020-08-19 23:47:11;2023-01-15 07:27:01;2023-12-07 19:37:13;SO68316;86-5535-57031;69165;43;6842,27;310,31;243,73;17062,93;Comment 3323
74085;2022-07-09 22:52:42;2023-11-24 00:17:10;2022-02-09 17:03:54;SO76220;42-3255-58813;41430;40;7498,67;230,3;72,91;18381,22;Comment 3324
61653;2022-01-05 09:08:22;2021-10-13 19:45:26;2022-03-27 12:44:15;SO21861;74-3185-84739;35729;29;9274,05;102,79;164,22;4466,49;Comment 3325
39677;2021-10-15 21:27:12;2020-09-10 12:52:05;2021-12-01 18:37:03;SO56475;85-4116-52037;69597;4;644,54;478,53;868,66;4292,39;Comment 3326
33669;2020-11-28 19:08:52;2023-01-03 19:37:08;2023-06-26 00:20:35;SO14729;71-9532-69420;47518;20;7779,32;48,73;387,32;18715,96;Comment 3327
39653;2021-11-04 09:03:11;2023-11-07 20:30:33;2023-02-25 03:08:45;SO76920;84-7460-34357;54085;49;8530,05;91,45;713,96;15463,84;Comment 3328
38695;2022-10-03 03:23:26;2021-06-03 03:15:40;2020-01-09 10:49:10;SO68029;63-4608-21366;80363;15;334,04;257,8;106,5;3407,61;Comment 3329
74999;2021-04-05 22:24:49;2020-06-18 21:01:10;2022-12-01 09:51:19;SO27745;30-1489-79011;10743;33;3875,67;65,43;828,87;16866,22;Comment 3330
31607;2023-07-18 05:07:32;2022-03-24 04:42:05;2021-08-21 23:00:47;SO40745;60-7449-26711;55232;34;9163,22;341,01;169,98;2906,43;Comment 3331
10667;2021-04-06 17:37:04;2023-09-24 10:29:45;2020-02-21 03:45:46;SO92681;33-1973-80101;22925;2;2222,29;249,23;933,18;11158,59;Comment 3332
63907;2023-08-15 18:16:52;2021-04-18 10:00:19;2020-01-01 00:10:03;SO96212;28-4123-84663;56562;33;1741,67;399,35;774,53;18487,29;Comment 3333
69970;2020-08-18 04:57:27;2022-09-06 01:26:38;2020-01-12 18:25:48;SO53144;28-6393-31125;99816;25;3298,53;210,65;721,72;3457,5;Comment 3334
68427;2023-10-18 14:45:29;2021-10-08 11:13:48;2022-12-28 02:17:03;SO22577;28-4123-84663;58526;27;5227,99;15,57;67,84;19381,61;Comment 3335
26060;2023-12-16 08:08:27;2022-05-13 14:47:32;2022-02-17 09:08:14;SO87862;48-2823-67639;20885;39;240,26;485,92;963,66;14388,29;Comment 3336
45220;2023-02-17 05:52:24;2023-02-08 20:00:20;2021-11-14 04:18:56;SO30139;69-8859-80035;97516;15;2329,22;150,7;791,92;18398,15;Comment 3337
88075;2022-09-30 15:07:09;2023-05-18 20:22:10;2020-09-18 12:51:52;SO62589;76-6173-91169;29212;10;8960,94;277,56;51,9;2725,46;Comment 3338
93051;2021-07-10 17:07:43;2021-07-02 22:27:55;2021-03-17 19:58:47;SO80732;51-7602-22642;57851;13;6800,86;166,99;556,65;17500,85;Comment 3339
55188;2020-12-21 21:24:37;2023-04-22 03:48:19;2021-11-15 18:17:30;SO83103;97-9859-86247;94224;48;2502,04;308,76;531,45;13242,41;Comment 3340
17284;2022-07-09 08:58:39;2022-10-28 20:27:05;2022-07-23 06:06:27;SO25973;75-7092-97988;71123;17;292,97;306,32;538,09;5669,04;Comment 3341
33289;2023-03-02 03:47:35;2021-09-12 12:23:24;2023-04-18 13:18:38;SO40939;75-7092-97988;89668;4;909,63;265,73;46,44;3363,81;Comment 3342
76209;2020-01-28 21:52:51;2021-02-13 15:14:50;2020-06-28 12:52:20;SO32146;81-3143-56523;73778;28;647,95;317,43;81,06;3088,19;Comment 3343
63484;2022-06-26 03:15:08;2022-11-21 21:08:54;2023-02-09 07:48:43;SO11198;40-5683-25279;67603;18;2390,74;157,69;403,47;18666,8;Comment 3344
41632;2020-02-07 06:49:27;2021-10-12 14:33:59;2022-01-26 21:20:15;SO20326;60-7449-26711;52633;50;2561,18;208,54;853,13;3558,71;Comment 3345
48326;2021-11-04 21:12:46;2020-07-26 19:59:59;2022-07-12 13:27:38;SO64348;61-5244-70735;14857;27;1273,83;154,56;502,54;17629,15;Comment 3346
22666;2020-06-08 13:10:53;2022-06-01 02:05:14;2021-07-17 14:20:44;SO70357;40-5683-25279;94132;49;1572,06;344,21;265;14825,69;Comment 3347
54908;2021-10-31 23:15:11;2022-09-05 20:53:02;2021-08-29 04:06:47;SO97458;33-1973-80101;34858;46;3089,43;133,59;173,93;11975,07;Comment 3348
46200;2021-01-20 16:06:53;2020-12-19 14:14:12;2021-12-07 05:50:46;SO17347;53-9319-74957;31533;49;8225,93;364,79;320,61;14086,21;Comment 3349
30836;2020-03-16 19:57:33;2022-09-18 21:36:29;2022-11-14 04:16:36;SO81274;69-1886-36823;54868;28;690,26;364,7;530,9;1446,22;Comment 3350
46399;2022-07-03 18:19:37;2020-02-01 20:34:08;2023-08-28 02:58:32;SO75122;40-5683-25279;30168;14;2327,53;351,57;587,82;14713,16;Comment 3351
30658;2021-09-07 15:25:35;2020-05-05 01:22:25;2021-10-21 07:28:24;SO86278;74-2176-61667;99815;34;2428,42;140,82;477,9;11087,24;Comment 3352
81582;2020-05-14 09:01:57;2023-09-24 00:30:21;2022-11-06 06:54:23;SO67721;61-5244-70735;56978;36;6873,01;454,5;939,67;17546,43;Comment 3353
73346;2020-06-18 10:44:56;2020-10-25 05:10:54;2023-08-05 16:25:20;SO11137;60-7449-26711;67695;29;7919,66;102,4;592,35;12822,05;Comment 3354
97556;2020-03-20 02:19:25;2020-02-20 03:38:36;2021-03-29 23:44:37;SO31085;48-2823-67639;62211;17;5960,8;244,1;697,59;10445,06;Comment 3355
68706;2021-02-28 05:48:57;2022-08-31 02:25:06;2021-02-12 13:35:39;SO18436;29-3530-22517;49730;12;6982,93;47,68;15,64;6464,57;Comment 3356
16740;2021-03-06 09:55:31;2022-01-25 22:59:54;2020-05-17 07:43:08;SO67798;92-2389-56247;76181;11;4470,07;115,19;602,33;17806,72;Comment 3357
26116;2023-05-07 13:32:45;2021-01-08 22:09:41;2022-10-27 12:25:38;SO72071;29-3530-22517;50326;32;9120,98;435,64;444,14;2189,86;Comment 3358
46996;2021-08-11 22:48:35;2020-02-17 16:26:58;2021-09-01 03:01:01;SO30954;33-1973-80101;47841;49;9209,78;136,76;26,64;8853,34;Comment 3359
93183;2020-09-08 18:01:26;2023-04-06 21:26:13;2023-08-25 20:43:44;SO32601;78-5267-32468;34393;22;1088,34;324,3;400,16;6494,56;Comment 3360
98880;2023-04-26 16:27:04;2022-02-05 17:52:10;2023-11-12 17:05:58;SO91199;73-8844-80299;66911;45;179,35;494,45;822,51;11942,62;Comment 3361
27005;2020-05-10 08:54:49;2022-09-27 08:49:29;2022-05-21 19:08:35;SO90967;42-3255-58813;36968;13;7545,4;494,8;835,11;9847,74;Comment 3362
19741;2021-12-21 20:55:50;2023-04-16 15:32:40;2022-11-05 11:12:47;SO45212;35-6579-94037;70571;14;119,45;368,55;888,45;6402,62;Comment 3363
47269;2023-06-29 09:52:52;2021-04-12 13:04:01;2020-02-06 11:54:46;SO91977;60-7449-26711;13996;50;1907,9;149,59;365,78;8677,79;Comment 3364
80051;2022-05-06 08:32:24;2022-05-14 12:09:23;2020-07-12 17:02:56;SO92269;57-9057-83653;34659;44;2721,89;301,03;344,44;10301,19;Comment 3365
81511;2022-06-05 01:59:57;2022-09-24 07:24:01;2020-12-09 17:31:11;SO74648;53-9319-74957;34246;2;4434,88;92,94;561,99;16863,57;Comment 3366
50216;2022-01-26 03:54:14;2021-07-14 16:51:01;2023-08-29 22:23:34;SO90217;40-5683-25279;41548;13;5569,34;305,96;56,39;16260,64;Comment 3367
96249;2021-05-31 14:00:31;2021-03-27 22:33:22;2023-07-23 07:25:04;SO92507;28-4123-84663;91600;22;3467,73;367,32;599,28;18903,17;Comment 3368
14050;2021-11-23 11:38:24;2022-12-03 08:11:29;2023-03-29 21:33:01;SO75616;74-2176-61667;84611;45;9335,88;94,71;495,09;6449,46;Comment 3369
73725;2021-01-10 06:38:51;2023-11-12 19:00:11;2020-08-14 02:49:13;SO84323;97-9859-86247;17084;30;9865,38;322,51;267,47;19665,75;Comment 3370
41636;2023-01-23 02:09:26;2022-03-26 21:20:06;2022-01-21 05:24:35;SO18623;30-1489-79011;66611;38;7046,09;39,42;543,07;10237,74;Comment 3371
44577;2022-07-22 05:41:37;2023-08-08 16:49:52;2023-01-10 06:16:10;SO60186;78-5514-83427;26331;49;5992,49;431,62;621,36;3431,4;Comment 3372
27164;2021-02-11 04:19:25;2020-08-13 22:45:02;2020-07-05 19:35:33;SO45203;84-8862-18518;36258;50;2160,89;458,47;547,67;8663,34;Comment 3373
97658;2022-12-24 12:23:26;2020-12-07 07:09:10;2022-04-12 10:58:39;SO10240;86-5535-57031;88325;7;9501,72;121,77;541,87;9523,48;Comment 3374
93191;2021-05-24 16:23:30;2020-11-30 22:39:36;2021-11-12 22:40:21;SO18539;30-1489-79011;48244;12;6003,61;255,7;12,49;9201,24;Comment 3375
42086;2021-07-01 01:11:19;2021-02-04 13:05:25;2023-07-31 18:16:51;SO29687;84-8862-18518;22568;36;8452,82;462,1;419;8452,55;Comment 3376
98717;2020-07-15 22:57:50;2020-03-18 21:31:15;2022-04-17 22:16:44;SO67920;28-4123-84663;27776;4;7928,57;110,66;225,35;16503,05;Comment 3377
28730;2022-02-03 01:29:40;2020-11-20 18:42:59;2023-06-09 03:57:15;SO97790;24-7081-87522;81869;30;648,12;43,89;324,14;11142,65;Comment 3378
11459;2022-06-11 01:23:10;2022-09-16 16:51:09;2022-02-22 06:06:41;SO93113;40-2409-67736;40509;38;9368,97;16,66;191,56;16869,28;Comment 3379
24045;2022-01-16 13:06:04;2023-12-07 07:47:26;2022-06-16 03:39:48;SO95814;76-6173-91169;75966;11;8105,79;380,81;480,76;19082,6;Comment 3380
47332;2023-03-10 05:43:41;2022-12-22 22:58:21;2020-08-09 04:43:15;SO96860;72-3440-90827;20306;16;738,3;284,77;498,39;15316,85;Comment 3381
62733;2020-06-05 10:56:56;2021-07-10 20:00:21;2021-02-25 12:04:41;SO38532;75-3751-62094;97737;43;7531,85;407,95;947,54;12638;Comment 3382
18517;2021-07-10 01:53:00;2020-09-04 21:41:36;2020-07-13 17:03:27;SO23931;86-5535-57031;76551;43;8226,77;296,32;263,4;10497,39;Comment 3383
50030;2023-03-22 09:23:37;2021-07-23 10:12:10;2023-12-03 08:30:52;SO19985;63-4608-21366;57104;20;9165,58;401,12;948,65;10991,45;Comment 3384
59642;2023-12-12 05:07:48;2022-04-17 23:54:23;2020-12-24 10:02:37;SO58374;53-9319-74957;24040;36;4915,19;20,4;754,72;10314,29;Comment 3385
61640;2022-11-27 19:59:12;2021-12-26 16:55:57;2020-10-25 18:42:52;SO15831;28-6393-31125;17647;18;9031,95;90,13;961,87;7813,68;Comment 3386
35703;2021-10-22 19:16:43;2022-09-24 12:48:40;2021-11-22 04:46:07;SO23836;74-3185-84739;99408;46;4697,74;133,53;962,31;227,48;Comment 3387
88092;2020-12-22 23:26:19;2022-07-22 21:21:55;2023-06-22 18:09:31;SO65187;71-9532-69420;60784;22;4449,26;177,81;870,42;19764,73;Comment 3388
91845;2022-02-05 20:47:54;2022-11-23 13:27:05;2022-11-22 05:46:14;SO51369;98-8354-24626;48189;39;1493,71;434,06;895,72;4127,39;Comment 3389
98503;2021-07-04 13:31:37;2022-05-10 11:49:40;2021-10-07 08:29:39;SO66255;48-2823-67639;99492;34;2858,82;472,88;220,58;3810,48;Comment 3390
50806;2021-01-16 03:13:01;2021-07-01 19:33:17;2023-07-08 22:30:21;SO55818;17-6178-77430;97729;25;3908,14;167,59;67,53;6237,89;Comment 3391
40474;2021-05-10 11:11:53;2022-07-15 03:49:37;2022-10-25 22:58:15;SO24448;53-9319-74957;67206;41;3706,78;440,8;306,05;5411,53;Comment 3392
82463;2020-10-24 05:08:23;2023-01-17 06:23:20;2020-09-08 05:46:02;SO26612;97-9859-86247;91614;14;4412,79;380,46;492,33;17010,99;Comment 3393
52861;2023-05-29 19:43:45;2021-09-30 12:34:14;2021-01-09 09:22:41;SO59820;74-3185-84739;46172;30;9113,65;406,22;292,1;10154,56;Comment 3394
21699;2023-03-17 14:45:00;2022-08-01 07:52:41;2022-12-30 22:20:13;SO16277;42-3255-58813;49910;32;1466,96;304,51;401,41;14477,03;Comment 3395
44680;2021-07-29 14:28:34;2021-10-18 07:44:59;2022-08-05 11:19:37;SO93381;98-8354-24626;81465;46;7181,45;26,46;631,89;11403,43;Comment 3396
37610;2023-01-28 23:18:01;2021-08-26 18:16:42;2022-09-21 08:34:25;SO92760;78-5514-83427;13912;7;7463,01;371,16;805,07;13960,93;Comment 3397
41689;2021-03-16 03:47:36;2021-08-07 02:30:20;2022-12-01 17:31:56;SO26618;48-2823-67639;11695;38;5807,86;193,06;182,35;697,4;Comment 3398
39208;2020-10-31 14:44:37;2023-04-10 22:11:41;2020-09-03 22:47:30;SO32681;74-3185-84739;86638;30;3605,67;354,33;504,45;13350,89;Comment 3399
86748;2020-06-24 13:04:35;2020-05-13 16:18:59;2021-12-20 03:55:42;SO12877;84-8862-18518;21444;25;8129,97;392,03;802,86;18449,62;Comment 3400
52536;2022-07-25 21:05:53;2023-11-19 18:54:53;2022-12-29 02:49:40;SO38196;86-5535-57031;98708;45;2524,55;193,3;854,32;3701,47;Comment 3401
85603;2023-06-04 15:06:01;2022-10-31 21:53:54;2023-01-26 10:37:28;SO28549;57-9057-83653;97689;40;4300,41;201,04;657,72;10297,1;Comment 3402
53122;2021-10-16 08:09:07;2022-10-28 15:04:02;2022-03-14 01:30:20;SO99784;16-3417-49054;42801;22;7988,73;269,54;643,1;16249,89;Comment 3403
35189;2022-03-08 12:44:31;2022-11-25 03:56:30;2020-07-25 15:43:51;SO38174;74-3185-84739;85215;1;2042,89;209,5;975,95;3176,72;Comment 3404
30427;2022-10-28 15:28:13;2023-06-20 01:20:45;2021-10-15 08:13:18;SO91864;84-7460-34357;58603;2;6945,93;147,52;348,69;6440,66;Comment 3405
34512;2020-03-01 09:28:06;2021-07-09 01:40:51;2021-05-01 14:25:49;SO54159;33-1973-80101;31255;6;189,86;316,92;877,94;8024,15;Comment 3406
28599;2022-09-01 20:30:45;2023-03-27 17:00:11;2021-11-26 18:53:46;SO94968;83-7954-63932;19628;24;2301,04;258,73;946,92;3535,37;Comment 3407
57632;2023-08-12 09:51:26;2021-02-18 12:50:13;2022-10-25 20:43:18;SO92748;96-7105-64379;29746;49;2314,6;396,99;143,66;950,91;Comment 3408
15827;2022-07-16 17:11:05;2022-08-10 01:25:35;2021-06-09 17:03:03;SO87355;48-2823-67639;45803;30;1208,43;202,3;218,73;19093,59;Comment 3409
80076;2022-03-23 14:47:46;2020-10-07 11:31:42;2021-02-16 19:40:46;SO40973;75-7092-97988;80795;27;2291,38;354,87;116,33;19478,8;Comment 3410
57945;2023-06-16 13:22:04;2020-10-03 01:46:39;2023-02-28 13:27:47;SO41703;22-4444-25264;14521;34;2674,51;230,08;740,05;2015,19;Comment 3411
73571;2021-04-17 16:17:09;2022-10-12 16:05:09;2021-09-07 10:11:28;SO85390;84-8862-18518;48513;15;1546,41;199,22;332,82;11958,27;Comment 3412
46782;2023-06-29 12:18:49;2023-09-12 15:52:32;2021-08-29 11:11:24;SO85908;48-2823-67639;77407;21;2372,76;302,83;743,78;17028,12;Comment 3413
56806;2023-02-19 20:18:13;2021-11-11 03:41:00;2021-08-26 08:04:44;SO32545;23-8510-71623;66220;49;1665,84;394,92;675,98;16808,39;Comment 3414
39673;2023-09-29 03:15:36;2020-04-06 08:02:40;2023-06-09 01:51:43;SO75611;51-7602-22642;62898;7;8285,13;97,49;640,63;17084,5;Comment 3415
80984;2020-03-02 06:24:14;2023-02-18 13:29:53;2022-04-08 04:14:49;SO65627;74-3185-84739;25765;36;4072,82;399,25;171,16;13415,79;Comment 3416
48000;2023-07-15 07:47:30;2023-10-31 23:49:46;2022-08-21 21:23:26;SO60957;40-2409-67736;82113;7;6852,01;441,77;886,62;17180,82;Comment 3417
13127;2022-11-27 04:06:42;2022-04-08 12:36:04;2020-05-06 04:46:59;SO73595;84-8862-18518;44115;29;2821,77;216,59;236,19;19208,34;Comment 3418
87778;2023-05-04 14:03:44;2023-09-23 03:17:09;2022-11-28 19:40:50;SO70692;40-2409-67736;39280;2;9293,9;41,97;111,45;6069,88;Comment 3419
30321;2021-08-26 04:51:35;2021-02-08 22:27:57;2023-06-13 16:04:10;SO12444;76-6173-91169;16812;40;8651,65;397,46;135,53;4276,32;Comment 3420
24661;2020-03-26 03:06:36;2022-12-21 04:42:27;2022-10-30 02:04:25;SO19495;28-6393-31125;87977;10;7495,4;288,41;916,64;15479,83;Comment 3421
71329;2023-03-16 16:16:13;2022-07-19 20:19:51;2021-05-28 18:32:33;SO61645;61-5244-70735;33691;25;7634,33;320,43;268,48;2822;Comment 3422
44383;2021-07-02 09:14:44;2022-12-30 10:37:13;2023-09-04 06:01:03;SO44080;50-5389-75591;98805;2;2621,27;84,82;199,18;15996,73;Comment 3423
74353;2020-10-03 13:28:43;2020-05-31 10:58:37;2021-10-30 18:34:49;SO84055;66-4277-92738;84495;17;5784,34;95,45;608,75;10542,39;Comment 3424
63346;2021-01-27 09:33:25;2022-02-22 21:36:56;2022-09-14 08:25:38;SO10733;72-3440-90827;82826;3;1794,72;81,92;173,12;2207,03;Comment 3425
89625;2021-12-21 16:59:00;2022-10-24 02:40:56;2020-10-10 06:22:39;SO35036;71-9532-69420;75446;7;9237,34;224,44;808,49;11206,41;Comment 3426
89657;2023-08-21 07:06:31;2021-07-03 00:47:07;2021-04-20 22:59:42;SO40630;35-6579-94037;65475;49;1186,84;146,74;508,15;1788,31;Comment 3427
49892;2020-11-11 22:41:35;2022-03-16 06:15:49;2022-02-20 08:14:39;SO70593;98-8354-24626;96957;9;580,88;276,12;301,8;3848,32;Comment 3428
37547;2020-05-12 17:51:29;2020-02-10 06:11:37;2023-06-21 22:26:31;SO73303;71-9532-69420;37838;20;8938,26;489,36;174;6520,83;Comment 3429
59929;2020-10-10 03:24:46;2022-11-08 11:31:26;2022-06-08 13:43:39;SO52739;57-9057-83653;20692;35;8201,45;215,08;142,95;8213,15;Comment 3430
60296;2020-09-22 08:44:28;2021-04-23 06:55:51;2020-08-05 09:15:20;SO12617;81-3143-56523;82613;37;1864,48;342,16;833,64;2702,77;Comment 3431
48275;2023-11-01 08:45:13;2021-07-18 07:35:50;2023-03-23 21:22:55;SO25063;35-6579-94037;37338;49;9043,67;177,51;443,18;15141,03;Comment 3432
77448;2022-10-04 17:13:57;2022-06-21 18:06:54;2023-07-27 22:54:47;SO88470;74-3185-84739;34222;10;1787,98;208;351,3;11902,62;Comment 3433
33581;2021-10-26 22:41:55;2020-06-25 14:15:05;2022-12-30 00:39:07;SO60537;24-7081-87522;29351;26;3119,75;125,28;554,21;15197,73;Comment 3434
22961;2020-12-17 08:47:50;2021-08-30 16:08:50;2022-03-20 04:39:57;SO57913;60-7449-26711;97828;20;1196,69;416,76;761,07;11598,84;Comment 3435
75928;2021-04-26 16:35:27;2020-08-23 13:12:11;2022-07-17 15:08:35;SO10988;75-7092-97988;78444;33;2492,3;382,87;138,5;16875,2;Comment 3436
91195;2023-08-23 03:45:05;2021-03-07 07:58:48;2021-12-03 04:56:32;SO55709;28-6393-31125;59336;47;3619,59;405,94;766,75;1444,7;Comment 3437
78350;2022-04-02 08:25:56;2021-02-10 01:59:55;2023-10-18 10:08:52;SO21117;73-8844-80299;79747;23;9361,93;245,46;879,87;12678,56;Comment 3438
95048;2023-11-13 18:38:16;2020-01-02 15:25:23;2021-10-25 23:12:59;SO82995;49-7039-68376;85214;34;6149,32;27,12;212,66;9827,3;Comment 3439
71668;2023-05-06 05:12:22;2021-02-14 07:05:58;2022-02-05 18:06:44;SO78065;40-2409-67736;55820;22;8089,57;358,53;342,6;13211,79;Comment 3440
76306;2021-02-02 14:48:51;2022-05-22 03:45:45;2023-03-06 09:39:30;SO51852;98-8354-24626;50882;49;4887,67;68,95;920,78;4125,51;Comment 3441
59260;2023-09-21 12:35:00;2022-09-21 13:17:55;2022-04-07 00:41:53;SO36465;69-1886-36823;48099;1;6117,42;373,43;500,53;12822,49;Comment 3442
91592;2021-12-23 03:17:10;2022-09-26 03:49:22;2022-04-01 20:33:02;SO61833;81-3143-56523;88173;26;5015,83;419,22;799,88;7631,91;Comment 3443
24185;2020-11-07 04:06:19;2022-12-02 14:42:52;2021-11-01 19:01:18;SO79434;96-7105-64379;70774;33;7332,47;409,77;933,71;7624,29;Comment 3444
33114;2022-07-09 04:42:28;2022-06-22 04:56:03;2021-10-13 00:00:24;SO88403;73-8844-80299;96248;24;8097,32;346,73;713,47;4473,61;Comment 3445
37222;2023-08-29 21:38:56;2022-08-29 08:04:12;2022-06-15 14:46:45;SO25678;73-8844-80299;19526;24;3991,05;164,68;939,29;17866,08;Comment 3446
14161;2020-12-24 12:47:47;2022-02-26 04:50:24;2023-12-14 00:52:39;SO97519;24-7081-87522;95039;49;9021,04;70,72;817,03;2458,22;Comment 3447
21698;2021-01-10 00:59:30;2022-09-02 05:07:37;2022-06-01 17:09:06;SO33758;53-9319-74957;44026;44;8728,56;470,01;513,37;211,36;Comment 3448
42402;2022-03-24 07:21:57;2020-01-23 18:02:18;2020-05-04 10:49:10;SO17401;17-6178-77430;97074;8;7805,95;86,02;745,21;4779,62;Comment 3449
94662;2021-02-16 21:33:46;2023-09-07 21:45:11;2023-07-06 07:19:38;SO25465;17-6178-77430;22265;50;193,95;381,28;387,27;16508,46;Comment 3450
76613;2022-03-09 01:53:50;2023-04-18 02:00:14;2021-03-28 07:28:42;SO89449;92-2389-56247;70704;3;2231,92;169,74;112,49;9625,61;Comment 3451
69337;2022-08-24 15:05:31;2022-10-30 04:08:52;2022-01-13 11:33:40;SO54629;86-5535-57031;31492;10;853,91;82,05;840,01;19421,98;Comment 3452
14325;2020-01-03 03:57:32;2022-03-13 05:20:53;2022-02-26 14:21:37;SO47306;75-7092-97988;18898;10;6670,3;276,27;396,15;19232,53;Comment 3453
27541;2020-12-11 03:28:57;2020-04-05 05:39:48;2021-01-07 11:46:39;SO53182;40-2409-67736;33225;16;9817,76;39,6;189,83;8180,81;Comment 3454
58929;2021-02-14 22:40:26;2022-06-20 15:32:17;2023-01-29 02:27:27;SO37563;69-1886-36823;14642;26;3120,18;420,64;486,3;19291,18;Comment 3455
65796;2021-08-22 07:44:51;2021-05-31 06:35:51;2021-03-08 23:49:27;SO99198;84-7460-34357;32075;30;1982,27;186,47;231,13;14683,51;Comment 3456
25038;2021-12-08 02:16:30;2020-10-11 16:45:11;2020-08-02 14:06:30;SO31065;66-2881-24904;75293;1;7023,01;388,3;799,28;712,89;Comment 3457
62314;2022-05-17 08:54:32;2023-10-18 19:23:24;2022-11-08 03:58:52;SO16063;48-2823-67639;79190;8;4890,77;45,55;607,37;8651,85;Comment 3458
72906;2020-03-05 21:55:08;2020-10-30 12:59:55;2020-10-13 10:25:38;SO65829;51-7541-34141;63537;4;816,67;75,78;87,12;14044,67;Comment 3459
51468;2021-10-22 18:04:00;2020-05-25 22:14:34;2022-10-11 11:49:26;SO13605;28-4123-84663;36196;8;8262,13;147,01;226,45;15794,92;Comment 3460
35817;2023-09-12 05:40:09;2023-11-07 15:08:05;2023-01-11 19:06:00;SO83165;92-2389-56247;38917;2;792,6;441,91;369,05;6739,39;Comment 3461
84463;2022-08-08 15:53:19;2023-03-20 13:02:32;2023-07-25 03:07:51;SO28917;84-7460-34357;72314;2;2120,8;433,01;614,7;18370,53;Comment 3462
73705;2022-11-19 16:18:50;2023-01-23 18:19:55;2022-01-30 11:30:37;SO24138;74-3185-84739;86486;11;2250,64;37,56;765,2;12172,63;Comment 3463
95782;2021-08-09 01:42:59;2020-06-29 09:04:24;2023-09-15 01:51:50;SO58884;57-9057-83653;27041;28;9066,53;131,32;24,91;335,06;Comment 3464
74792;2020-12-27 07:43:23;2021-04-22 08:13:01;2021-10-02 06:17:52;SO34694;35-6579-94037;65725;44;4279,62;42,04;409,19;4244,67;Comment 3465
75851;2020-02-01 18:50:12;2021-12-27 10:18:43;2023-07-12 02:26:20;SO20330;66-4277-92738;79260;22;486,3;148,31;486,55;9610,3;Comment 3466
48028;2021-04-04 23:42:41;2021-08-28 10:18:19;2020-04-30 03:50:17;SO55431;28-4123-84663;27171;1;3522,13;464,13;825,94;3959,93;Comment 3467
72118;2021-05-17 21:26:23;2022-11-18 11:17:54;2023-11-20 22:10:41;SO68467;28-4123-84663;80996;4;6317,05;170,07;887,27;2763,78;Comment 3468
23168;2020-02-21 11:25:25;2023-07-17 10:08:14;2021-09-22 09:08:48;SO34596;69-1886-36823;13146;46;8116,52;65,89;348,85;14840,22;Comment 3469
42953;2023-04-07 17:43:18;2021-04-25 16:58:52;2023-08-12 14:25:48;SO81227;84-7460-34357;34798;42;6236,25;54,14;517,46;7219,54;Comment 3470
35846;2020-12-19 19:48:02;2020-09-11 10:22:32;2023-09-17 04:52:00;SO96070;85-4116-52037;82178;18;4473,3;259,34;115,41;12353,5;Comment 3471
12697;2021-02-25 07:01:16;2022-06-04 15:11:26;2023-02-16 13:16:59;SO34707;60-7449-26711;61152;7;2511,66;324,95;23,45;221,83;Comment 3472
81358;2023-11-15 18:56:59;2022-06-29 13:17:58;2020-02-01 20:20:39;SO71900;96-7105-64379;92710;20;8557,97;125,39;139,36;12342,53;Comment 3473
89366;2020-04-12 09:28:01;2020-05-19 04:37:01;2022-12-31 13:14:16;SO45647;51-7541-34141;58167;11;6869,66;183,28;785,31;13323,9;Comment 3474
78493;2023-04-11 16:27:41;2023-09-06 10:44:11;2023-01-03 03:44:47;SO37928;30-1489-79011;38260;19;7662,81;311,46;659,94;9142,9;Comment 3475
42327;2022-04-10 20:29:22;2020-01-31 00:46:48;2022-09-04 13:05:02;SO24647;61-5244-70735;58509;41;2759,06;428,11;940,81;4772,02;Comment 3476
44803;2022-12-26 10:11:53;2021-02-22 14:29:19;2022-08-02 18:35:39;SO91000;61-5244-70735;48937;2;8230,48;274,14;801,86;4435,08;Comment 3477
82317;2023-01-01 14:33:49;2022-05-24 23:46:32;2022-08-29 01:52:54;SO79030;74-3185-84739;38545;10;1621,48;138,64;382,61;10189,61;Comment 3478
83726;2022-05-05 01:59:29;2020-06-02 23:26:30;2020-04-19 20:20:53;SO83424;60-7449-26711;86102;49;3012,65;314,61;65,28;13146,47;Comment 3479
84775;2020-11-13 10:10:43;2021-07-25 06:34:03;2021-11-20 16:22:03;SO38813;16-3417-49054;16593;44;3839,51;205,28;805,55;2463,23;Comment 3480
67237;2023-01-05 22:29:02;2020-05-30 13:17:05;2022-07-14 16:03:50;SO53529;29-3530-22517;48689;26;7271,89;475,87;270,51;1776,69;Comment 3481
57793;2020-12-17 10:20:02;2020-03-25 09:08:50;2022-03-22 06:30:35;SO43011;17-6178-77430;92098;19;505,18;195,03;732,57;9672,85;Comment 3482
97987;2021-07-02 04:26:48;2020-12-24 13:18:08;2022-08-31 13:18:50;SO26873;22-4444-25264;41328;20;1280,57;185,6;766,23;18455,56;Comment 3483
88511;2022-10-24 07:57:33;2023-09-23 08:37:14;2022-09-21 23:30:14;SO93018;23-8779-93758;22727;50;4797,15;441,28;48,32;4864,65;Comment 3484
67403;2022-10-20 21:53:46;2023-10-12 00:42:25;2022-01-25 22:00:09;SO85655;66-4277-92738;57814;6;7972,67;255,93;44,99;16899,22;Comment 3485
62719;2021-05-16 18:11:15;2022-03-02 20:28:46;2020-02-21 07:40:34;SO34587;24-7081-87522;21107;10;4222,48;350,51;38,86;11367;Comment 3486
75597;2023-08-25 12:24:43;2023-11-05 02:46:50;2021-09-26 11:02:46;SO44574;50-5389-75591;74477;35;5838,4;363,22;482,55;1859,09;Comment 3487
35483;2023-08-16 05:46:32;2022-11-06 19:26:13;2021-12-19 04:00:01;SO66817;84-8862-18518;51680;46;9957,47;73,31;372,76;17480,26;Comment 3488
21963;2023-04-01 11:46:12;2022-02-16 01:16:38;2021-02-09 03:23:59;SO64547;40-2409-67736;14042;1;8684,29;381,47;557,88;8008,47;Comment 3489
51122;2022-07-14 01:58:41;2022-05-04 19:09:02;2023-08-03 04:04:30;SO87298;63-4608-21366;80003;27;6723,46;492,3;583,81;10539,34;Comment 3490
34850;2023-05-12 14:38:30;2020-11-04 07:03:45;2022-12-16 07:29:24;SO79157;96-7105-64379;37978;1;1614,49;365,16;574,64;4653,77;Comment 3491
50048;2020-02-21 23:09:05;2022-07-09 04:10:29;2021-01-27 18:19:36;SO96410;57-9057-83653;34553;35;6312,44;245,71;975,53;10025,73;Comment 3492
28371;2022-02-20 22:37:33;2022-03-13 23:46:08;2020-03-24 15:58:40;SO55160;96-7105-64379;40876;41;2513,17;285,62;883,53;1578,01;Comment 3493
39283;2020-05-28 20:04:48;2022-06-23 10:02:15;2023-01-15 09:43:02;SO53803;49-7039-68376;80764;7;6769,7;491,78;123,78;1282,89;Comment 3494
98047;2022-08-22 23:57:30;2021-11-28 22:35:34;2022-12-23 00:55:03;SO57570;84-7460-34357;12741;18;1088,48;241,61;957,54;9581,47;Comment 3495
28292;2020-02-22 14:41:47;2022-03-18 17:21:01;2023-11-20 08:19:13;SO30298;81-3143-56523;65903;43;3706,01;474,19;939,15;4680,48;Comment 3496
56893;2020-11-07 22:40:48;2022-11-03 11:45:14;2023-11-06 01:16:34;SO74689;92-2389-56247;76385;33;8673,05;224,48;795,69;1818,66;Comment 3497
55475;2022-03-31 15:49:45;2022-04-25 13:20:57;2023-07-28 18:29:45;SO56605;66-2881-24904;51718;27;5481,27;438,14;730,52;8384,09;Comment 3498
43718;2020-11-01 12:36:07;2023-10-12 15:02:19;2021-09-19 18:26:43;SO20311;40-5683-25279;90107;13;171,24;376,34;423,83;1271,93;Comment 3499
82620;2020-10-22 14:00:41;2021-11-19 16:30:39;2020-05-30 13:59:28;SO48328;66-4277-92738;31517;31;3261,75;122,52;899,34;17105,85;Comment 3500
72553;2023-09-07 00:14:06;2023-11-21 21:21:34;2021-04-18 08:42:56;SO92322;63-4608-21366;80751;28;3084;162,96;258,73;538,18;Comment 3501
51375;2022-03-01 10:33:43;2023-04-29 06:43:12;2023-01-22 14:06:30;SO20659;85-4116-52037;85472;24;2055,05;359,88;230,42;2719,97;Comment 3502
21619;2023-09-09 06:50:12;2021-10-15 01:44:59;2022-04-26 00:14:31;SO92022;71-9532-69420;45546;15;9174,7;214,29;635,16;17613,03;Comment 3503
30212;2022-10-06 00:54:03;2021-06-25 14:03:20;2021-08-28 12:43:15;SO50750;29-3530-22517;46693;31;9048,55;102,27;707,82;1487,46;Comment 3504
43545;2022-12-11 22:28:06;2022-02-28 08:25:59;2023-05-27 16:16:18;SO93857;74-2176-61667;52044;3;2856,79;200,2;873,29;629,52;Comment 3505
91389;2023-04-17 22:49:29;2022-09-21 09:27:06;2020-10-18 15:38:26;SO84033;24-7081-87522;64682;30;132,13;232,31;315,05;17867,19;Comment 3506
47709;2023-03-17 01:11:43;2020-02-15 14:59:57;2021-01-04 13:01:13;SO68099;71-9532-69420;78333;3;8381,46;158,09;168,67;19097,98;Comment 3507
61602;2020-11-22 13:08:39;2023-07-08 00:24:11;2022-03-05 18:47:18;SO76899;30-1489-79011;36022;5;8497,59;490,69;991,3;14689,05;Comment 3508
68021;2022-04-06 05:14:40;2021-09-15 04:49:56;2022-09-22 23:39:22;SO62856;48-2823-67639;50586;25;8518,43;154,21;129,75;19412,75;Comment 3509
68740;2021-12-31 05:03:43;2022-06-21 06:53:22;2022-02-01 11:56:08;SO15703;61-5244-70735;84274;36;5822,84;311,81;701,5;6836,47;Comment 3510
59230;2020-01-29 21:49:03;2020-05-23 01:47:37;2020-06-09 07:18:24;SO31620;24-7081-87522;98845;48;2988,54;475,87;552,74;10566,44;Comment 3511
75795;2023-06-07 11:14:01;2022-06-08 20:50:31;2022-02-19 20:16:14;SO56485;69-8859-80035;69834;38;8144,09;429,06;677,95;2405,42;Comment 3512
12661;2022-01-12 06:33:36;2020-09-03 02:03:35;2023-03-11 02:36:17;SO24580;23-8779-93758;43310;41;6330,13;261,48;34,78;16323,74;Comment 3513
15883;2022-11-09 01:12:55;2020-01-23 08:19:29;2022-03-08 07:14:48;SO44631;53-9319-74957;49088;10;7544,43;155,74;632,17;16416,2;Comment 3514
70657;2020-08-21 08:21:55;2021-03-28 03:22:10;2023-03-28 14:49:43;SO97910;17-6178-77430;89034;13;1494,59;159,98;641,78;14274,4;Comment 3515
61157;2021-01-20 15:23:32;2022-11-13 14:32:03;2023-08-08 05:34:03;SO12279;48-2823-67639;81040;5;8957,48;372,61;819,86;1611,41;Comment 3516
31877;2023-11-23 20:32:24;2022-10-15 07:09:59;2023-11-06 03:31:50;SO39892;61-5244-70735;48890;32;7038,67;235,29;215,06;7070,71;Comment 3517
49066;2023-07-12 04:01:07;2020-08-26 03:13:36;2020-07-02 17:34:26;SO59783;63-4608-21366;27067;22;985,07;275,2;620,13;17656,77;Comment 3518
55504;2022-05-12 08:13:14;2022-05-10 00:14:26;2022-09-15 11:09:14;SO67414;44-6968-96958;98337;34;8516,15;306,04;534,58;14457,83;Comment 3519
37544;2020-06-27 09:03:17;2020-08-16 07:27:57;2023-05-31 12:03:35;SO96694;40-5683-25279;92958;42;8262,5;408,39;329,99;15242,16;Comment 3520
74887;2023-12-15 23:54:51;2021-05-19 15:50:01;2021-11-22 01:27:04;SO89324;51-7541-34141;62949;41;5200,03;259,62;222,18;5194,23;Comment 3521
86957;2022-01-11 02:24:11;2023-05-03 15:49:20;2021-03-04 05:28:54;SO52486;40-5683-25279;26220;40;696,38;311,94;857,15;8725,76;Comment 3522
17726;2022-06-29 18:04:00;2021-05-04 14:29:54;2022-11-08 16:09:01;SO18801;96-7105-64379;75993;27;9337,38;352,02;224,48;18213,82;Comment 3523
54619;2023-08-08 13:19:44;2022-08-15 07:53:27;2022-09-07 13:38:32;SO91360;40-2409-67736;75429;9;6781,11;166,57;821,38;19162,87;Comment 3524
22491;2023-10-25 02:41:38;2023-07-27 12:13:45;2022-04-21 10:57:54;SO56417;40-5683-25279;86338;43;3750,53;16,67;469,67;11661,23;Comment 3525
62065;2023-11-11 15:35:00;2022-01-26 02:37:15;2022-04-30 18:25:59;SO92522;60-7449-26711;66321;31;2863,04;323,66;735,14;16296,86;Comment 3526
23252;2023-09-26 22:29:19;2022-07-15 01:16:21;2020-08-05 05:56:31;SO30581;66-4277-92738;79540;5;7186,88;485,49;339,17;18407,33;Comment 3527
35646;2023-08-25 16:24:22;2021-10-21 21:33:50;2020-07-16 08:11:02;SO44193;30-1489-79011;36389;14;9628,08;464,95;455,05;9708,76;Comment 3528
51317;2022-05-31 04:35:21;2022-05-15 07:33:13;2021-02-18 13:45:40;SO73199;84-8862-18518;18212;3;9918,65;128,08;150,99;3210,29;Comment 3529
19561;2020-01-24 07:05:29;2022-06-15 18:10:01;2022-03-17 20:26:04;SO55680;85-4116-52037;62073;24;9571,22;376,24;347,24;15980,59;Comment 3530
25167;2020-12-08 01:25:20;2020-05-21 14:45:28;2020-02-28 20:24:52;SO94748;69-8859-80035;87423;48;914,8;138,15;529,05;16012,05;Comment 3531
40788;2020-01-23 15:22:48;2021-07-06 11:12:57;2023-07-09 15:08:32;SO53118;75-3751-62094;84034;3;5268,16;75,27;141,2;14209,93;Comment 3532
99875;2020-01-20 20:23:36;2023-04-21 22:32:57;2022-02-20 18:51:20;SO61674;60-7449-26711;10243;7;3666,02;243,02;275,37;4932,27;Comment 3533
31247;2023-12-16 16:10:39;2021-03-13 08:12:10;2023-11-15 07:11:39;SO19898;51-7602-22642;13099;36;4662,4;473,96;721,1;14831,25;Comment 3534
80663;2020-08-30 09:23:52;2023-02-12 19:06:34;2022-09-18 14:46:24;SO69647;75-7092-97988;45024;12;8452,93;156,8;134,39;18734,9;Comment 3535
92669;2020-05-09 20:13:19;2022-04-25 18:48:14;2021-04-03 07:25:27;SO17927;57-9057-83653;98808;5;4865,61;181,75;546,3;1999,91;Comment 3536
58019;2021-06-25 09:00:56;2020-11-13 09:51:13;2020-06-20 21:37:06;SO40262;78-5514-83427;26244;20;6961,66;265,69;566,28;12905,69;Comment 3537
38391;2020-01-09 15:48:55;2020-04-08 00:53:59;2022-05-25 02:26:22;SO43439;76-6173-91169;98645;40;4491,24;271,56;49,72;1187,3;Comment 3538
93101;2023-10-01 19:07:51;2022-08-12 01:33:11;2020-01-06 18:04:18;SO61094;84-7460-34357;17172;34;9084,68;88,69;645,13;11401,15;Comment 3539
76747;2022-01-09 14:59:41;2021-09-09 21:29:52;2020-07-15 05:10:51;SO37774;17-6178-77430;46215;39;9116,14;36,32;5,45;8417,01;Comment 3540
97585;2020-12-12 10:25:22;2023-03-20 09:15:01;2020-06-24 17:35:57;SO44090;72-3440-90827;18364;12;6106,83;108,15;791,32;17083,91;Comment 3541
86777;2021-06-05 14:47:06;2020-03-23 19:43:15;2021-02-21 05:58:10;SO23146;22-4444-25264;36518;17;6870,57;422,11;426,47;871,24;Comment 3542
48113;2022-06-21 16:54:07;2020-08-12 09:34:40;2022-10-21 15:55:52;SO43907;22-4444-25264;88678;27;6485,73;144,36;632,6;7044,36;Comment 3543
11893;2021-03-04 06:36:28;2022-01-05 06:18:49;2023-05-18 23:33:43;SO92889;28-4123-84663;34519;25;8488,72;345,73;273,74;2603,36;Comment 3544
93078;2020-03-31 02:51:22;2021-04-19 16:27:49;2023-07-26 20:13:02;SO34625;16-3417-49054;54818;47;4803,23;357,23;251,54;6433,65;Comment 3545
90546;2021-05-28 04:07:34;2022-02-12 19:54:42;2020-11-10 07:49:51;SO52496;84-7460-34357;96777;27;4873,1;372,6;253,05;16774,68;Comment 3546
74334;2021-01-11 06:44:32;2020-09-04 20:39:30;2023-01-31 21:57:44;SO93899;63-4608-21366;39236;44;1534,54;274,17;579,55;17674,37;Comment 3547
99749;2023-02-02 23:40:30;2022-10-02 02:33:47;2021-05-28 02:33:09;SO54137;30-1489-79011;19110;39;9852,14;79,5;163,8;12611,61;Comment 3548
27110;2020-08-09 19:00:06;2023-02-19 01:52:18;2021-12-21 03:15:31;SO27030;69-1886-36823;50587;25;752,46;435,43;543,24;16891,88;Comment 3549
59166;2021-07-14 08:41:58;2022-06-22 12:15:50;2022-11-14 08:32:52;SO34357;30-1489-79011;50703;4;1573,39;284,67;948,99;11531,35;Comment 3550
72905;2023-02-16 17:34:55;2020-08-23 11:42:12;2021-04-12 05:10:46;SO29557;53-9319-74957;99514;50;7066;424,33;804,58;1388,18;Comment 3551
37139;2023-05-26 22:44:07;2021-09-07 23:53:16;2022-09-28 22:54:41;SO30265;29-3530-22517;26797;18;3693,42;220,7;466,65;4572,4;Comment 3552
58434;2020-12-30 09:49:22;2021-10-13 15:19:14;2021-11-19 17:53:20;SO67029;23-8779-93758;98770;42;4149,86;397,56;767,25;18890,07;Comment 3553
38226;2020-08-02 09:53:12;2022-07-25 17:19:14;2022-10-18 20:14:54;SO69375;72-3440-90827;38773;4;6182,94;146,36;17,74;13437,43;Comment 3554
68349;2022-06-02 10:55:22;2021-03-14 23:53:38;2023-03-29 09:29:06;SO71857;75-3751-62094;93172;14;5820;113,33;986,23;385,16;Comment 3555
11721;2022-07-11 17:17:09;2022-05-04 18:17:17;2020-06-12 04:09:04;SO33751;98-8354-24626;54999;1;8699,98;341,36;824,89;4737,57;Comment 3556
34803;2020-09-05 22:23:31;2020-05-02 14:27:01;2021-01-22 20:21:35;SO40210;30-1489-79011;22139;20;6512,93;460,21;718,82;10071,73;Comment 3557
92929;2022-11-22 20:35:39;2022-12-13 23:37:41;2022-11-18 01:39:14;SO36689;84-8862-18518;60259;40;6475,51;86,2;405,14;3066,85;Comment 3558
51425;2020-11-20 00:32:46;2021-02-12 04:52:11;2022-09-13 17:05:30;SO74027;33-1973-80101;25470;18;379,31;62,6;259,23;13817,15;Comment 3559
55537;2020-05-27 10:53:03;2023-02-17 22:33:06;2020-02-17 17:53:47;SO15144;30-1489-79011;13733;21;7478,43;382,81;580,06;7219,58;Comment 3560
24483;2022-04-25 14:05:05;2021-03-28 01:53:15;2020-07-12 14:19:26;SO24703;75-7092-97988;49561;44;8544,13;28,58;33,1;6663,23;Comment 3561
57798;2023-09-30 00:13:18;2022-08-12 12:23:27;2022-06-07 01:37:16;SO55688;17-6178-77430;78197;20;2781,17;205,6;21,83;2904,09;Comment 3562
26753;2021-11-27 13:50:22;2022-02-22 02:03:40;2023-01-27 09:07:03;SO88361;72-3440-90827;21480;24;4373,56;90,66;994,88;14004,71;Comment 3563
10843;2023-05-29 13:24:32;2022-04-26 02:27:53;2020-09-06 23:06:09;SO42154;30-1489-79011;78267;12;8892,49;193,05;273,86;18208,17;Comment 3564
49081;2021-12-23 13:35:20;2023-04-20 01:27:52;2022-06-26 01:47:04;SO14946;51-7602-22642;20904;50;3407,47;28,09;508,65;8455,9;Comment 3565
51468;2023-10-21 14:43:43;2021-04-18 13:17:24;2023-05-24 06:00:26;SO51147;29-3530-22517;64033;22;5903,53;330,33;844,27;7552,21;Comment 3566
97994;2020-02-09 05:58:02;2021-10-08 08:31:04;2022-12-24 02:24:35;SO94808;50-5389-75591;94778;5;2094,29;51,89;88,97;19623,55;Comment 3567
67149;2020-02-13 14:52:21;2020-11-18 05:33:35;2022-09-23 04:32:49;SO82824;51-7541-34141;99473;16;1901,19;235,29;733,34;10464,61;Comment 3568
37384;2021-04-19 11:35:55;2022-07-26 09:39:16;2022-12-11 07:14:47;SO94768;66-4277-92738;14770;25;5733,97;436,04;376,2;4283,84;Comment 3569
40366;2022-07-18 08:22:25;2022-01-19 22:36:58;2020-03-22 19:57:17;SO96724;85-4116-52037;32489;43;2047,3;217,22;469,42;19258,92;Comment 3570
77152;2021-03-23 16:51:13;2022-10-23 14:20:18;2020-08-19 22:28:51;SO99432;98-8354-24626;49429;13;1615,24;145,19;202,56;13384,79;Comment 3571
14908;2020-11-09 01:31:28;2023-04-24 05:08:57;2020-07-27 06:08:18;SO37514;96-7105-64379;25642;13;106,98;97,47;734,11;1198,46;Comment 3572
52748;2023-11-24 06:36:53;2021-08-19 10:33:56;2020-02-17 11:13:27;SO47140;61-5244-70735;89607;36;3719,4;56,43;349,04;8838,58;Comment 3573
31217;2023-10-07 03:19:38;2020-09-22 14:32:36;2021-03-04 09:04:46;SO93534;66-2881-24904;72692;22;7949,54;369,75;899,86;7445,51;Comment 3574
60812;2022-10-10 21:02:51;2020-08-24 02:19:14;2022-01-31 22:28:55;SO81577;60-7449-26711;49174;14;6127,65;423,94;785,99;13583,58;Comment 3575
20244;2021-08-04 10:39:05;2020-02-13 01:54:20;2022-03-23 07:21:13;SO46463;75-3751-62094;84600;28;8319,95;132,97;905,8;13727,81;Comment 3576
91176;2020-04-03 23:36:01;2023-04-21 03:16:43;2020-02-28 00:26:31;SO75160;29-3530-22517;69100;27;937,01;232,01;930,31;14993,83;Comment 3577
51961;2023-05-09 21:54:10;2021-03-19 04:09:41;2021-05-28 12:59:52;SO20932;83-7954-63932;11693;18;7623,09;222,53;609,47;13385,36;Comment 3578
84862;2021-04-01 07:41:30;2020-05-12 22:10:43;2020-08-20 14:05:25;SO82415;57-9057-83653;71248;37;9597,88;20,53;967,07;14412,58;Comment 3579
75410;2021-07-04 17:08:46;2023-04-19 15:52:48;2022-09-26 18:02:42;SO31933;29-3530-22517;46131;41;8952,07;436,63;980,86;9919,19;Comment 3580
37873;2020-07-08 04:50:33;2020-10-16 23:09:28;2021-01-05 13:24:19;SO48034;48-2823-67639;44646;12;5604,13;227,05;450,57;14168,19;Comment 3581
90971;2023-02-13 09:19:28;2022-07-16 07:25:11;2020-12-28 05:54:13;SO95856;40-5683-25279;63903;34;4114,18;79,35;745,21;13113,34;Comment 3582
52192;2020-02-14 18:43:31;2020-01-21 13:12:48;2023-03-02 15:24:13;SO29144;17-6178-77430;48136;20;5099,7;77,71;30,82;15454,7;Comment 3583
70139;2020-04-20 12:19:50;2023-06-21 18:05:40;2022-02-13 03:23:04;SO58179;66-2881-24904;85012;50;5203,5;479,66;964,38;7010,94;Comment 3584
83437;2020-08-26 08:00:07;2022-08-21 14:47:50;2022-07-19 23:47:45;SO27590;71-9532-69420;49964;46;6895,44;310,22;333,7;9169,97;Comment 3585
73480;2021-02-17 16:52:25;2023-10-02 01:55:43;2021-07-17 06:18:34;SO19564;81-3143-56523;26213;37;5042,52;247,9;735,58;3104,24;Comment 3586
76094;2022-06-17 05:31:40;2022-12-27 17:34:08;2021-06-11 01:33:44;SO49206;71-9532-69420;69074;21;9308,46;141,55;860,93;5403,13;Comment 3587
71635;2021-12-10 15:52:59;2020-03-19 14:29:41;2023-12-29 12:47:57;SO24924;69-8859-80035;13513;43;705,15;496,15;463,3;18831,45;Comment 3588
56705;2023-03-21 17:11:58;2023-08-27 03:58:50;2022-06-29 01:14:47;SO74474;73-8844-80299;42359;16;8197,52;15,89;318,58;15307,65;Comment 3589
19809;2022-10-26 14:26:45;2021-03-11 12:30:28;2020-10-02 23:37:01;SO86043;73-8844-80299;52981;38;2036,25;274,85;169,58;10134,23;Comment 3590
76385;2020-08-16 06:13:38;2022-12-24 00:58:41;2020-12-08 12:32:56;SO72957;92-2389-56247;30675;7;277,82;52,26;433,65;6485,49;Comment 3591
16099;2023-12-21 17:35:31;2021-09-01 23:04:27;2020-04-03 22:08:11;SO73585;53-9319-74957;62556;4;8938,68;177,64;722,44;13144,81;Comment 3592
38406;2022-04-22 04:00:59;2022-11-24 20:01:32;2023-05-29 08:46:49;SO42298;74-2176-61667;85038;28;6676,99;323,68;783,8;8804,87;Comment 3593
92406;2020-10-17 02:41:17;2021-09-15 17:31:16;2023-04-27 08:30:42;SO15329;96-7105-64379;92716;50;6256,4;217,41;548,44;10315,32;Comment 3594
96004;2020-04-05 07:31:24;2021-03-30 06:47:55;2023-06-22 22:53:55;SO61205;63-4608-21366;91748;12;9564,78;90,75;378,48;4294,39;Comment 3595
95486;2022-05-12 10:48:37;2022-05-06 10:13:25;2023-10-05 02:50:47;SO25337;76-6173-91169;30279;11;5203,26;217,91;814,42;7967,13;Comment 3596
73750;2020-03-30 22:11:11;2022-05-06 18:02:10;2020-07-26 06:44:32;SO40781;28-6393-31125;41119;14;498,59;108,49;623,56;10899,05;Comment 3597
65300;2023-10-16 22:57:01;2021-10-14 04:32:29;2020-07-05 19:20:21;SO49697;86-5535-57031;95631;27;4029,87;352,86;235,73;16672,15;Comment 3598
51040;2020-08-28 21:26:01;2021-01-17 16:50:51;2022-09-24 03:11:14;SO12204;17-6178-77430;68003;25;6455,84;321,34;173,47;670,83;Comment 3599
99685;2022-07-25 15:54:42;2023-10-11 13:59:32;2021-10-18 01:40:23;SO22271;69-8859-80035;42473;4;5623,98;321,78;122,03;8222,64;Comment 3600
39456;2020-11-03 12:31:15;2022-09-12 16:41:24;2023-05-12 04:01:10;SO95410;84-7460-34357;22437;17;6703,49;32,94;496,15;13215,84;Comment 3601
17652;2022-11-03 04:20:30;2020-11-20 17:31:44;2020-10-08 01:12:39;SO58083;81-3143-56523;52112;42;6839,27;60,79;440,32;17095,81;Comment 3602
32747;2022-05-18 07:04:41;2020-01-07 02:56:18;2023-01-18 08:53:28;SO74885;78-5267-32468;68861;35;7078,68;431,42;519,84;11311,01;Comment 3603
46775;2021-05-29 23:03:25;2020-12-11 18:07:10;2020-09-23 13:21:26;SO71177;50-5389-75591;21259;48;2909;313,24;601,81;7173,32;Comment 3604
50530;2021-09-19 07:46:34;2022-09-14 11:35:53;2021-11-04 12:42:32;SO73637;33-1973-80101;97993;8;7805,99;423,56;352,09;11389,16;Comment 3605
92905;2020-09-09 22:45:12;2023-11-25 03:34:22;2022-10-10 19:19:17;SO98822;28-4123-84663;72073;37;9093;230,8;700,87;4109,13;Comment 3606
91373;2021-06-16 23:03:38;2023-12-12 20:00:03;2022-05-12 04:36:39;SO91477;17-6178-77430;92219;19;8777,56;111,39;647,26;8981,3;Comment 3607
37233;2022-11-06 19:52:29;2020-12-14 17:51:04;2022-05-02 08:59:55;SO24824;69-8859-80035;71727;5;6461,5;76,65;952,4;14417,97;Comment 3608
83109;2022-03-18 21:22:48;2022-05-02 01:32:01;2023-06-09 22:48:46;SO42262;24-7081-87522;28642;25;6472,46;343,55;446,22;3974,73;Comment 3609
50843;2022-02-08 02:36:37;2022-04-04 05:33:22;2022-05-15 10:50:43;SO52192;85-4116-52037;93428;10;4077,8;208,51;624,8;18991,82;Comment 3610
49485;2020-03-13 10:31:11;2022-11-04 15:59:19;2022-12-19 13:40:29;SO29606;69-1886-36823;62239;33;4628,44;39;609,49;14672,33;Comment 3611
40960;2022-10-27 15:27:02;2022-12-07 13:27:50;2021-11-06 00:05:26;SO85438;23-8510-71623;78492;49;2451,42;302,59;904,33;19068,53;Comment 3612
37395;2023-06-06 07:08:47;2020-10-14 08:43:45;2023-01-06 23:14:30;SO80885;83-7954-63932;95137;43;8718,2;477,25;891,87;4418,97;Comment 3613
40829;2021-01-30 11:57:26;2022-12-13 10:35:33;2020-01-27 05:39:06;SO26299;74-2176-61667;90260;40;3782,44;166,67;951,16;11239,31;Comment 3614
89606;2022-09-14 02:58:33;2023-04-07 23:40:12;2023-04-17 22:04:15;SO55185;84-7460-34357;37532;42;687,12;303,37;598,19;5447,8;Comment 3615
51697;2021-06-19 10:45:26;2023-05-14 22:07:29;2023-12-24 00:47:40;SO80371;40-5683-25279;65913;36;4855,75;262,33;454,25;16649,17;Comment 3616
56551;2020-07-13 02:19:13;2020-01-29 02:40:55;2023-12-26 03:11:48;SO32981;69-8859-80035;26850;34;6378,47;70,23;795,01;9333,36;Comment 3617
29445;2022-01-30 20:20:22;2020-05-24 02:33:18;2020-05-02 02:03:43;SO68847;23-8779-93758;42226;48;2408,05;350,05;221,79;3074,26;Comment 3618
39430;2021-11-10 01:16:20;2023-02-04 05:30:47;2023-12-25 23:05:58;SO26478;75-3751-62094;20906;6;7266,24;28,09;712,92;773,55;Comment 3619
42457;2022-02-09 17:47:59;2023-05-13 03:44:05;2020-02-20 21:01:27;SO75219;75-3751-62094;64574;36;6395,55;319,63;16,48;400,34;Comment 3620
17638;2022-07-27 08:45:51;2022-10-18 23:13:07;2022-04-03 21:15:31;SO34293;33-1973-80101;47381;23;3582,88;446,31;12,74;3051,04;Comment 3621
67220;2022-08-24 13:04:38;2021-04-30 17:20:39;2021-09-08 02:02:03;SO15812;96-7105-64379;73816;27;5103,54;168,57;493,61;15317,87;Comment 3622
91018;2021-08-29 16:59:12;2023-09-08 10:33:38;2021-11-18 06:15:39;SO13782;74-2176-61667;86641;3;9065,34;429,71;138,46;16187,49;Comment 3623
52934;2023-11-29 18:55:07;2021-01-04 06:47:43;2021-11-23 20:47:33;SO23741;84-8862-18518;34462;41;7012,71;393,79;684,25;4264,68;Comment 3624
21369;2022-07-24 13:54:41;2020-07-28 21:31:35;2022-06-28 04:46:32;SO43935;22-4444-25264;54536;11;6789,48;193,29;465,33;3238,2;Comment 3625
87740;2022-09-14 00:36:18;2020-09-18 19:05:25;2020-03-07 01:30:27;SO51708;30-1489-79011;92322;11;6209,9;144,91;838,51;9294,16;Comment 3626
57733;2021-08-22 17:31:53;2021-02-15 12:36:40;2023-03-24 14:23:30;SO12867;63-4608-21366;47151;9;3998,82;44,51;570,41;7273,83;Comment 3627
31459;2023-04-18 01:04:01;2023-05-08 20:54:56;2022-12-08 06:47:28;SO87246;29-3530-22517;62871;27;2270,17;330,89;271,49;4842,6;Comment 3628
83224;2022-03-27 23:55:30;2021-03-05 16:42:42;2020-11-30 23:16:52;SO87703;28-6393-31125;19708;49;8130,14;296,54;602,7;10577,42;Comment 3629
18032;2022-06-03 09:04:29;2022-02-13 11:44:12;2021-11-13 00:00:38;SO12170;73-8844-80299;90400;29;6914,2;385,32;707,19;13933,86;Comment 3630
59679;2023-03-11 04:17:22;2023-10-15 19:43:10;2022-03-30 09:21:26;SO57025;50-5389-75591;17863;3;6033,82;311,35;470,83;7347,24;Comment 3631
24971;2022-11-22 05:12:16;2021-02-24 19:19:27;2023-11-18 13:54:05;SO95719;63-4608-21366;26305;41;6827,26;53,49;90,35;11657,69;Comment 3632
38479;2023-06-16 23:08:43;2022-03-22 00:24:55;2020-05-03 09:07:44;SO86042;74-2176-61667;11566;24;6052,34;271,52;438,54;16920,14;Comment 3633
90927;2021-03-29 14:13:41;2021-06-12 23:32:48;2020-02-16 08:44:38;SO40939;84-7460-34357;26797;38;7015,09;200,81;587,28;13133,76;Comment 3634
69588;2021-02-01 08:13:57;2021-02-11 16:20:03;2021-05-14 02:52:23;SO55282;69-1886-36823;33500;14;1086,63;225,72;469,97;6428,51;Comment 3635
83969;2022-02-04 17:04:26;2022-03-29 11:00:20;2022-01-14 18:16:59;SO91233;72-3440-90827;21780;46;3849,63;144,44;126,42;17758,61;Comment 3636
57363;2023-06-14 04:41:30;2021-11-01 01:52:36;2020-04-20 22:27:06;SO15993;40-2409-67736;86668;3;5973,44;469,31;899,47;11565,73;Comment 3637
63041;2022-01-11 18:06:10;2021-05-10 15:15:05;2020-07-08 20:36:24;SO32901;49-7039-68376;37265;44;3327,75;36,42;420,29;9167,81;Comment 3638
91482;2021-09-30 02:02:12;2021-08-10 17:56:10;2023-03-26 10:23:50;SO88226;40-2409-67736;82742;18;6076,09;335,16;990,22;10091,86;Comment 3639
55462;2023-06-04 07:08:23;2023-02-01 04:07:09;2021-11-03 19:28:26;SO30929;48-2823-67639;33849;40;6353,25;468,73;902,49;19741,43;Comment 3640
21263;2021-06-03 15:07:59;2020-01-06 00:43:45;2023-01-15 11:09:08;SO11016;73-8844-80299;80397;46;1886,29;143,68;81,36;12827,61;Comment 3641
39283;2021-12-26 07:10:28;2023-11-06 22:35:48;2021-09-07 11:28:46;SO43115;40-5683-25279;66865;48;9778,55;341,65;488,62;11645,66;Comment 3642
92518;2023-02-05 22:03:47;2022-09-13 19:11:45;2023-07-04 19:10:37;SO45193;51-7541-34141;38231;17;8072,83;165,8;574,51;10062,87;Comment 3643
88016;2021-04-06 04:09:18;2020-02-12 08:35:50;2020-02-25 18:42:06;SO86095;23-8779-93758;77634;7;3422,03;260,96;516,97;5282,18;Comment 3644
47120;2020-09-10 03:13:55;2023-01-05 23:44:20;2023-08-01 07:16:08;SO55339;49-7039-68376;97980;3;9773,68;457,51;461,87;2841,96;Comment 3645
13143;2021-08-06 22:35:03;2023-11-13 05:35:52;2022-01-29 10:21:19;SO70554;75-3751-62094;73299;17;9881,8;350,25;572,38;11299,26;Comment 3646
99109;2021-09-15 13:58:11;2022-06-19 01:53:30;2023-10-03 11:35:53;SO76585;28-4123-84663;81364;12;2999,1;138,14;799,28;15816,69;Comment 3647
73759;2020-06-14 17:35:30;2021-05-05 11:05:53;2023-08-27 05:57:21;SO83519;97-9859-86247;62226;10;9842,83;136,1;415,4;2462,39;Comment 3648
71403;2021-05-02 07:23:53;2021-07-09 04:32:27;2022-11-19 16:03:45;SO66999;35-6579-94037;90518;17;1696,61;258,43;631,6;2826,61;Comment 3649
22867;2021-06-09 07:22:12;2022-02-13 04:52:34;2023-07-16 00:16:12;SO47761;81-3143-56523;35048;26;8604,54;283,69;419,93;8571,97;Comment 3650
31806;2020-03-30 11:29:55;2020-05-09 02:25:38;2023-02-18 18:35:02;SO21457;63-4608-21366;96998;29;941,68;145,71;878,04;13102,19;Comment 3651
43684;2022-05-12 00:41:28;2020-03-11 20:35:06;2021-12-22 12:49:20;SO72844;60-7449-26711;28812;8;676,98;281,97;63,48;8557,68;Comment 3652
27798;2021-10-08 16:28:44;2021-04-05 16:39:32;2022-05-21 08:05:18;SO52040;74-2176-61667;57775;18;2363,11;409,34;945,13;3133,96;Comment 3653
85026;2020-11-25 00:27:20;2023-05-07 06:31:12;2023-05-26 07:49:38;SO64076;78-5267-32468;19870;38;9688;196,56;399,54;17132,43;Comment 3654
18263;2022-11-13 02:43:01;2020-11-02 09:44:14;2022-07-22 20:38:24;SO14466;49-7039-68376;69023;10;4638,84;80,65;791,36;19629,66;Comment 3655
54950;2023-11-02 06:40:07;2023-03-12 16:59:57;2021-03-16 20:44:40;SO22776;69-8859-80035;98097;43;4304,91;271,96;72,89;7150,15;Comment 3656
41645;2022-09-10 18:46:46;2023-01-08 11:46:04;2021-11-27 05:36:24;SO67171;53-9319-74957;17040;40;8874,36;239,55;924,23;15332,01;Comment 3657
41657;2022-10-16 08:26:23;2021-01-06 17:40:18;2021-10-20 19:30:09;SO24967;49-7039-68376;67810;11;5383,16;107,55;805,95;15197,43;Comment 3658
38762;2023-08-08 07:42:39;2020-03-28 14:36:06;2022-10-06 21:56:10;SO61124;40-2409-67736;59419;48;8480,76;152,05;39,52;8727,64;Comment 3659
33652;2022-02-04 08:16:48;2021-04-28 17:38:03;2022-02-19 21:18:07;SO67023;50-5389-75591;37521;4;4131,58;439,72;231,35;1055,08;Comment 3660
84384;2022-10-09 15:14:31;2023-09-26 16:34:18;2020-07-17 16:36:41;SO63657;66-4277-92738;71565;39;7568,83;15,5;200,51;3380,75;Comment 3661
80217;2022-11-30 19:54:33;2023-09-17 00:58:25;2022-01-03 06:30:44;SO81390;86-5535-57031;99127;12;4104,7;431,73;884,16;18544,12;Comment 3662
66866;2023-08-14 07:16:28;2023-10-19 11:30:22;2020-08-20 22:02:44;SO89918;61-5244-70735;90237;8;8194,66;426,75;299,44;563,65;Comment 3663
56224;2021-12-24 09:52:16;2022-07-24 12:52:22;2021-05-21 15:10:13;SO33659;74-3185-84739;85209;33;4382,78;435,17;245,18;11123,52;Comment 3664
88605;2023-07-29 11:52:38;2023-12-21 15:05:16;2020-08-24 19:01:24;SO79993;69-1886-36823;53418;11;3243,11;23,63;657,54;19957,75;Comment 3665
46162;2020-09-25 03:40:12;2023-08-19 16:20:01;2022-04-20 03:52:50;SO83508;60-7449-26711;91462;45;4211,55;66,95;556,48;11251,89;Comment 3666
72516;2023-12-08 03:09:40;2020-11-04 16:51:50;2020-08-19 14:31:15;SO12794;74-3185-84739;83603;12;9356,16;43,59;641,65;126,62;Comment 3667
81442;2023-07-19 20:42:19;2022-09-29 15:59:01;2023-08-18 17:44:49;SO78961;74-3185-84739;76558;48;3130,7;486,56;401,94;18517,32;Comment 3668
18445;2020-05-09 05:05:23;2020-04-08 14:05:11;2020-11-14 23:25:02;SO79228;98-8354-24626;66828;12;3038,86;134,86;436,84;8974,01;Comment 3669
84370;2021-10-04 03:37:42;2022-04-27 00:14:45;2023-02-27 08:35:37;SO93570;53-9319-74957;12777;27;5858,42;88,74;206,58;5246,52;Comment 3670
61309;2022-03-06 05:22:51;2020-06-13 11:03:44;2023-03-06 10:31:19;SO93800;51-7602-22642;19268;5;4039,06;424,63;727,65;5629,12;Comment 3671
95288;2021-01-20 13:04:20;2021-04-25 21:36:48;2022-05-26 02:42:04;SO18932;69-8859-80035;54470;13;4557,88;295,72;232,75;3539,9;Comment 3672
91705;2022-11-04 06:25:41;2022-07-18 13:02:03;2023-03-30 11:15:47;SO10881;97-9859-86247;88188;42;3100,42;133,84;52,86;2050,83;Comment 3673
93104;2020-10-30 11:15:02;2021-12-25 06:39:46;2023-11-10 13:53:52;SO54236;60-7449-26711;56092;40;8606,74;98,27;667,38;14086,16;Comment 3674
80714;2021-06-04 09:54:41;2023-06-09 01:17:38;2023-08-12 20:37:56;SO43908;97-9859-86247;31672;18;4049,92;141,16;319,76;14990,32;Comment 3675
16101;2023-10-13 02:42:56;2023-05-04 12:19:46;2020-01-11 17:30:33;SO46835;74-3185-84739;82978;7;6055,67;340,55;819,96;11154,95;Comment 3676
48823;2022-12-01 15:53:44;2022-12-22 17:24:52;2023-07-21 23:59:07;SO80425;81-3143-56523;62501;4;1156,45;255,08;738,81;2368,3;Comment 3677
96701;2021-08-16 20:27:49;2022-12-13 07:33:57;2021-01-06 04:50:36;SO50384;98-8354-24626;62885;20;2478,45;307,45;829,69;6685,39;Comment 3678
17074;2020-05-29 02:55:10;2022-08-27 14:48:09;2021-04-14 06:48:18;SO69713;85-4116-52037;48919;28;3572,41;200,88;272,12;14528,9;Comment 3679
83739;2021-01-02 14:29:56;2023-09-26 21:45:02;2023-07-25 04:10:50;SO99005;84-7460-34357;50329;44;9395,27;427,7;224,45;9772,5;Comment 3680
60681;2022-08-20 11:05:40;2021-11-22 23:25:20;2022-04-19 08:48:52;SO92459;24-7081-87522;72717;6;815,2;20,36;782,3;11775,13;Comment 3681
57273;2021-08-08 08:11:37;2022-03-21 20:38:45;2020-10-09 18:06:59;SO44099;74-3185-84739;22831;29;4170,5;333,24;134,25;4114,84;Comment 3682
26561;2021-06-09 20:28:17;2023-05-15 15:10:43;2021-12-29 11:59:59;SO42708;23-8779-93758;49028;6;8889,25;316,53;550,53;4687,5;Comment 3683
33146;2023-12-16 11:36:36;2022-05-03 16:30:08;2023-08-15 22:48:59;SO55272;98-8354-24626;16130;50;5732,67;116,8;869,07;15428,53;Comment 3684
13925;2020-10-10 12:35:51;2021-02-02 13:25:07;2022-02-19 00:39:39;SO10097;73-8844-80299;84721;13;9212,31;35,7;63,18;13760,1;Comment 3685
85013;2021-03-20 18:12:11;2023-12-07 10:19:37;2022-11-07 05:24:25;SO95445;16-3417-49054;30363;25;3349;58;487,07;17750,89;Comment 3686
56015;2020-06-24 09:32:38;2021-02-28 16:52:37;2020-12-12 16:53:02;SO12009;29-3530-22517;48897;34;6795,21;238,16;84,43;7138,23;Comment 3687
19018;2023-01-13 18:29:10;2022-12-19 19:12:09;2021-02-23 13:36:01;SO85680;44-6968-96958;37593;17;858,5;14,58;412,13;18158,25;Comment 3688
84379;2021-03-27 06:12:13;2020-03-10 17:20:19;2022-08-07 21:18:56;SO21532;78-5514-83427;67795;32;9943,11;352,89;401,17;6911,4;Comment 3689
27272;2022-10-06 01:31:47;2022-01-03 01:22:06;2020-08-04 11:48:50;SO65861;53-9319-74957;14624;25;7018,3;159,91;764,71;17609,09;Comment 3690
49207;2022-01-18 10:26:17;2021-12-26 15:49:52;2022-06-06 12:04:26;SO52104;44-6968-96958;51904;9;8112,67;448,64;384,76;18116,49;Comment 3691
42174;2020-12-06 17:36:23;2020-06-22 10:02:43;2023-10-18 23:51:34;SO59217;23-8510-71623;46401;8;6357,14;328,34;615,43;5598,45;Comment 3692
19023;2020-06-01 00:47:00;2020-02-21 21:43:46;2021-04-13 02:50:53;SO58703;23-8510-71623;23096;5;9584,29;168,84;798,39;14458,71;Comment 3693
33280;2022-11-25 19:43:39;2020-12-06 01:52:56;2020-03-30 17:22:44;SO76979;81-3143-56523;76758;14;490,86;269,55;983,27;3614,22;Comment 3694
23717;2020-12-15 18:42:13;2023-10-23 16:23:23;2021-03-31 17:51:57;SO80035;66-4277-92738;76829;48;9516,6;272,13;974,86;16968,75;Comment 3695
70635;2023-11-19 22:10:41;2022-03-01 18:16:22;2022-07-11 14:27:53;SO61100;33-1973-80101;86010;25;8334,46;373,25;974,81;13534,99;Comment 3696
13831;2021-11-21 11:09:02;2020-09-29 09:28:41;2020-10-08 03:14:33;SO40440;84-7460-34357;18435;19;3112,37;117,46;841,61;10122,04;Comment 3697
20379;2023-06-26 10:54:32;2020-08-20 02:08:52;2021-12-26 19:10:26;SO28455;74-3185-84739;79066;5;554;152,48;462,62;173;Comment 3698
98182;2022-06-30 02:46:44;2021-04-25 09:16:42;2022-04-13 00:41:52;SO51655;69-1886-36823;20911;17;8579,42;111,93;277,86;6013,07;Comment 3699
14801;2020-08-18 01:05:38;2022-10-04 23:44:28;2023-03-11 04:54:20;SO51894;35-6579-94037;43101;12;1632,99;105,83;221,31;7983,24;Comment 3700
87096;2021-01-12 01:20:07;2021-05-12 00:07:11;2020-07-22 16:17:05;SO40247;66-2881-24904;80571;20;4690,51;307,81;798,62;7341,24;Comment 3701
45428;2020-09-02 01:10:19;2022-12-20 03:33:25;2022-06-26 04:14:54;SO24358;22-4444-25264;11164;18;2367,73;329,18;77,45;9002,55;Comment 3702
38286;2023-05-06 12:42:55;2023-09-11 16:09:31;2022-05-27 19:06:11;SO76100;66-2881-24904;94413;3;5748,01;243,85;158,72;18600,57;Comment 3703
89546;2023-03-30 00:04:49;2023-04-23 15:25:58;2021-08-23 18:07:58;SO76094;75-7092-97988;36421;38;3857,04;490,64;165,67;348,6;Comment 3704
43380;2022-08-13 02:53:39;2023-12-20 10:02:46;2022-02-28 17:48:53;SO14914;86-5535-57031;27359;41;399,07;308,79;302,12;8673,47;Comment 3705
67959;2021-12-05 21:08:59;2020-11-27 22:03:45;2020-08-25 13:45:38;SO85515;74-2176-61667;27955;21;5457,73;135,44;26,48;17599,36;Comment 3706
65478;2021-02-08 22:41:52;2020-10-16 05:07:39;2021-05-16 10:16:01;SO44620;48-2823-67639;64727;1;8871,37;329,54;509,32;15466,89;Comment 3707
80807;2023-03-01 01:12:33;2021-09-20 13:44:41;2023-08-24 15:19:26;SO70263;44-6968-96958;66761;21;6552,97;161,53;485,29;5227,71;Comment 3708
71257;2023-12-22 09:33:22;2023-09-16 23:05:57;2020-03-17 03:19:29;SO66547;74-3185-84739;29015;3;4273,82;479,64;549,55;11286;Comment 3709
53327;2021-04-30 13:26:08;2023-10-22 11:42:21;2020-09-03 15:04:38;SO80714;63-4608-21366;38832;23;9934,38;282,98;515,01;7308,93;Comment 3710
53046;2021-07-01 06:06:00;2020-11-02 00:13:05;2021-07-23 23:28:46;SO10586;76-6173-91169;67994;13;2586,38;273,77;673,11;16720,58;Comment 3711
70006;2021-01-11 09:06:48;2023-04-28 18:02:24;2021-07-02 13:15:25;SO22619;75-3751-62094;40422;36;7345,91;310,75;146,06;15351,61;Comment 3712
60482;2023-11-28 05:17:14;2021-06-18 09:06:46;2020-04-27 11:33:07;SO38463;74-3185-84739;60504;27;2455,22;54,1;753,43;17244,54;Comment 3713
98758;2022-03-21 01:32:33;2021-07-31 08:07:13;2022-12-28 08:30:36;SO56079;92-2389-56247;53133;36;6374,83;432;759,47;1765,97;Comment 3714
57527;2021-08-12 16:23:04;2022-12-27 19:37:24;2023-11-29 15:23:16;SO14323;24-7081-87522;24219;48;356,26;222,33;416,6;5567,53;Comment 3715
72885;2020-12-05 20:13:56;2023-07-26 05:26:41;2021-10-29 06:43:01;SO95827;23-8510-71623;58920;2;6778,96;489,87;457,81;7850,34;Comment 3716
15999;2022-12-01 16:42:57;2020-10-30 02:21:36;2021-08-13 03:44:22;SO83790;75-3751-62094;73581;4;3916,63;483,12;322;150,15;Comment 3717
36580;2022-05-13 06:29:28;2020-08-01 11:21:30;2021-12-10 03:41:04;SO62352;96-7105-64379;36617;47;2245,87;45,91;640,6;17262,87;Comment 3718
43539;2023-01-28 23:48:15;2022-12-29 09:09:23;2021-07-03 12:45:50;SO80825;51-7541-34141;90289;13;1177,54;182,48;363,31;8122,78;Comment 3719
20917;2023-04-06 20:34:35;2020-07-01 18:58:10;2023-02-24 10:08:14;SO76680;81-3143-56523;52843;44;1827,75;176,07;929,12;2955,05;Comment 3720
44827;2020-07-23 21:42:23;2022-05-25 19:33:33;2020-06-30 03:54:09;SO14545;72-3440-90827;99123;35;2045,6;300,53;91,04;4040,24;Comment 3721
48682;2020-10-04 09:30:54;2021-05-09 12:04:54;2022-06-26 22:04:25;SO48210;69-1886-36823;28968;32;1113,44;449,54;639,44;19591,46;Comment 3722
38281;2021-04-24 05:24:14;2021-05-27 09:42:21;2022-10-08 09:37:07;SO99187;71-9532-69420;72190;12;2352,4;337,17;484,44;11729,57;Comment 3723
30624;2020-07-22 22:26:58;2022-04-24 01:26:06;2022-01-30 03:13:50;SO18636;29-3530-22517;41610;32;7298,26;434,78;11,6;16224,36;Comment 3724
50596;2023-11-12 08:26:09;2022-11-10 07:12:18;2021-04-17 19:50:36;SO86081;61-5244-70735;51683;9;1280,48;482,7;281,67;19314,37;Comment 3725
92888;2021-05-25 15:21:37;2020-08-25 15:23:47;2023-04-04 01:03:12;SO34021;53-9319-74957;85267;41;6520,8;329,86;350,92;5050,01;Comment 3726
84248;2022-09-13 21:36:50;2020-10-27 07:55:46;2022-06-09 21:12:18;SO97194;30-1489-79011;47715;29;2755,84;207,87;372,9;406,87;Comment 3727
40808;2020-12-09 10:21:06;2023-02-16 17:19:55;2021-11-13 01:53:55;SO56584;74-3185-84739;37265;20;6017,3;191,93;963,07;5813,58;Comment 3728
41485;2020-05-02 00:03:41;2022-08-05 09:51:48;2023-11-19 01:15:32;SO43299;97-9859-86247;94791;15;9217,2;321,31;790,2;2216,21;Comment 3729
26967;2020-10-18 23:46:40;2022-07-18 12:20:07;2020-05-19 19:57:42;SO99074;69-1886-36823;55636;40;8583,23;212,13;490,22;8811,29;Comment 3730
56514;2021-05-01 01:02:16;2020-12-27 20:44:01;2020-10-03 21:58:23;SO92842;66-2881-24904;86258;7;7509,67;75,67;434,71;13324,88;Comment 3731
83827;2022-07-27 02:00:37;2020-03-11 10:02:40;2021-08-10 17:31:52;SO57695;40-5683-25279;96321;42;2381,16;463,66;553,73;7091,26;Comment 3732
21303;2021-05-27 02:54:18;2020-11-14 07:38:24;2020-01-01 06:43:27;SO40505;61-5244-70735;18274;21;2244,91;443,6;832,64;11656,91;Comment 3733
70497;2021-03-08 11:09:41;2020-08-07 21:47:55;2020-02-20 17:25:16;SO48007;50-5389-75591;52570;15;8605,43;431,34;536,54;7480,62;Comment 3734
23655;2020-02-19 05:06:51;2022-04-26 11:10:44;2021-11-26 10:18:27;SO77508;40-2409-67736;43039;11;9384,18;165,98;301,12;4433,41;Comment 3735
31340;2023-04-01 12:03:23;2022-01-13 20:30:54;2020-12-31 18:37:13;SO95579;76-6173-91169;47228;44;8359,21;455,72;350,34;14153;Comment 3736
50466;2023-08-21 17:15:53;2021-02-16 12:23:19;2023-04-14 12:20:27;SO11443;61-5244-70735;55305;16;7540,45;271,22;383,58;1149,64;Comment 3737
11197;2020-05-09 13:39:01;2022-12-15 21:42:53;2023-07-26 02:59:28;SO60079;24-7081-87522;56408;37;3842,21;386,03;754,25;19667,45;Comment 3738
61257;2022-06-04 04:15:05;2020-05-08 05:52:26;2022-01-18 16:19:56;SO18156;81-3143-56523;65332;42;3068,24;432,59;261,62;1572,2;Comment 3739
10785;2020-10-09 23:48:08;2020-05-10 09:07:28;2020-07-16 11:10:41;SO85675;86-5535-57031;97334;1;2130,57;90,61;326,06;19685,99;Comment 3740
53054;2021-02-19 03:14:52;2022-01-19 00:25:15;2022-08-17 18:35:13;SO19573;22-4444-25264;12637;48;9774,58;45,73;602,49;3033,26;Comment 3741
99506;2022-06-20 00:59:36;2021-01-07 03:32:46;2021-01-01 08:34:55;SO42763;69-8859-80035;23609;36;1908,15;332,89;142,48;1613,96;Comment 3742
13417;2023-02-15 11:57:36;2022-06-14 18:56:16;2023-05-31 14:14:56;SO22211;69-8859-80035;59536;45;2352,05;347,69;256,48;13737,83;Comment 3743
60008;2023-02-14 12:40:12;2022-12-19 08:25:34;2022-09-22 06:19:23;SO21205;23-8779-93758;28779;44;2924,57;421,94;518,01;9029,8;Comment 3744
88596;2021-04-28 03:43:05;2020-07-13 03:17:10;2023-05-15 03:48:07;SO51739;84-8862-18518;86398;6;915,7;250,23;608,86;9445,83;Comment 3745
83156;2021-02-22 20:55:45;2021-03-16 04:38:54;2022-10-05 00:16:14;SO19105;51-7541-34141;57828;7;2489,55;279,29;650,33;18848,69;Comment 3746
19141;2022-10-28 15:22:09;2021-09-28 00:49:42;2023-06-07 01:22:39;SO23816;72-3440-90827;69170;28;1370,07;448,53;326,09;12284,14;Comment 3747
77597;2020-09-27 15:44:13;2022-02-04 00:43:34;2022-02-07 19:18:10;SO50723;24-7081-87522;47280;31;2497,64;260,37;355;6891,01;Comment 3748
73826;2021-12-19 03:22:14;2020-07-20 07:12:35;2022-07-18 22:00:26;SO40368;17-6178-77430;76893;15;8207,6;415,39;261,38;17522,89;Comment 3749
58975;2020-03-09 12:12:08;2021-07-04 04:35:30;2023-10-02 02:24:01;SO67049;48-2823-67639;86711;10;8798,45;170,36;102,9;18222,79;Comment 3750
65239;2022-03-31 23:13:46;2023-04-25 11:45:38;2021-08-28 19:47:08;SO31892;53-9319-74957;42891;4;4390,65;411,46;736,57;16709,41;Comment 3751
67483;2022-12-23 07:28:20;2020-07-27 07:28:14;2020-12-12 20:45:33;SO36363;86-5535-57031;90074;37;3415,05;344,34;944,98;16059,18;Comment 3752
50201;2022-04-11 05:30:08;2021-04-26 10:53:38;2023-10-16 05:40:28;SO77857;50-5389-75591;16461;24;3363,65;433,75;502,36;9918,45;Comment 3753
65614;2021-05-04 09:35:44;2021-05-15 03:09:17;2020-07-05 18:33:06;SO87937;72-3440-90827;41505;26;1793,28;64,15;773,32;15090,15;Comment 3754
22591;2020-06-23 23:56:03;2020-06-20 14:16:16;2021-11-15 09:45:54;SO95481;81-3143-56523;62864;16;3960,38;294,12;747,04;5549,54;Comment 3755
53456;2020-05-29 14:59:29;2021-01-11 17:33:11;2022-09-16 04:45:45;SO72068;40-5683-25279;91451;48;1055,4;466,13;816,1;5742,96;Comment 3756
23180;2022-07-07 04:42:58;2020-10-06 20:14:13;2021-07-22 23:41:22;SO85051;63-4608-21366;83498;45;6509,45;433,09;756,3;8499,77;Comment 3757
46621;2021-07-20 14:49:28;2021-08-28 16:41:32;2023-06-24 07:44:58;SO92760;28-4123-84663;80144;33;2651,31;234,86;908,9;7754,9;Comment 3758
79535;2020-06-10 07:33:46;2022-09-08 23:03:29;2022-06-28 15:37:29;SO67205;75-3751-62094;59972;45;3360,09;203,94;459,22;3881,83;Comment 3759
37781;2022-02-22 17:39:04;2021-03-18 16:07:48;2023-08-11 20:01:03;SO85242;35-6579-94037;91245;6;9190,07;70,77;112,59;18348,49;Comment 3760
64630;2022-07-04 00:00:24;2023-09-18 23:08:32;2022-02-20 07:56:56;SO50174;23-8779-93758;92337;23;3384,86;67,79;454,99;2073,85;Comment 3761
73259;2023-06-16 02:26:16;2020-02-19 22:31:09;2020-07-08 23:31:15;SO54927;74-3185-84739;88963;46;5444,53;229,43;857,32;4425,64;Comment 3762
90320;2022-10-27 00:22:45;2022-08-25 20:20:10;2020-06-07 06:10:08;SO48330;33-1973-80101;87952;12;938,74;447,41;663,13;5392,9;Comment 3763
71595;2023-07-12 13:44:01;2020-09-20 07:53:33;2023-11-20 01:29:04;SO95471;76-6173-91169;70873;19;3293,67;412,22;393,64;19607,2;Comment 3764
13231;2023-08-20 07:29:56;2021-03-01 15:54:09;2021-02-09 09:34:03;SO14923;72-3440-90827;37468;11;5970,39;67,62;351,32;14845,05;Comment 3765
28887;2020-05-23 21:57:01;2023-01-16 07:22:42;2020-12-17 14:24:09;SO28836;60-7449-26711;71782;35;7004,09;91,16;458,89;16772,98;Comment 3766
21923;2020-06-15 02:46:37;2022-10-10 06:56:14;2020-06-20 14:41:50;SO92861;44-6968-96958;23631;33;9657,47;425,3;987,67;3711,96;Comment 3767
46979;2023-12-13 06:51:53;2023-10-18 20:41:17;2020-10-11 15:50:18;SO74680;51-7602-22642;58216;46;6688,94;380;469,98;2744,2;Comment 3768
90671;2023-05-09 00:38:28;2021-12-11 07:52:10;2021-07-14 06:55:03;SO81577;51-7602-22642;34280;44;8130,48;244,56;407,91;13818,04;Comment 3769
35099;2023-02-04 12:36:48;2022-05-05 00:25:54;2023-08-12 09:24:39;SO66847;84-8862-18518;97758;41;5909,89;389,55;238,51;7149,32;Comment 3770
42999;2023-04-04 08:29:02;2020-10-31 07:42:37;2022-04-18 11:32:59;SO83745;85-4116-52037;49155;26;3369,63;166,65;152,27;3128,33;Comment 3771
62889;2022-11-21 03:52:30;2020-02-16 20:15:54;2020-11-30 10:45:32;SO39431;51-7602-22642;60085;3;6309,88;372,32;77,78;8599,63;Comment 3772
46306;2022-12-16 16:50:10;2020-05-12 18:46:52;2021-07-29 13:35:50;SO64819;44-6968-96958;45170;10;6446,22;346,19;880,04;12910,11;Comment 3773
44890;2023-10-31 23:08:42;2020-10-23 05:00:58;2021-12-15 07:17:01;SO63779;24-7081-87522;91214;1;5585,64;335,29;519,05;7702,52;Comment 3774
18441;2022-08-18 16:08:29;2022-06-28 12:38:48;2022-05-26 22:41:53;SO80158;66-4277-92738;68638;8;5114,84;22,35;313,22;8318,17;Comment 3775
55473;2023-01-13 20:53:34;2021-10-10 16:16:14;2021-01-02 20:54:00;SO76842;97-9859-86247;45777;25;613,26;383,58;634,75;5016,76;Comment 3776
48231;2021-03-20 07:30:05;2020-05-20 16:33:26;2022-03-02 09:31:35;SO62783;74-3185-84739;76308;44;5140,26;133,39;84,61;6989,93;Comment 3777
81352;2022-12-10 12:20:58;2020-11-05 11:48:05;2022-09-30 09:50:37;SO71852;71-9532-69420;67645;30;343,88;72,73;475,48;1571,03;Comment 3778
94134;2023-10-24 12:29:51;2020-10-19 21:31:27;2022-11-16 02:16:10;SO68811;75-3751-62094;38525;27;8752,95;250,41;292,99;11665,91;Comment 3779
94289;2022-10-03 19:50:50;2021-01-01 00:13:43;2021-03-28 04:53:18;SO29898;60-7449-26711;29949;37;7401,21;315,67;325,22;1565,89;Comment 3780
67298;2020-08-22 21:10:25;2020-11-03 17:51:47;2021-06-19 07:05:28;SO17211;69-8859-80035;53949;35;9971,82;434,27;459,24;8735,73;Comment 3781
44246;2020-10-12 07:56:06;2020-09-03 12:38:46;2022-11-06 07:23:23;SO13804;33-1973-80101;42520;50;9534,39;199,22;376,88;2307,58;Comment 3782
20483;2021-06-16 14:33:56;2021-11-27 22:50:08;2020-07-27 16:26:56;SO63540;53-9319-74957;19247;10;9691,24;88,34;544,36;14296,75;Comment 3783
63850;2021-06-14 17:49:25;2023-07-17 18:20:38;2021-09-30 00:51:44;SO50969;40-2409-67736;84442;30;7725,53;82,11;770,94;14131,44;Comment 3784
82245;2020-09-23 05:27:50;2020-03-23 02:15:21;2023-07-25 15:00:42;SO35946;69-8859-80035;98697;37;1175,15;478,13;157,19;1292,14;Comment 3785
29061;2023-12-04 23:10:26;2023-07-10 23:07:30;2022-10-09 00:26:40;SO45680;71-9532-69420;98780;33;6752,26;119,04;265,71;2516,27;Comment 3786
87821;2021-02-08 04:52:01;2020-07-19 06:24:24;2022-06-14 16:01:23;SO71873;51-7602-22642;54650;43;9425,02;273,72;330,11;12059,98;Comment 3787
18120;2020-06-14 07:31:12;2020-09-24 10:26:27;2020-10-30 23:35:16;SO72120;74-2176-61667;25523;35;706,72;72,73;877,3;12641,27;Comment 3788
25711;2023-02-24 05:18:50;2022-11-01 19:58:51;2023-04-12 10:35:51;SO60271;78-5514-83427;65435;50;3560,57;296,92;75,14;12118,62;Comment 3789
20966;2021-12-07 20:00:17;2021-11-11 18:49:53;2020-11-04 13:12:31;SO42361;24-7081-87522;97738;15;3030,59;398,71;793,02;4702,04;Comment 3790
98853;2023-12-09 21:16:15;2021-12-05 18:02:37;2021-03-15 20:59:27;SO57876;75-7092-97988;77454;43;4963,79;323,37;593,76;11321,6;Comment 3791
89574;2021-04-17 22:54:37;2021-06-19 23:58:20;2021-04-15 00:09:00;SO50651;75-3751-62094;67332;33;5532,23;441,52;877,26;3034,03;Comment 3792
99129;2020-02-18 18:56:48;2023-07-03 00:31:53;2020-04-01 04:08:40;SO52665;71-9532-69420;75637;40;1813,64;81,9;890,73;18526,22;Comment 3793
89529;2021-05-07 01:54:30;2020-04-03 06:22:31;2021-11-03 19:29:51;SO87341;42-3255-58813;18307;20;8629,71;82,55;709,47;14285,5;Comment 3794
15400;2023-08-27 04:57:54;2023-09-11 12:13:15;2022-11-02 17:43:42;SO68654;66-2881-24904;37942;24;9829,45;69,53;764,08;7965,68;Comment 3795
13528;2022-07-08 15:47:33;2022-05-21 08:52:26;2020-04-17 22:18:36;SO32684;28-4123-84663;81692;30;9758,45;156,37;766,04;8998,55;Comment 3796
11659;2022-12-16 12:46:37;2023-03-11 20:27:12;2021-03-30 07:15:05;SO75558;83-7954-63932;82474;27;3901,24;224,97;247,24;3785,04;Comment 3797
70757;2020-03-05 03:54:13;2020-09-21 05:45:23;2022-05-09 19:45:16;SO59200;73-8844-80299;12591;16;7955,85;391,22;468,5;9408,88;Comment 3798
33854;2021-03-20 01:42:19;2022-06-24 08:54:51;2021-05-14 14:47:58;SO64517;61-5244-70735;17885;19;2362,21;422,59;127,45;16011,04;Comment 3799
75018;2023-12-09 14:07:52;2021-11-16 02:21:42;2023-01-29 13:02:54;SO57247;96-7105-64379;81580;27;4992,32;126,09;231,54;6228,11;Comment 3800
43270;2022-08-09 23:31:31;2020-05-14 20:21:14;2022-05-22 19:18:56;SO54820;66-4277-92738;80314;30;355,98;33,94;875,68;9398,57;Comment 3801
18493;2022-12-24 04:05:29;2022-07-06 12:56:19;2023-07-18 05:25:00;SO97464;74-3185-84739;37698;44;4361,06;292,49;550,48;15093,93;Comment 3802
65949;2021-11-10 15:53:49;2021-10-04 16:43:20;2021-04-30 08:24:55;SO69819;69-1886-36823;49835;9;7691,6;136,74;254,38;7664,62;Comment 3803
20368;2022-04-29 11:29:48;2021-11-18 02:04:03;2022-06-03 04:43:04;SO36664;86-5535-57031;99389;31;3514,65;411,09;321,94;5394,25;Comment 3804
11775;2021-04-24 10:10:46;2020-08-25 10:02:12;2021-09-08 07:52:10;SO79938;92-2389-56247;53746;12;987,96;25,85;738,29;3785,7;Comment 3805
79105;2021-11-28 19:58:44;2023-02-14 10:34:04;2023-09-12 06:47:04;SO44304;69-1886-36823;53955;5;8274,74;376,02;371,29;5489,19;Comment 3806
40932;2020-11-17 04:43:49;2020-11-10 01:58:29;2020-10-09 09:33:24;SO87312;30-1489-79011;35248;33;9441,12;33,4;848,76;14728,94;Comment 3807
33782;2021-02-11 05:06:07;2023-11-15 22:05:21;2022-10-05 21:08:04;SO77461;97-9859-86247;32920;23;9715,24;494,74;64,99;8841,06;Comment 3808
49215;2023-06-28 15:45:11;2023-03-10 20:25:10;2021-02-07 19:15:47;SO88979;78-5514-83427;90129;14;4113,03;400,13;709,8;7315,8;Comment 3809
79384;2023-07-30 05:39:49;2021-08-08 13:03:24;2022-11-30 09:35:22;SO94169;30-1489-79011;19494;47;2578,13;474,65;685,22;11370,39;Comment 3810
46437;2022-01-17 15:30:25;2021-10-21 20:45:31;2020-10-19 16:50:38;SO65844;51-7541-34141;93740;8;1715,65;419,06;586,01;5463,22;Comment 3811
92297;2021-08-07 16:39:53;2020-06-08 07:45:47;2022-08-25 23:42:58;SO60259;28-6393-31125;46839;23;5645,61;244,78;710,43;10177,93;Comment 3812
53703;2023-12-17 15:18:10;2020-12-29 07:52:11;2022-07-13 13:02:59;SO37521;81-3143-56523;10362;20;4956,23;491,41;651,94;5531,47;Comment 3813
58317;2023-09-11 04:54:09;2023-01-20 09:26:09;2021-06-16 05:37:04;SO19560;96-7105-64379;68882;3;8591,95;163,44;453,21;9404,4;Comment 3814
33005;2023-04-25 17:01:20;2020-08-25 21:44:11;2021-02-28 21:01:58;SO79167;40-5683-25279;48687;15;1276,61;252,66;375,46;3720,48;Comment 3815
13775;2021-01-10 01:10:32;2022-04-06 06:31:06;2020-04-28 04:54:29;SO13081;72-3440-90827;57382;20;1567,48;466,2;868,91;4820,16;Comment 3816
59371;2022-10-17 14:56:16;2022-10-10 20:27:45;2020-12-22 18:49:16;SO36177;98-8354-24626;24829;30;1559,43;148,5;726,21;9247,73;Comment 3817
96218;2022-11-06 05:07:36;2021-08-06 02:47:25;2021-02-22 11:36:20;SO18269;40-5683-25279;64262;46;1061,88;16,84;810,26;3659,77;Comment 3818
66917;2021-01-23 21:03:22;2022-06-27 09:36:10;2021-04-24 04:29:09;SO98127;28-4123-84663;35031;21;3617,97;141,66;821,12;3395,5;Comment 3819
88414;2020-08-30 13:42:48;2022-03-15 19:18:41;2023-05-08 14:08:09;SO79753;23-8779-93758;32098;20;3287,91;16,6;535,95;14267,67;Comment 3820
41943;2022-01-19 09:44:29;2022-04-17 08:09:12;2022-11-24 14:56:03;SO53684;48-2823-67639;99391;2;2265,58;490,67;629,38;2901,62;Comment 3821
80827;2022-11-26 20:55:12;2021-05-01 20:21:43;2023-01-11 21:08:20;SO81610;53-9319-74957;56404;26;5327,98;491,2;364,66;1777,57;Comment 3822
34406;2023-10-31 22:36:30;2021-05-25 03:49:20;2021-07-21 20:40:16;SO16322;66-2881-24904;10416;41;6721,92;453,45;613,08;7042,66;Comment 3823
55022;2022-09-16 02:31:48;2021-12-12 11:31:46;2020-10-18 05:53:20;SO75177;16-3417-49054;56702;22;6364,49;232,49;820,9;153,12;Comment 3824
16969;2022-10-16 16:17:49;2022-08-16 02:43:20;2023-09-26 15:23:07;SO50476;33-1973-80101;55690;45;7665,21;395,57;725,25;10139,03;Comment 3825
46655;2022-10-24 06:25:28;2021-12-07 03:39:39;2021-12-25 23:01:00;SO92946;81-3143-56523;70811;4;5903,3;203,9;878,08;12411,21;Comment 3826
92335;2023-06-03 01:40:44;2020-10-09 07:17:30;2022-11-18 14:20:05;SO73571;40-2409-67736;58728;16;7045,45;456,23;992,48;10833,99;Comment 3827
76459;2021-01-16 06:14:01;2021-02-27 11:24:56;2021-09-08 02:09:08;SO34674;96-7105-64379;44392;20;6531,85;79,43;639,64;15915,97;Comment 3828
16216;2020-07-31 08:14:20;2022-08-29 01:22:01;2022-06-02 01:17:31;SO76811;51-7602-22642;72558;6;1774,11;76,93;502,8;18090,56;Comment 3829
37493;2023-05-20 17:38:29;2021-08-25 18:21:03;2022-03-18 23:15:08;SO74275;81-3143-56523;38292;11;9608,76;370,36;879,36;2025,41;Comment 3830
16990;2020-01-20 22:43:20;2023-05-11 07:04:14;2020-08-24 17:17:10;SO19154;69-8859-80035;20478;22;9982,76;27,82;275,07;9704,78;Comment 3831
81372;2023-12-19 11:03:45;2020-10-01 07:47:31;2020-08-21 04:01:46;SO75986;74-3185-84739;54013;14;8818,28;402,44;203,38;1830,33;Comment 3832
76201;2021-06-20 14:12:24;2020-11-24 18:54:46;2022-12-03 14:15:38;SO81287;23-8779-93758;68873;4;9398,48;249,33;222,79;4331,73;Comment 3833
89413;2020-06-28 23:36:54;2020-10-14 01:57:20;2022-09-17 00:53:53;SO42120;17-6178-77430;24523;48;5618,42;257,58;477,69;5606,63;Comment 3834
49707;2023-03-03 20:34:46;2022-06-21 03:27:03;2021-02-24 12:21:01;SO76906;78-5514-83427;71043;6;564,42;397,95;332,34;18408,7;Comment 3835
46586;2020-02-14 11:35:23;2022-12-25 05:46:41;2021-08-01 09:44:36;SO39146;98-8354-24626;72680;11;3217,74;269,46;807,14;19744,45;Comment 3836
50304;2023-05-22 23:59:37;2023-09-18 07:47:54;2023-12-27 19:53:20;SO55490;97-9859-86247;67455;3;4416,72;255,8;756,59;6494,76;Comment 3837
64384;2021-10-08 20:56:46;2020-01-07 01:25:37;2022-11-12 21:06:36;SO73728;24-7081-87522;10959;37;1234,95;315,64;881,02;16948,38;Comment 3838
13143;2021-09-25 05:38:33;2020-03-09 20:23:37;2022-12-12 14:59:51;SO85870;78-5267-32468;76609;22;7988,63;250,23;46,25;10020,72;Comment 3839
45706;2022-05-20 03:46:56;2021-09-16 17:44:38;2020-02-13 01:04:43;SO62324;78-5514-83427;46242;47;2838,52;365,55;306,8;19265,82;Comment 3840
39064;2020-01-17 16:29:28;2022-06-12 15:53:15;2021-05-05 05:37:11;SO72317;35-6579-94037;37883;19;9406,17;424,75;419,06;12902,1;Comment 3841
91195;2021-02-21 15:31:19;2021-01-07 02:12:30;2020-10-06 13:08:09;SO53894;75-7092-97988;71095;28;4758,25;123,8;463,42;14165,1;Comment 3842
32882;2021-10-17 17:39:45;2022-01-27 17:55:45;2022-11-23 11:49:52;SO33572;97-9859-86247;50811;42;4949,4;138,93;892,19;5099,87;Comment 3843
99182;2023-08-22 12:19:45;2023-11-06 15:32:29;2021-04-13 00:19:33;SO16963;53-9319-74957;17627;20;1220,71;203,59;482,89;14313,56;Comment 3844
82958;2022-11-01 16:15:04;2023-08-06 01:36:40;2022-07-09 08:59:00;SO96822;73-8844-80299;28622;40;8058,16;335,42;798,39;3841,01;Comment 3845
63021;2021-01-24 00:21:24;2023-08-27 20:09:58;2022-07-29 16:42:14;SO47319;16-3417-49054;61317;19;564,48;256,91;927,35;6180,97;Comment 3846
95264;2022-01-18 03:56:50;2023-05-22 18:28:53;2020-08-12 18:09:19;SO89245;29-3530-22517;43320;22;9221,95;223,04;88,34;7989,94;Comment 3847
32832;2021-07-25 15:24:34;2021-08-03 13:47:51;2022-08-29 04:13:31;SO65237;66-2881-24904;35293;50;4546,32;240,91;647,27;3629,59;Comment 3848
16724;2023-05-09 09:47:07;2022-09-26 17:43:06;2023-08-30 07:07:55;SO98838;30-1489-79011;66123;28;3314,02;120,43;985,1;7179,29;Comment 3849
82159;2022-10-11 09:01:14;2021-06-01 06:18:24;2022-08-21 22:37:15;SO81563;92-2389-56247;33652;7;994,73;264,7;828,27;11561,74;Comment 3850
35321;2023-10-26 21:19:45;2021-10-03 11:29:19;2023-11-12 20:01:55;SO53465;69-8859-80035;20336;18;9640,92;97,89;498,23;2931,94;Comment 3851
56213;2023-12-18 04:07:34;2022-02-25 00:08:52;2021-07-02 08:34:03;SO91352;51-7602-22642;46469;47;3647,32;12,04;512,03;6318,32;Comment 3852
86601;2023-01-22 21:47:39;2023-10-28 17:40:52;2022-01-28 07:36:21;SO61947;85-4116-52037;82509;50;876,51;452,7;595,62;14666,8;Comment 3853
82530;2022-10-06 23:23:13;2023-11-24 12:12:56;2023-09-10 07:50:16;SO72894;53-9319-74957;36400;11;3091,31;458,33;636,87;15635,21;Comment 3854
62907;2021-02-03 22:29:59;2021-05-10 20:34:37;2023-08-17 21:16:24;SO29064;83-7954-63932;27384;44;7483,96;414,52;676,39;13413,65;Comment 3855
83236;2020-11-06 07:01:30;2020-08-11 09:51:31;2021-03-16 18:17:39;SO43265;97-9859-86247;21063;36;1932,2;82,97;991,76;1280,58;Comment 3856
16253;2022-06-25 18:27:50;2021-07-31 21:20:40;2020-04-04 20:17:00;SO52512;73-8844-80299;71144;30;5711;141,11;46,55;16491,59;Comment 3857
59312;2022-01-22 23:30:47;2021-09-29 05:22:10;2021-02-19 05:54:45;SO24230;51-7541-34141;33075;1;5055,06;158,48;733,78;15423,99;Comment 3858
12328;2023-12-13 09:30:20;2022-07-22 05:50:45;2022-09-29 18:55:40;SO12483;28-6393-31125;88158;41;2263,87;408,02;804,78;13001,68;Comment 3859
42506;2021-06-08 17:42:50;2021-04-29 04:04:57;2022-11-15 15:51:37;SO94193;72-3440-90827;68698;15;6569,41;493,56;674,67;6600,9;Comment 3860
72236;2021-12-17 21:19:03;2023-08-18 11:37:00;2021-01-15 08:40:14;SO59738;83-7954-63932;62305;18;802,48;44,29;354,11;4532,73;Comment 3861
66509;2023-03-26 16:42:46;2023-01-27 03:24:44;2021-06-06 06:55:13;SO20804;75-7092-97988;59990;25;6216,07;53,6;413,58;3447,87;Comment 3862
61086;2020-07-07 04:28:33;2021-01-18 02:01:34;2020-06-01 06:18:38;SO47065;24-7081-87522;67984;44;2247,9;305,48;583,06;4807,82;Comment 3863
70004;2023-11-30 19:13:35;2022-05-29 02:56:36;2023-05-15 20:04:36;SO26933;60-7449-26711;13320;4;1026,6;127,15;288,71;11128,36;Comment 3864
83293;2021-11-07 08:17:22;2023-01-11 09:58:58;2023-12-11 12:16:29;SO32537;53-9319-74957;96505;49;8806,25;331,72;862,33;2224,65;Comment 3865
44245;2023-04-10 06:34:18;2021-07-03 10:36:02;2022-11-05 16:12:24;SO24499;23-8779-93758;33985;23;1949,98;263,49;359,28;10054,96;Comment 3866
15390;2023-06-04 02:06:34;2023-11-12 11:28:38;2022-01-04 05:10:57;SO20910;40-2409-67736;80395;4;1496,63;444,89;146,33;9514,58;Comment 3867
25497;2021-09-10 09:53:19;2021-04-12 03:29:29;2021-01-15 05:12:59;SO11773;74-3185-84739;32753;25;9219,11;493,87;231,65;14257,64;Comment 3868
84770;2020-02-06 02:50:51;2022-08-30 07:03:05;2021-05-25 07:58:28;SO67404;84-7460-34357;20040;43;6369,74;159,61;560,8;14993,76;Comment 3869
21723;2023-08-02 04:49:08;2020-01-26 18:15:14;2020-11-06 03:35:57;SO33006;83-7954-63932;20977;22;4235,69;427,9;546,24;13422,52;Comment 3870
37216;2023-10-28 11:40:49;2020-08-29 18:37:49;2020-02-17 02:22:13;SO36976;83-7954-63932;62450;6;9299,48;166,31;17,26;19470,56;Comment 3871
85715;2020-11-30 17:23:34;2022-11-06 11:19:46;2020-08-01 23:50:45;SO37427;66-2881-24904;22812;32;921,89;337,9;881,23;17954,03;Comment 3872
36921;2022-07-18 12:16:23;2021-11-12 04:35:39;2020-12-08 06:13:13;SO33367;61-5244-70735;77107;28;1754,36;203,31;757,99;3608,53;Comment 3873
52557;2023-07-20 03:21:34;2020-03-16 13:49:04;2020-03-29 19:28:02;SO14888;69-1886-36823;11196;8;9878,78;241,8;990,03;1572,55;Comment 3874
55732;2020-07-13 07:01:05;2023-12-07 06:26:13;2022-01-01 17:16:19;SO72329;24-7081-87522;29204;10;3222,17;450,42;853,49;18854,79;Comment 3875
82213;2021-04-13 16:24:58;2021-07-09 02:31:49;2022-06-18 04:53:28;SO55718;78-5514-83427;25959;30;8035,77;445,4;801,74;9851,51;Comment 3876
61704;2022-11-09 15:55:27;2022-08-29 21:30:56;2021-01-23 11:33:09;SO55879;85-4116-52037;56170;43;2916,93;57,63;77,93;12179,62;Comment 3877
21658;2020-04-28 20:11:44;2023-10-02 02:22:06;2023-05-08 13:49:39;SO25259;74-2176-61667;19406;14;8129,18;298,5;634,46;7250,08;Comment 3878
66604;2021-03-08 01:02:10;2021-12-12 10:11:59;2020-01-29 03:20:50;SO37329;23-8779-93758;95116;5;5286,42;258,24;576,8;8339,13;Comment 3879
33162;2023-08-24 06:38:27;2023-01-05 17:11:39;2022-06-03 10:34:28;SO76058;49-7039-68376;52877;46;507,53;459,76;900,38;10318,31;Comment 3880
61527;2020-07-23 13:46:34;2020-10-14 14:42:26;2023-08-15 04:09:05;SO45393;53-9319-74957;94337;27;1613,72;464,09;47,1;6571,35;Comment 3881
97281;2020-05-02 17:36:53;2022-06-08 10:03:59;2022-04-21 05:11:52;SO68157;63-4608-21366;84964;44;4640,81;222,06;828,84;13456,6;Comment 3882
93716;2021-12-14 14:11:43;2020-11-09 23:13:20;2020-05-18 23:54:54;SO48835;74-2176-61667;63587;40;3182,49;143,17;113,27;1997,19;Comment 3883
16373;2021-06-18 09:00:59;2022-01-01 21:54:28;2020-05-06 09:52:56;SO65064;63-4608-21366;86119;24;4300,17;140,56;791,18;6888,94;Comment 3884
21932;2021-10-17 07:01:00;2022-09-28 16:31:40;2021-05-15 18:25:52;SO36208;97-9859-86247;19027;5;6905,13;251,52;900,14;5265,42;Comment 3885
38122;2021-01-09 14:34:45;2020-06-13 14:55:12;2021-12-14 13:46:45;SO45766;17-6178-77430;89798;50;7107,31;141,24;809,83;4341,36;Comment 3886
58280;2020-04-01 13:34:03;2021-04-12 19:53:31;2022-07-06 13:42:19;SO99387;66-4277-92738;66210;36;7989,82;104,33;480,46;5190,33;Comment 3887
74724;2023-11-09 14:06:22;2020-08-10 00:30:13;2020-05-30 20:54:11;SO56534;35-6579-94037;96807;9;163,14;410,65;629,03;19242,16;Comment 3888
74955;2020-01-28 14:27:38;2021-08-05 13:37:44;2021-08-18 09:35:38;SO28565;75-3751-62094;34331;21;8971,06;458,33;994,5;7508,95;Comment 3889
46219;2023-12-03 21:41:52;2022-09-07 02:41:06;2021-08-25 06:01:05;SO16066;72-3440-90827;66288;24;4620,5;176,86;547,08;17514,17;Comment 3890
15733;2022-07-17 13:11:03;2020-08-08 03:40:52;2022-04-16 05:49:20;SO19547;57-9057-83653;73932;1;6021,23;151,8;827,9;17916,09;Comment 3891
46072;2021-04-13 15:25:10;2023-11-17 06:09:49;2021-08-06 23:25:41;SO52981;73-8844-80299;38964;10;4369,2;419;825,24;3969,27;Comment 3892
20629;2023-11-25 14:18:04;2020-12-07 00:48:59;2021-08-12 16:20:53;SO62710;83-7954-63932;22831;44;6836,76;210,02;580,22;16351,07;Comment 3893
11718;2020-05-30 18:48:46;2020-05-22 12:59:58;2021-03-11 05:01:18;SO27313;69-8859-80035;97845;30;9488,29;475,09;276,58;3287,93;Comment 3894
25757;2021-08-08 00:22:51;2023-12-02 00:55:12;2020-08-01 19:25:51;SO32558;40-5683-25279;49451;46;7958,59;417,95;688,98;3912,16;Comment 3895
16140;2023-12-21 17:48:55;2021-07-22 07:13:49;2022-01-22 04:04:58;SO47575;63-4608-21366;17730;14;2408,03;296,03;877,11;17799,87;Comment 3896
48754;2022-08-11 10:47:10;2022-08-20 19:12:57;2021-03-14 14:02:24;SO19877;97-9859-86247;66625;33;4587,37;181,79;125,39;17721,42;Comment 3897
89374;2020-05-18 15:58:33;2022-01-02 00:57:57;2021-05-20 02:55:43;SO12325;75-3751-62094;12141;3;9895,42;430,75;162,44;11761,84;Comment 3898
45762;2023-07-02 22:31:05;2022-05-23 19:27:59;2022-04-14 01:56:51;SO63549;35-6579-94037;75194;43;8352,89;384,92;637,59;8505,43;Comment 3899
88602;2023-06-12 01:41:54;2023-02-01 17:04:05;2022-10-07 03:21:52;SO87878;76-6173-91169;62860;48;2153,86;237,56;603,33;17420,25;Comment 3900
54334;2020-08-20 21:52:40;2022-07-31 02:10:07;2022-07-12 22:47:05;SO72890;51-7541-34141;10928;10;5567,31;68,46;163,12;16406,35;Comment 3901
87298;2020-01-01 04:42:20;2023-11-17 15:03:48;2021-07-11 22:10:23;SO83464;49-7039-68376;25375;46;6711,92;364,18;598,34;692,74;Comment 3902
69861;2021-06-12 00:37:27;2022-12-18 04:31:06;2022-07-23 22:22:19;SO82564;50-5389-75591;62432;32;2671,84;334,44;888,23;11486,95;Comment 3903
87194;2022-03-18 08:13:37;2020-07-13 21:58:01;2022-04-10 19:05:55;SO31962;51-7602-22642;98213;43;8596,49;360,55;458,57;4797,72;Comment 3904
64332;2020-01-22 17:48:24;2022-05-14 10:18:08;2021-04-04 12:36:16;SO87314;51-7541-34141;33467;7;3742,32;311,69;815,24;17779,8;Comment 3905
55815;2022-12-27 00:40:22;2021-11-16 14:54:34;2021-04-22 02:14:09;SO79822;17-6178-77430;49164;49;5102,57;77,83;456,35;18720,72;Comment 3906
72993;2020-09-13 16:24:45;2023-10-05 16:04:01;2022-02-18 05:02:27;SO41602;86-5535-57031;60871;42;4667,09;478,78;521,52;19532,65;Comment 3907
54759;2023-05-06 11:14:53;2021-08-26 14:12:04;2022-05-10 07:40:57;SO13474;71-9532-69420;40814;18;7491,1;473,58;423,12;12624,12;Comment 3908
63919;2020-03-17 17:44:40;2020-02-08 23:33:35;2023-07-28 15:12:22;SO67258;74-2176-61667;23966;7;6953,69;315,43;605,45;6454,39;Comment 3909
68261;2023-04-26 11:01:24;2023-05-29 12:54:43;2022-10-07 06:47:13;SO48873;51-7602-22642;47030;27;4457,36;473,62;747,02;8118,43;Comment 3910
43700;2021-02-20 23:35:17;2020-08-22 16:55:38;2023-06-25 10:47:07;SO38570;84-7460-34357;42473;45;6542,61;444,2;399,68;858,58;Comment 3911
12246;2023-03-23 04:09:01;2022-08-09 18:38:02;2022-03-11 04:33:59;SO45477;16-3417-49054;32822;23;8699,55;312,57;789,23;11650,24;Comment 3912
65857;2020-03-21 02:12:11;2023-08-28 23:11:34;2023-11-13 23:13:35;SO19608;96-7105-64379;12013;24;1853,51;488,36;377,57;12899,17;Comment 3913
11897;2021-03-11 19:59:25;2021-07-11 02:42:24;2020-12-20 06:17:45;SO55557;84-7460-34357;13521;7;2686,49;284,17;209,32;10466,59;Comment 3914
30583;2022-09-30 17:26:11;2020-03-26 01:11:18;2023-09-26 02:09:32;SO98702;40-2409-67736;11639;41;1322,69;371,74;187,86;2368,92;Comment 3915
52212;2023-08-25 20:55:37;2022-08-06 23:54:30;2020-05-17 17:31:08;SO32921;24-7081-87522;59635;16;625,75;484,63;604,55;8796,49;Comment 3916
48404;2023-11-08 15:46:32;2020-10-28 03:21:13;2022-11-10 12:21:31;SO97703;83-7954-63932;97814;1;7734,86;77,7;151,35;15214,37;Comment 3917
46057;2020-02-12 15:29:32;2021-10-20 23:42:29;2023-05-08 12:01:53;SO37795;86-5535-57031;58283;18;798,71;111,33;737,84;11286,14;Comment 3918
28410;2022-12-30 10:32:24;2021-04-22 00:35:41;2021-06-22 22:06:41;SO89691;97-9859-86247;73542;19;3078,43;94,86;788,07;12168,86;Comment 3919
90050;2021-09-03 02:49:30;2022-07-02 03:02:54;2023-05-31 05:50:43;SO58423;73-8844-80299;88612;39;9502,81;333,67;168,88;13273,45;Comment 3920
68783;2020-09-20 00:32:28;2022-06-20 14:59:26;2021-01-29 06:22:14;SO11602;81-3143-56523;55648;13;3876,77;79,18;734,07;13796,49;Comment 3921
24159;2021-04-06 10:11:32;2020-12-23 20:15:09;2023-05-21 14:55:54;SO30668;66-2881-24904;63725;49;3354,98;87,06;713,07;4895,43;Comment 3922
43411;2020-01-29 06:31:59;2022-05-20 20:20:12;2020-04-28 16:08:43;SO11901;23-8510-71623;56589;13;8873,18;91,23;37,2;9514,61;Comment 3923
36041;2022-04-17 22:15:53;2021-08-10 02:13:05;2020-10-01 23:26:00;SO88852;69-1886-36823;45742;26;8088,85;74,36;349,28;9596;Comment 3924
29369;2023-06-05 22:27:32;2023-02-13 15:45:08;2023-12-03 23:45:12;SO93070;75-3751-62094;25981;40;7740,57;270,08;223,06;4638,91;Comment 3925
58257;2020-05-12 17:21:12;2022-01-06 02:46:51;2020-03-28 12:45:53;SO78032;69-1886-36823;78809;26;9877,95;116,42;452,13;13412,64;Comment 3926
73794;2022-01-17 17:52:38;2023-04-13 01:37:19;2023-09-19 00:04:32;SO42591;98-8354-24626;76024;35;5073,23;468,47;753,14;13789,39;Comment 3927
13214;2022-06-17 05:54:18;2020-06-06 12:24:32;2020-06-17 02:42:47;SO76543;84-8862-18518;80737;30;6588,9;278,53;333,91;9622,18;Comment 3928
91209;2023-04-09 15:19:03;2020-01-04 10:43:22;2021-04-08 11:23:30;SO17129;78-5514-83427;70587;50;1035,61;408,99;383,4;10228,57;Comment 3929
28073;2022-11-25 14:20:36;2020-08-02 09:52:02;2020-01-14 15:11:38;SO78778;40-5683-25279;69292;22;3493,29;148,36;160,84;4428,43;Comment 3930
85841;2021-05-14 13:12:52;2020-09-28 10:08:19;2023-03-23 09:29:04;SO63328;57-9057-83653;46762;11;9723,79;312,11;872,14;19010,59;Comment 3931
61796;2023-10-23 15:02:42;2022-06-11 17:25:07;2020-09-29 14:08:24;SO97310;42-3255-58813;71303;6;2108,41;252,23;607,67;7339,95;Comment 3932
74454;2022-10-25 13:04:25;2022-06-01 00:02:46;2023-10-10 14:54:57;SO51462;78-5267-32468;50024;50;8583,96;375,04;689,69;10001,46;Comment 3933
82051;2020-02-07 06:54:49;2020-05-28 04:54:26;2022-03-29 01:42:52;SO15675;28-6393-31125;16532;14;4359,32;282,64;485,6;9760,89;Comment 3934
82859;2022-06-08 18:13:42;2022-03-11 07:15:00;2022-10-02 13:04:14;SO52044;29-3530-22517;77835;32;8915,88;134,67;44,19;8631,38;Comment 3935
44234;2020-06-12 08:33:55;2021-09-24 05:28:40;2022-09-28 08:39:52;SO36843;35-6579-94037;44201;17;1164,44;82,81;394,04;8924,54;Comment 3936
83139;2022-08-31 08:11:11;2022-06-14 20:40:46;2023-05-09 17:09:46;SO88232;66-2881-24904;84002;50;8823,39;16,57;698,06;4509,87;Comment 3937
18834;2023-10-05 00:29:17;2022-05-03 22:16:40;2023-08-05 23:06:34;SO56399;61-5244-70735;75382;16;2852,83;417,76;655,71;6256,1;Comment 3938
96883;2022-05-12 22:49:53;2022-06-13 07:27:43;2022-03-13 02:52:08;SO18017;40-5683-25279;23269;21;4337,17;131,87;659,64;18741,56;Comment 3939
54231;2023-07-15 06:28:34;2023-01-02 07:42:37;2022-03-20 23:06:54;SO87939;78-5514-83427;94637;12;1959,36;289,73;883,47;10041,3;Comment 3940
83617;2023-09-27 05:12:56;2022-01-24 22:24:25;2020-05-09 08:40:24;SO66131;22-4444-25264;36385;16;4413,48;226,88;772,64;12576,73;Comment 3941
10375;2023-11-23 15:57:15;2023-09-10 10:09:15;2023-07-22 00:17:58;SO34858;81-3143-56523;31308;46;7002,75;434,32;535,01;13464,55;Comment 3942
37757;2021-09-23 08:34:33;2020-08-11 17:14:53;2020-09-02 06:12:05;SO85683;83-7954-63932;42747;14;5308,89;205,49;838,06;12994,46;Comment 3943
20839;2021-10-29 12:13:53;2021-11-06 21:59:38;2022-10-13 08:03:22;SO95106;40-2409-67736;43484;38;2698,58;152,14;294,35;6098,77;Comment 3944
18200;2022-08-22 06:02:20;2023-02-06 05:25:18;2020-09-17 22:01:51;SO44095;42-3255-58813;35610;21;2913,11;155,41;528,45;2708,7;Comment 3945
98273;2021-09-17 21:42:04;2023-10-12 01:42:05;2020-07-09 19:25:54;SO55096;23-8779-93758;59996;20;1081,88;352,9;669,24;12573,65;Comment 3946
34512;2022-11-29 19:15:13;2021-09-22 09:24:22;2020-06-24 01:37:22;SO39287;23-8510-71623;98860;8;9134,51;354,52;877,53;14408,42;Comment 3947
18289;2020-07-17 03:25:51;2023-10-04 08:22:22;2021-07-07 03:21:15;SO51984;84-7460-34357;16968;32;2536,41;355,96;83,03;9855,64;Comment 3948
34183;2023-05-03 22:47:38;2020-02-20 11:36:33;2023-08-17 10:50:46;SO92115;61-5244-70735;37042;37;6271,76;52,03;23,39;10058,71;Comment 3949
22660;2022-02-27 03:35:33;2023-08-20 22:47:30;2021-05-15 12:18:49;SO30335;28-4123-84663;97303;10;3186,96;62,25;41;10404,29;Comment 3950
72305;2023-04-05 00:27:33;2022-01-23 01:48:06;2022-07-21 01:42:08;SO29785;85-4116-52037;39347;5;1909,75;207,69;849,82;9574,38;Comment 3951
64704;2023-12-21 04:53:50;2023-07-16 08:07:53;2021-12-24 16:24:14;SO23352;98-8354-24626;25773;11;1700,77;162,23;316,04;13145,56;Comment 3952
74360;2020-12-08 23:38:00;2023-09-20 01:47:28;2021-09-19 14:32:14;SO74177;66-2881-24904;65239;7;7931,64;33,73;299,55;8197,3;Comment 3953
83680;2022-01-17 02:52:38;2022-02-18 16:12:11;2023-11-26 00:47:56;SO88909;22-4444-25264;38037;19;1586,66;235,31;837,79;1530,91;Comment 3954
69474;2021-09-10 04:03:15;2022-11-04 03:35:58;2022-12-14 18:20:11;SO49801;42-3255-58813;54240;22;4405,33;388,12;256,89;13972,17;Comment 3955
50722;2023-03-04 18:45:35;2022-08-13 08:06:04;2023-12-16 02:08:12;SO34908;78-5514-83427;89597;25;1987,02;217,38;815,7;5541,39;Comment 3956
96035;2021-08-12 14:19:10;2020-06-30 06:40:29;2021-02-17 18:57:03;SO55637;66-2881-24904;93490;30;6394,41;487,32;659,59;1020,68;Comment 3957
40168;2023-09-04 12:36:51;2021-12-17 08:54:46;2023-04-21 04:39:15;SO21911;75-3751-62094;31080;2;5970,51;247,78;705,35;15405,96;Comment 3958
91112;2022-01-10 13:04:07;2022-06-26 13:46:22;2022-06-27 02:44:13;SO16456;51-7541-34141;26795;13;4602,23;18,19;285,74;11455,49;Comment 3959
61416;2020-09-09 11:43:24;2021-12-04 20:49:34;2023-04-02 00:52:05;SO85525;96-7105-64379;93596;22;5518,38;376,26;220,19;17576,05;Comment 3960
25924;2023-06-15 08:52:26;2022-09-10 04:11:17;2022-07-09 15:01:13;SO16680;48-2823-67639;24323;47;7184,52;499,81;337,6;18939,86;Comment 3961
80274;2021-09-07 07:59:39;2020-02-20 15:03:39;2020-01-24 18:21:11;SO35287;97-9859-86247;25031;49;6712,77;262,61;374,49;7040,51;Comment 3962
78355;2022-04-17 11:52:48;2022-04-02 22:45:59;2020-01-08 23:56:38;SO84140;60-7449-26711;15589;27;6712,14;285,96;122,87;19373,57;Comment 3963
92078;2020-04-03 19:34:54;2022-01-25 11:37:32;2022-09-18 15:10:05;SO96674;76-6173-91169;61944;1;3095,66;368,34;674,76;13913,37;Comment 3964
13274;2022-10-10 07:16:23;2023-02-07 22:57:02;2021-05-21 12:52:57;SO25554;17-6178-77430;48927;25;8665,5;476,44;734,97;18114,78;Comment 3965
45252;2020-03-15 03:06:02;2020-09-23 09:49:27;2022-10-30 05:46:27;SO20213;17-6178-77430;18065;2;771,46;84,21;109,71;12744,67;Comment 3966
40577;2021-01-08 03:32:34;2022-10-05 06:11:56;2022-01-27 05:44:16;SO67633;24-7081-87522;81462;17;4190,57;363,99;259,62;16528,02;Comment 3967
18807;2020-01-18 08:18:30;2022-12-05 04:12:06;2023-06-20 04:25:13;SO66438;92-2389-56247;10627;45;6520,99;361,64;92,02;1212,58;Comment 3968
33658;2020-04-23 18:31:08;2023-04-13 09:14:59;2023-04-19 10:51:55;SO77600;30-1489-79011;42280;25;7031,36;247,54;21,01;10586,63;Comment 3969
16196;2022-03-20 04:19:07;2022-03-18 15:20:12;2022-05-05 08:46:56;SO41070;49-7039-68376;43022;45;8025,12;131,32;717,61;5982,79;Comment 3970
59108;2021-03-03 02:07:53;2020-10-31 11:24:13;2020-10-02 12:59:55;SO97495;49-7039-68376;74254;3;3241,2;159,36;669,06;6257,74;Comment 3971
62389;2022-09-02 11:06:16;2022-04-13 17:00:24;2022-07-25 13:36:23;SO96592;66-4277-92738;22023;43;6976,56;113,71;746,73;1388,86;Comment 3972
10324;2020-03-16 11:06:00;2022-06-24 08:32:07;2022-08-17 03:46:44;SO85880;78-5267-32468;14470;17;7174,82;341,19;109,4;10465,06;Comment 3973
51184;2020-11-06 03:18:31;2020-09-14 01:19:37;2020-11-06 10:30:53;SO20518;61-5244-70735;43010;6;3928,7;71,8;60,94;5769,64;Comment 3974
52726;2023-12-02 01:26:34;2021-06-27 02:32:05;2023-06-08 01:28:32;SO40169;66-4277-92738;17323;40;6732,36;299,36;111,17;5219,53;Comment 3975
94117;2020-09-23 08:40:13;2023-01-26 14:40:21;2020-02-10 05:51:05;SO67586;29-3530-22517;34298;20;8964,4;282,39;691,08;17310,76;Comment 3976
23649;2021-01-02 03:21:18;2022-03-05 16:52:13;2022-09-20 04:26:35;SO74073;42-3255-58813;74793;23;9604,15;233,69;703,72;15369,78;Comment 3977
63241;2023-07-02 01:37:07;2020-12-05 22:16:30;2023-09-04 01:39:59;SO32308;69-8859-80035;51379;16;4630,94;80,61;583,14;12407,66;Comment 3978
29747;2021-08-02 12:08:19;2020-02-16 17:23:21;2021-01-22 22:37:34;SO82845;48-2823-67639;32763;32;3232,5;404,32;627,14;17328,72;Comment 3979
65186;2022-09-27 03:14:43;2023-11-23 09:55:42;2022-12-25 14:07:27;SO47755;33-1973-80101;22191;20;5073,85;424,09;970,72;6969,76;Comment 3980
75180;2022-01-22 03:13:51;2021-12-29 18:31:18;2023-06-16 18:09:56;SO78794;60-7449-26711;19280;23;4801,52;70,63;954,58;19477,14;Comment 3981
44573;2023-01-05 02:43:55;2020-06-07 02:39:30;2020-01-25 10:42:20;SO91673;61-5244-70735;76906;27;1794,92;231,49;102,3;19323,99;Comment 3982
20748;2022-11-28 02:42:06;2023-08-06 16:59:02;2022-10-31 08:19:50;SO64045;24-7081-87522;23828;45;386,4;138,11;663,89;18925,71;Comment 3983
81114;2021-04-05 18:06:52;2020-03-23 17:36:14;2023-04-06 15:09:10;SO69172;60-7449-26711;39920;45;9626,49;418,53;945,62;1748,7;Comment 3984
76874;2023-12-19 10:29:31;2023-03-10 12:16:41;2020-12-10 13:29:09;SO91086;28-6393-31125;54747;21;4532,07;434,66;30,13;6779,74;Comment 3985
37332;2020-09-09 00:21:41;2022-03-27 19:34:36;2020-07-13 11:21:27;SO88626;69-8859-80035;47293;31;3530,29;325,4;386,41;1274,83;Comment 3986
50395;2022-01-05 22:47:22;2022-03-21 20:00:54;2021-08-24 04:32:20;SO81173;75-7092-97988;45247;27;5094,22;304,76;734,43;7329,22;Comment 3987
67749;2023-10-29 18:31:43;2020-02-17 03:58:15;2020-07-14 05:46:07;SO28650;97-9859-86247;94603;1;3794,49;273,56;155,85;3915,26;Comment 3988
11488;2023-04-07 19:38:45;2022-08-06 04:40:47;2020-10-01 22:06:00;SO52489;42-3255-58813;52562;48;2944,42;229,05;592,33;4926,09;Comment 3989
26849;2020-03-26 15:18:21;2022-02-08 08:49:08;2022-04-07 01:08:27;SO58814;84-8862-18518;11594;27;6329,96;169,21;225;10590,15;Comment 3990
91150;2023-12-24 04:19:03;2022-06-11 09:57:47;2021-09-08 13:26:03;SO12391;75-3751-62094;23412;6;6374,43;321,47;381,84;13227,48;Comment 3991
63948;2023-10-19 09:01:42;2022-11-20 14:39:39;2020-02-10 23:22:22;SO96480;78-5267-32468;89661;48;1749,3;265,01;874,79;10220,73;Comment 3992
59440;2021-09-20 16:55:24;2020-12-16 12:29:45;2023-07-28 21:42:12;SO29616;42-3255-58813;83734;4;3591,94;250,34;677,18;17670,32;Comment 3993
67578;2021-02-12 03:13:52;2023-10-28 07:38:02;2021-05-18 03:44:25;SO66435;83-7954-63932;45761;25;8441,13;220,23;288,62;3568,03;Comment 3994
50680;2020-05-20 06:02:34;2022-10-05 21:31:14;2020-03-30 13:03:29;SO82520;97-9859-86247;67859;46;9131,15;367,87;194,65;14043,57;Comment 3995
14060;2020-08-07 07:41:53;2023-07-18 16:58:44;2022-09-02 03:48:55;SO86331;74-3185-84739;27738;21;2964,54;19,86;728,33;4520,4;Comment 3996
60605;2020-05-26 00:26:05;2022-12-23 07:02:19;2021-01-22 15:01:32;SO10155;23-8779-93758;16893;50;9629,37;378,66;901,49;6778,74;Comment 3997
60235;2021-03-10 19:15:52;2023-06-27 15:34:16;2021-06-09 20:50:41;SO95100;78-5267-32468;56909;49;2658,15;243,07;993,45;14818,99;Comment 3998
17416;2021-03-11 01:49:43;2023-01-08 02:12:41;2020-03-17 00:21:06;SO69390;75-3751-62094;18266;14;1163,59;302,33;391,3;4592,51;Comment 3999
24002;2022-03-30 18:13:13;2021-02-17 18:51:15;2023-05-27 06:29:07;SO37040;40-5683-25279;51819;11;2991,09;182,98;570;8571,76;Comment 4000
56964;2020-05-09 18:01:49;2020-08-12 20:45:14;2022-07-01 04:21:13;SO67282;17-6178-77430;86467;23;518,23;314,24;135,3;5732,95;Comment 4001
67054;2023-06-14 02:26:57;2023-08-10 02:28:02;2022-04-25 19:48:34;SO81680;69-8859-80035;28738;12;7102,65;328,4;442,98;8269;Comment 4002
62848;2022-12-24 06:43:09;2022-09-18 10:21:35;2020-03-08 01:56:17;SO58263;48-2823-67639;76865;20;7528,39;353,92;726,6;2772,3;Comment 4003
31950;2023-09-06 21:33:51;2021-06-15 12:02:35;2023-08-20 09:34:39;SO59847;40-5683-25279;27849;50;2826,23;183,23;199,94;2593,26;Comment 4004
82078;2020-12-26 16:17:00;2022-11-23 06:02:51;2021-12-26 10:19:35;SO23376;57-9057-83653;33527;44;5882,09;372,42;692,96;12003,68;Comment 4005
92775;2020-09-15 12:09:23;2020-11-20 18:47:11;2021-06-18 03:55:21;SO23690;40-5683-25279;48154;47;9008,11;93,89;31,88;10824,63;Comment 4006
22546;2020-07-26 00:54:42;2022-08-21 22:40:04;2021-05-02 03:53:38;SO63587;75-3751-62094;95556;6;5536,21;197,66;319,3;2101,69;Comment 4007
67567;2022-09-25 15:02:07;2022-05-27 14:37:06;2020-07-09 06:39:45;SO70821;84-7460-34357;97213;3;5499,11;473,9;278,91;4994,78;Comment 4008
67547;2021-10-24 03:22:42;2020-08-10 08:32:14;2021-05-25 12:58:26;SO32737;23-8510-71623;43847;15;5052,02;183,12;195,65;2467,46;Comment 4009
18181;2022-01-19 07:35:10;2023-07-20 12:43:51;2022-04-15 03:37:30;SO63454;28-4123-84663;77077;19;2926,85;116,45;575,46;12367,76;Comment 4010
49127;2023-09-28 09:18:09;2022-01-31 22:07:39;2020-11-14 22:28:23;SO28258;72-3440-90827;15792;7;3571,9;118,58;208,82;17878,42;Comment 4011
67192;2022-10-10 17:21:22;2021-11-28 10:53:07;2021-08-13 03:42:58;SO33580;57-9057-83653;24077;43;460,37;230,59;97,15;4785,65;Comment 4012
20592;2021-09-30 02:36:53;2023-06-01 06:19:25;2020-12-05 07:30:38;SO79857;50-5389-75591;32491;18;949,58;154,31;73,25;19730,2;Comment 4013
56909;2022-10-18 12:17:26;2020-01-12 20:51:17;2021-03-07 23:07:13;SO56427;49-7039-68376;41945;29;5241,69;61,76;978,49;10798,13;Comment 4014
46197;2022-06-15 18:22:07;2023-04-07 21:33:51;2021-01-18 13:57:55;SO77266;35-6579-94037;65096;5;4025,77;222,57;227,45;9633,7;Comment 4015
49906;2020-10-26 07:56:15;2023-06-25 11:38:18;2023-09-26 16:27:17;SO37712;53-9319-74957;59755;30;5705,17;209,7;161,1;177,87;Comment 4016
71011;2023-10-21 22:24:07;2023-03-13 11:08:59;2021-12-04 21:32:29;SO89572;96-7105-64379;42548;5;5878,84;416,5;256,75;14386,15;Comment 4017
36654;2023-06-21 00:58:03;2023-12-01 16:51:50;2020-11-16 17:52:29;SO77231;83-7954-63932;50272;48;4717,95;451,8;144,54;4211,36;Comment 4018
98357;2022-04-13 12:46:26;2020-05-16 07:47:51;2023-05-21 08:04:44;SO91652;42-3255-58813;72928;3;247,89;12,06;700,58;16143,4;Comment 4019
11357;2022-06-12 16:31:53;2021-11-04 03:19:57;2022-02-28 00:13:40;SO18853;51-7541-34141;20771;7;6266,95;68,75;612,06;2490,3;Comment 4020
17796;2020-03-24 11:55:15;2023-03-21 15:00:22;2023-08-14 14:19:09;SO57839;28-4123-84663;94776;19;6116,65;257,5;676;19410,47;Comment 4021
29388;2021-01-29 05:59:38;2023-04-19 19:05:15;2021-09-03 11:56:06;SO94749;98-8354-24626;39284;22;6209,45;207,3;885,07;19935,03;Comment 4022
68557;2023-04-11 05:29:10;2021-02-27 04:37:30;2023-04-14 15:43:10;SO31950;48-2823-67639;64264;9;8469,87;79,22;880,53;2090,6;Comment 4023
55175;2020-07-31 05:14:00;2021-05-28 18:08:37;2023-08-05 03:18:51;SO22281;29-3530-22517;26431;38;3708,22;304,06;184,04;12407,12;Comment 4024
98426;2023-05-03 21:48:53;2021-10-20 21:26:27;2022-10-31 20:57:19;SO98725;53-9319-74957;57407;41;9994,67;231,99;781,69;10149,54;Comment 4025
86771;2020-09-11 12:04:33;2023-12-08 23:03:54;2022-06-05 18:51:30;SO99644;76-6173-91169;92145;49;9420,06;495,34;148,07;6557,87;Comment 4026
24150;2022-04-23 09:05:34;2023-06-02 00:56:12;2023-05-16 11:50:29;SO35843;69-8859-80035;11933;38;6418,96;196,87;403,42;1575,29;Comment 4027
75625;2021-04-05 00:58:28;2020-08-28 17:00:44;2023-08-18 17:24:07;SO53254;29-3530-22517;92711;34;807,37;498,91;473,29;8759,56;Comment 4028
70353;2020-02-10 23:45:41;2023-10-27 09:20:45;2020-02-11 19:33:17;SO58548;24-7081-87522;20097;3;6877,75;325,44;583,97;11945,7;Comment 4029
52896;2020-09-15 04:15:08;2023-06-01 22:24:48;2020-03-04 11:01:05;SO77579;28-6393-31125;77225;17;1433,07;36,35;19,36;9021,2;Comment 4030
52687;2022-06-19 05:54:13;2021-04-16 13:44:53;2023-06-18 14:45:37;SO41555;30-1489-79011;21765;5;1697,94;329,04;227,65;7011,84;Comment 4031
55120;2023-03-06 01:33:33;2022-10-01 23:13:08;2021-07-18 10:49:43;SO33205;69-8859-80035;77865;9;7999,23;239,51;485,97;2042,93;Comment 4032
49473;2021-10-01 06:36:15;2023-01-02 16:02:36;2022-05-09 07:52:28;SO93826;53-9319-74957;23657;15;8283,82;333,01;568,12;11636,96;Comment 4033
34082;2021-03-04 16:49:47;2022-01-30 13:46:54;2021-10-26 17:39:01;SO89625;97-9859-86247;16769;13;7699,48;22,6;99,87;10597,68;Comment 4034
34010;2020-05-01 18:10:20;2021-05-31 05:46:01;2022-04-18 23:54:09;SO87571;48-2823-67639;45938;25;5123,05;36,8;627,69;8460,23;Comment 4035
66308;2022-10-25 13:00:21;2023-10-29 18:41:11;2021-01-27 10:45:40;SO27390;17-6178-77430;39184;14;4238,52;369,76;561,63;16824,67;Comment 4036
54389;2020-09-27 07:02:52;2020-08-24 08:13:43;2020-05-21 20:38:02;SO27526;17-6178-77430;98732;35;8001,93;88,84;852,79;10222,7;Comment 4037
74114;2022-09-08 20:51:14;2021-12-29 16:41:37;2021-06-04 07:31:40;SO72157;16-3417-49054;62708;46;5720,08;373,14;67,09;10657,74;Comment 4038
58259;2023-04-13 07:21:24;2022-02-09 16:47:17;2023-02-22 09:34:15;SO26479;40-2409-67736;46330;26;9988,61;413,28;180,34;14883,36;Comment 4039
63562;2022-10-31 23:30:24;2021-06-05 18:19:06;2021-08-13 03:28:39;SO26974;40-5683-25279;18859;21;8201,28;386,89;287,63;10003,01;Comment 4040
17268;2023-09-07 11:40:20;2021-04-18 05:18:24;2021-04-09 22:11:36;SO36452;63-4608-21366;75416;11;5143,35;331,91;424,12;11682,73;Comment 4041
71898;2020-06-17 10:04:51;2022-05-19 10:26:03;2023-08-13 13:25:16;SO40706;28-4123-84663;81776;25;7320,12;95,68;860,02;18434,17;Comment 4042
63113;2020-11-10 01:50:02;2020-03-29 12:10:46;2023-10-09 17:04:26;SO89967;78-5514-83427;33101;9;409,63;331,39;282,02;10057,27;Comment 4043
58412;2022-08-14 05:16:17;2022-07-21 01:15:28;2023-02-11 20:21:35;SO84242;40-5683-25279;83967;17;7541,83;104,04;709,04;19271,28;Comment 4044
88017;2022-03-07 21:57:52;2021-12-03 04:06:52;2020-03-02 22:41:24;SO58879;57-9057-83653;32201;44;7569,18;372,89;403,34;11940,19;Comment 4045
80687;2021-08-07 19:11:43;2020-09-17 10:24:51;2021-10-21 05:26:01;SO31172;75-7092-97988;65412;44;4202,93;98,33;490,12;19035,78;Comment 4046
25335;2022-07-19 03:12:49;2023-11-19 04:15:13;2022-06-20 07:52:27;SO25619;76-6173-91169;18250;19;9921,07;488,66;15,74;18255,85;Comment 4047
84470;2021-03-18 02:29:05;2020-01-10 04:02:01;2023-09-09 23:16:50;SO42505;81-3143-56523;59438;38;6117,55;472,01;69,96;5006,22;Comment 4048
41120;2022-04-12 22:06:58;2021-07-11 08:17:16;2022-10-19 15:34:41;SO41608;98-8354-24626;60438;27;6702,88;147,35;853,3;8244,79;Comment 4049
35510;2023-09-28 11:23:42;2023-08-07 15:06:47;2023-07-15 07:30:32;SO84520;57-9057-83653;39837;44;1436,22;202,88;422,78;4958,26;Comment 4050
72338;2021-05-11 09:53:50;2021-07-18 22:05:18;2022-01-20 02:05:44;SO91982;51-7541-34141;28324;50;7712,19;232,47;562,68;14941,6;Comment 4051
42193;2023-08-15 11:21:19;2021-11-29 20:42:43;2020-09-20 06:03:09;SO34108;75-7092-97988;39718;33;301,14;21,18;118,49;10331,91;Comment 4052
64737;2022-10-05 20:05:25;2020-02-19 19:05:23;2020-08-19 20:22:24;SO94978;71-9532-69420;37223;31;8210,53;103,54;536,73;13650,73;Comment 4053
53232;2023-11-28 02:09:28;2022-09-05 22:47:22;2020-07-10 01:13:18;SO14110;76-6173-91169;18353;11;4562,14;19,68;709,15;4061,46;Comment 4054
60763;2023-08-02 01:31:18;2022-09-23 07:36:32;2022-06-27 13:15:00;SO98145;97-9859-86247;10884;44;4728,39;85,41;790,77;8825,85;Comment 4055
70097;2020-04-04 03:20:45;2023-03-22 20:31:11;2020-09-28 15:49:21;SO29018;60-7449-26711;14069;22;8420,43;268,98;750,9;10816,77;Comment 4056
65339;2020-05-15 08:49:35;2022-09-02 23:33:34;2022-03-22 07:43:59;SO87869;75-3751-62094;95711;42;3535,48;181,95;629,11;2465,06;Comment 4057
89933;2021-02-19 05:59:04;2021-02-02 19:24:48;2022-07-29 11:57:11;SO89122;23-8779-93758;21660;28;8823,38;466,09;353,45;1932,45;Comment 4058
40047;2023-05-03 20:07:47;2023-03-16 07:46:25;2022-05-12 06:49:01;SO69564;51-7602-22642;24507;23;6116,28;236,04;293,68;8260,66;Comment 4059
43606;2021-04-15 01:21:18;2021-04-19 07:54:48;2020-06-18 22:17:23;SO68036;40-2409-67736;32131;31;1091,71;487,89;135,97;10693,53;Comment 4060
89802;2023-01-20 03:56:19;2021-07-23 23:45:41;2022-04-26 00:35:48;SO22291;57-9057-83653;41704;50;8800,08;230,9;970,4;12852,01;Comment 4061
99598;2022-10-25 04:58:10;2022-03-28 02:42:49;2022-01-31 09:48:53;SO98030;69-8859-80035;90971;37;5577,8;425,13;631,36;12274,1;Comment 4062
23189;2021-06-07 03:22:50;2022-06-22 01:09:34;2021-04-06 04:21:20;SO89907;74-3185-84739;98321;9;2494,95;393,06;480,3;4919,59;Comment 4063
88178;2021-08-01 15:22:15;2023-05-21 07:07:12;2023-07-06 21:19:25;SO55482;23-8510-71623;66676;17;3873,84;453,88;148,81;1834,88;Comment 4064
34024;2023-11-13 14:11:18;2023-10-01 16:43:54;2020-04-11 23:55:50;SO75721;66-4277-92738;63031;45;7193,02;418,71;820,18;6264,37;Comment 4065
83014;2020-07-28 14:51:04;2020-12-28 22:32:34;2020-04-21 08:12:00;SO17107;74-3185-84739;66684;48;9061,76;470,55;95,59;6088,04;Comment 4066
56998;2021-08-12 11:21:04;2023-05-31 18:01:27;2020-08-30 12:14:20;SO35368;75-3751-62094;63920;17;8782,8;446,13;701,79;19336,72;Comment 4067
85765;2022-03-19 00:19:42;2020-08-16 21:57:52;2020-03-25 10:14:36;SO21594;51-7602-22642;75389;7;1400,83;193,23;139,17;6396,79;Comment 4068
38757;2022-05-14 22:20:11;2021-03-16 20:25:06;2022-05-14 08:11:28;SO15820;29-3530-22517;86141;34;2661,72;462,85;549,52;6905,86;Comment 4069
67736;2023-09-09 15:48:05;2022-02-04 13:19:20;2022-05-19 17:26:29;SO86320;57-9057-83653;93116;20;6831,5;402,18;844,84;3985,78;Comment 4070
84667;2021-10-27 16:21:25;2021-08-28 11:39:35;2022-04-26 14:44:49;SO73794;66-4277-92738;34960;34;519,61;110,66;718,82;12364,79;Comment 4071
81570;2020-12-21 08:58:55;2020-08-22 14:56:35;2022-02-01 00:53:21;SO73799;74-2176-61667;35037;4;4291,17;30,97;946,15;185,7;Comment 4072
63855;2023-09-26 10:02:02;2023-10-12 07:33:37;2020-03-28 12:37:41;SO67855;50-5389-75591;47451;48;9141,37;56,98;904,42;7424,42;Comment 4073
30773;2021-06-26 04:19:04;2022-12-21 09:34:25;2022-01-22 05:50:01;SO61644;40-5683-25279;15762;14;7095,13;42,46;169,27;18068,19;Comment 4074
57818;2022-09-13 10:29:56;2020-01-18 21:15:46;2023-04-20 09:59:03;SO90060;24-7081-87522;76922;1;7103,82;143,85;773,6;954,29;Comment 4075
85806;2021-06-20 19:56:54;2021-01-05 03:44:28;2021-08-02 02:50:36;SO10244;57-9057-83653;64244;29;5100,35;31;880,67;5971,84;Comment 4076
57969;2021-01-23 06:48:20;2023-07-08 03:40:42;2023-09-21 09:12:50;SO23338;57-9057-83653;20646;14;4252,7;157,2;791,91;16291;Comment 4077
31968;2023-07-28 11:44:23;2020-05-21 11:54:05;2022-09-28 08:17:21;SO45847;75-7092-97988;73727;16;9429,48;171;41,82;7684,23;Comment 4078
47069;2021-12-18 12:46:51;2023-01-08 23:33:52;2020-03-01 16:16:43;SO55197;71-9532-69420;17062;34;2177,27;416,68;770,27;5462,71;Comment 4079
11511;2022-02-22 19:30:25;2021-05-21 02:56:02;2022-08-05 09:17:30;SO89067;84-8862-18518;74405;42;480,09;222,43;245,7;9083,91;Comment 4080
18012;2023-08-03 22:15:06;2020-05-24 17:02:50;2020-09-16 16:23:51;SO91944;73-8844-80299;11353;23;5550,15;284,32;35,44;2437,67;Comment 4081
15805;2020-03-02 07:50:55;2022-05-30 18:42:21;2023-05-09 18:53:17;SO58727;50-5389-75591;86825;47;803,14;483,58;545,25;11453,28;Comment 4082
89279;2022-12-04 07:56:02;2020-07-28 04:40:58;2022-11-13 23:48:05;SO58563;51-7602-22642;93544;35;3015,07;435,48;757,11;3032,97;Comment 4083
63287;2023-11-06 13:19:05;2020-12-31 15:05:21;2023-12-01 02:43:35;SO65205;24-7081-87522;73228;4;5077,65;314,09;146,93;6432,24;Comment 4084
75628;2022-04-05 04:37:58;2022-07-05 10:43:56;2022-03-19 08:21:57;SO45132;71-9532-69420;38415;35;1305,4;37,51;743,51;3307,2;Comment 4085
48090;2022-10-08 20:29:22;2020-07-21 04:43:54;2020-09-04 12:51:46;SO27324;97-9859-86247;40569;32;6568,95;127,23;420,52;1296,71;Comment 4086
64520;2023-04-17 20:44:37;2021-11-13 16:44:35;2020-06-21 16:21:59;SO48982;69-1886-36823;96318;38;6392,27;262,91;235,35;9324,57;Comment 4087
60087;2023-08-06 11:10:19;2021-04-13 15:30:23;2020-11-29 22:35:57;SO76068;69-1886-36823;31796;4;6508,34;233,52;240,86;1878,88;Comment 4088
95846;2020-01-08 03:17:20;2022-03-15 02:50:38;2021-10-13 09:18:00;SO38487;29-3530-22517;81723;7;2210,15;70,03;766,19;7781,69;Comment 4089
22031;2021-03-16 11:10:45;2023-01-22 02:45:01;2020-06-07 05:59:10;SO71720;40-5683-25279;51482;32;2586,42;241,62;759,28;17124,54;Comment 4090
65247;2021-10-02 19:30:25;2021-10-27 18:56:16;2020-07-16 05:26:54;SO16046;35-6579-94037;14149;44;4850,98;212,57;286,53;12789,59;Comment 4091
98435;2021-09-25 11:50:31;2020-10-05 07:10:59;2021-01-10 15:27:35;SO24414;96-7105-64379;12022;14;5896,31;481,44;556,32;13552,58;Comment 4092
90681;2020-07-07 23:56:51;2023-10-26 13:08:22;2020-11-24 14:06:22;SO17072;53-9319-74957;76782;9;8021,62;155,13;46,81;11200,51;Comment 4093
44109;2022-12-25 10:50:06;2020-12-10 04:10:54;2023-03-29 04:03:00;SO61668;75-3751-62094;23191;5;7837,86;375,4;394,94;19941,41;Comment 4094
37743;2020-12-29 11:24:21;2023-07-02 01:33:06;2022-12-14 13:49:27;SO67087;66-2881-24904;42723;11;923,2;18,41;517,13;4309,09;Comment 4095
44721;2023-05-11 21:04:33;2020-12-11 10:59:49;2022-12-02 08:12:38;SO84528;29-3530-22517;33947;48;9766,63;384,24;975,81;16464,9;Comment 4096
11184;2023-01-09 13:56:33;2021-05-27 02:30:30;2022-04-01 08:18:01;SO75251;53-9319-74957;75859;7;7989,25;296,7;462,43;2140,25;Comment 4097
55791;2020-04-10 01:34:07;2020-09-22 14:54:21;2023-11-19 19:09:49;SO39079;71-9532-69420;13249;12;9899,19;348,42;621,22;14109,15;Comment 4098
28604;2023-06-05 18:56:09;2023-11-04 23:58:51;2020-09-13 19:20:51;SO19073;51-7602-22642;90289;26;9360,17;295,92;411,6;13028,31;Comment 4099
47819;2023-08-11 10:11:54;2020-02-25 14:54:35;2020-11-11 22:20:26;SO41603;84-8862-18518;46569;2;2914,52;273,45;726,59;9228,85;Comment 4100
51001;2023-09-12 21:06:45;2022-03-21 15:06:55;2020-03-14 08:29:49;SO36021;60-7449-26711;42120;32;340,16;303,05;124,34;16481,24;Comment 4101
18426;2021-01-06 16:17:00;2023-11-05 09:04:07;2020-04-07 14:07:31;SO22661;74-3185-84739;18196;11;8643,68;375,11;144,21;14265,5;Comment 4102
18307;2021-10-09 13:47:40;2020-08-08 06:08:45;2022-10-07 23:02:01;SO96157;28-6393-31125;90218;20;1768,24;120,2;634,22;4642,95;Comment 4103
38807;2020-04-21 16:36:43;2021-10-09 17:20:43;2023-03-13 06:19:23;SO31154;66-4277-92738;84179;26;6187,52;55,56;41,9;15736,78;Comment 4104
25088;2021-08-05 08:17:20;2022-10-29 05:52:28;2023-11-11 20:38:47;SO35542;69-1886-36823;19820;6;9239,67;472,29;107,46;293,5;Comment 4105
12787;2021-11-20 05:41:51;2022-11-17 13:34:22;2020-09-09 04:42:37;SO46331;51-7541-34141;66261;50;8551,69;470,77;975,72;17447,04;Comment 4106
52733;2023-03-25 02:16:40;2023-02-17 05:00:38;2020-07-10 05:38:52;SO89745;78-5267-32468;98452;12;9277,64;60,1;653,51;15379,21;Comment 4107
82569;2020-08-08 12:45:20;2020-01-22 13:32:44;2023-12-10 08:19:00;SO23670;44-6968-96958;80389;44;1991,93;496,85;697,99;17376,88;Comment 4108
71377;2021-01-26 15:26:16;2022-06-21 10:16:13;2021-11-21 06:32:30;SO86086;74-3185-84739;88281;7;2154,13;105,77;603,74;9786,17;Comment 4109
23744;2022-06-17 05:32:48;2022-05-05 09:32:20;2020-02-19 20:42:33;SO14080;66-4277-92738;20779;9;6207,74;397,58;112,42;1449,41;Comment 4110
58524;2022-09-09 20:57:27;2023-09-04 00:50:55;2022-12-18 11:37:25;SO13279;17-6178-77430;45903;33;6449,87;126,26;947,91;14823,92;Comment 4111
83202;2023-06-07 20:16:58;2020-03-26 12:11:29;2020-06-26 03:12:06;SO64995;23-8510-71623;22094;38;990,15;72,62;603,37;1353,91;Comment 4112
49844;2022-05-15 22:23:02;2020-05-03 08:07:29;2022-01-20 16:33:19;SO42206;72-3440-90827;78050;41;1916,07;94,85;355,69;853,36;Comment 4113
36469;2022-07-03 07:27:00;2020-07-08 16:13:37;2022-06-28 13:18:41;SO34063;63-4608-21366;18821;16;4573,7;260,25;66,6;15809,8;Comment 4114
96642;2020-10-24 05:33:21;2023-07-22 23:08:56;2021-02-07 14:52:45;SO61443;40-5683-25279;72134;44;9468,12;341,78;517,49;419,07;Comment 4115
68455;2022-06-25 01:55:11;2022-04-07 12:38:01;2023-11-16 06:13:19;SO13732;86-5535-57031;61295;4;9462,13;346,97;543,54;6355,7;Comment 4116
83588;2021-04-08 13:02:48;2023-02-12 16:42:54;2023-04-29 16:18:40;SO57995;53-9319-74957;17502;15;408,33;272,3;18,15;7748,73;Comment 4117
88697;2020-02-23 17:38:56;2021-04-03 01:18:34;2020-07-07 10:59:42;SO71966;33-1973-80101;77404;44;8708,5;148,54;35,31;922,65;Comment 4118
50721;2020-06-20 19:15:59;2023-10-14 10:20:23;2020-09-30 11:37:33;SO50042;78-5514-83427;75091;30;9506,07;39,19;251,33;19663,58;Comment 4119
84203;2020-02-15 19:42:19;2020-11-06 05:48:02;2022-10-03 02:39:59;SO79313;29-3530-22517;22614;23;3554,35;268,57;544,81;16747,62;Comment 4120
69807;2020-08-27 05:10:24;2020-02-09 08:38:12;2023-02-09 15:55:21;SO15809;84-8862-18518;84412;17;230,75;248,12;965,64;13803,26;Comment 4121
44095;2023-05-25 00:08:42;2020-03-14 16:52:23;2022-03-14 01:06:25;SO43197;28-4123-84663;35129;18;9034,18;471,48;764,68;2497,53;Comment 4122
17628;2022-08-24 19:59:40;2021-06-30 06:07:35;2021-12-26 19:04:18;SO75731;63-4608-21366;47671;36;9669,87;477,16;191,98;15981,74;Comment 4123
49884;2021-02-03 16:14:09;2023-07-29 00:20:44;2022-12-11 23:49:23;SO73410;42-3255-58813;66165;40;6577,94;159,82;459,35;16789,14;Comment 4124
29000;2020-05-15 21:18:56;2020-03-01 12:42:52;2023-12-30 08:15:07;SO95220;33-1973-80101;54542;50;413,32;27,31;398,28;5189,07;Comment 4125
65982;2021-04-24 01:23:38;2022-04-29 02:30:47;2021-01-18 10:13:08;SO76142;28-4123-84663;20680;47;8000,94;255,91;524,77;19442,95;Comment 4126
59135;2023-10-10 22:36:29;2023-10-17 09:38:50;2021-04-19 22:51:00;SO93997;84-7460-34357;32757;42;8573,58;149,76;740,08;14075,61;Comment 4127
24551;2022-09-14 04:31:00;2023-05-25 15:21:20;2023-12-23 23:04:31;SO26906;23-8510-71623;45384;5;4262,94;303,52;190,23;13613,74;Comment 4128
18612;2023-06-20 03:41:56;2023-04-18 00:34:27;2023-03-01 13:43:57;SO63371;61-5244-70735;77820;40;6103,3;188,63;376,87;11709,44;Comment 4129
60445;2023-02-14 23:05:46;2021-12-11 03:06:17;2023-05-07 12:51:50;SO38864;72-3440-90827;71767;31;9341,3;22,6;634,27;3302,95;Comment 4130
81316;2020-03-24 11:30:06;2023-09-03 18:50:56;2020-10-09 15:47:18;SO49062;66-2881-24904;68785;38;182,54;476,45;606,29;6532,66;Comment 4131
19776;2023-10-20 23:00:06;2021-07-17 06:49:57;2022-07-30 15:09:43;SO44681;57-9057-83653;28894;45;8828,68;319,17;754,83;2467,4;Comment 4132
78514;2021-12-05 03:39:06;2020-10-07 19:05:55;2021-09-03 15:21:51;SO23148;66-4277-92738;67090;10;8800,71;215,72;802,46;8121,22;Comment 4133
13451;2023-01-26 07:16:23;2020-12-29 12:35:50;2021-11-08 07:58:59;SO72046;23-8510-71623;48526;5;4151,33;187,31;237,03;2659,74;Comment 4134
44414;2023-12-15 12:15:24;2020-05-21 18:19:49;2023-02-06 19:37:11;SO62871;35-6579-94037;97333;15;8252,42;357,57;156,5;12479,2;Comment 4135
59918;2021-12-16 04:44:27;2021-02-17 19:43:42;2023-03-10 03:47:45;SO98041;51-7541-34141;35177;45;2944,98;394,44;612,63;1498,88;Comment 4136
96000;2021-12-09 01:54:10;2020-05-05 03:44:58;2020-05-24 17:07:49;SO36340;69-1886-36823;28078;27;9868,84;406,5;548,05;10853,01;Comment 4137
66277;2023-01-04 07:29:38;2022-11-25 18:07:33;2022-10-12 15:33:33;SO49018;86-5535-57031;77853;1;658,82;160,8;688,16;19214,32;Comment 4138
12840;2023-08-08 03:52:47;2021-01-06 05:03:11;2020-04-29 12:12:37;SO73384;29-3530-22517;12776;39;8628,19;483,41;694,29;7716,74;Comment 4139
61320;2021-05-13 02:13:45;2022-11-06 13:28:58;2020-09-06 11:16:14;SO18968;40-5683-25279;74903;12;3235,99;90,11;802,87;5670,74;Comment 4140
51808;2023-08-05 14:48:13;2021-09-01 20:18:12;2023-05-12 23:34:37;SO45613;86-5535-57031;61681;30;2161,54;93,95;214,74;9177,87;Comment 4141
57099;2022-09-06 11:35:21;2020-05-30 10:17:01;2022-02-21 12:58:29;SO98047;51-7541-34141;66162;50;2277,96;284,58;889,06;18426,22;Comment 4142
12897;2021-10-11 09:42:58;2022-03-27 03:06:50;2020-08-24 15:38:33;SO31230;61-5244-70735;91101;46;5219,79;248,17;377,78;13881,51;Comment 4143
96227;2023-01-22 07:30:59;2020-05-25 04:16:52;2022-11-27 18:08:09;SO45748;78-5267-32468;66423;45;4447,39;130,65;235,79;8992,16;Comment 4144
19693;2022-05-18 18:22:14;2020-07-09 12:35:12;2020-12-27 11:51:01;SO43065;98-8354-24626;48513;12;9890,45;183,94;753,44;4900,08;Comment 4145
33438;2021-09-22 10:23:48;2022-03-07 06:35:19;2022-12-25 13:18:09;SO53507;96-7105-64379;19956;20;846,07;147,7;978,66;5254,13;Comment 4146
94849;2021-01-20 16:18:07;2023-07-03 10:45:05;2020-05-11 22:31:25;SO90734;84-7460-34357;90710;3;2128,68;348,85;362,76;9163,98;Comment 4147
94683;2020-05-25 06:09:53;2020-05-06 10:00:06;2022-10-05 04:04:22;SO67976;74-3185-84739;90017;33;2751,1;482,33;741,2;10367,21;Comment 4148
16235;2022-04-12 12:28:11;2023-10-19 08:13:53;2022-12-24 20:50:11;SO60439;51-7602-22642;81379;44;3192,16;282,49;72,31;15486,51;Comment 4149
55473;2020-01-06 09:00:20;2022-05-04 09:49:18;2023-05-11 12:01:34;SO67015;51-7541-34141;20566;45;4179,28;211,05;902,59;3592,13;Comment 4150
25665;2022-03-16 02:58:42;2020-11-13 02:56:59;2021-02-14 00:55:53;SO49048;48-2823-67639;35328;29;5592,3;236,16;632,2;15830,25;Comment 4151
50691;2022-11-19 03:06:20;2023-10-13 21:39:34;2021-06-06 23:40:53;SO35287;84-7460-34357;10886;35;2663,59;152,64;686,27;5702,36;Comment 4152
44010;2022-01-20 10:00:04;2023-05-03 15:02:08;2023-10-10 01:24:56;SO47582;69-8859-80035;39159;5;3336,82;45,98;963,1;2606,52;Comment 4153
65604;2022-03-27 09:44:28;2023-01-21 16:14:26;2020-08-03 06:22:25;SO29363;17-6178-77430;68146;43;4521,41;284,44;15,09;8372,2;Comment 4154
50056;2022-04-17 22:34:03;2022-12-18 04:55:21;2022-03-04 22:53:31;SO98508;81-3143-56523;75188;44;8684,87;259,08;115,59;9663,82;Comment 4155
65538;2020-11-23 18:46:16;2023-04-05 09:15:07;2021-09-13 18:10:47;SO81174;84-8862-18518;50738;31;2764,78;126,91;321,07;14003,51;Comment 4156
85142;2020-07-19 14:34:35;2020-12-25 08:26:27;2023-10-13 01:18:22;SO17297;30-1489-79011;77917;32;2210;119,24;562,27;8602,38;Comment 4157
14341;2022-02-22 16:47:34;2021-09-02 20:20:19;2023-02-25 20:22:10;SO12633;23-8510-71623;34366;23;9346,16;228,23;54,78;18545,13;Comment 4158
57350;2021-05-19 15:47:34;2020-05-14 22:10:43;2021-07-27 06:03:01;SO42951;96-7105-64379;84148;47;4953,91;499,38;222,78;13763,34;Comment 4159
23252;2022-02-22 15:32:36;2022-07-10 10:27:40;2023-04-16 06:20:09;SO68159;40-5683-25279;51666;29;865,11;227,79;812,86;16091,09;Comment 4160
94084;2021-03-26 14:21:50;2023-09-14 03:11:29;2021-07-06 03:48:51;SO65046;75-3751-62094;25420;17;9090,03;298,84;683,41;1682,64;Comment 4161
59979;2020-03-20 13:48:46;2023-10-07 14:34:25;2023-02-15 01:33:46;SO90133;81-3143-56523;88290;35;9950,85;490,26;904,08;12055,17;Comment 4162
69438;2020-03-22 07:01:34;2023-12-21 20:43:53;2023-03-22 08:26:59;SO41466;33-1973-80101;60877;11;4376,32;483,04;466,82;16124,58;Comment 4163
35368;2022-03-08 12:04:33;2022-01-31 21:31:50;2021-02-20 09:37:46;SO26690;29-3530-22517;87226;25;5481,75;340,44;502,03;269,79;Comment 4164
10841;2021-05-28 17:05:06;2023-06-05 06:04:33;2023-03-13 09:44:41;SO50959;96-7105-64379;65970;29;6408,3;357,9;949,81;1215,41;Comment 4165
24063;2023-04-23 02:56:13;2023-08-06 08:24:08;2023-11-01 12:58:43;SO42705;84-8862-18518;56900;4;5568;65,35;616,11;2826,13;Comment 4166
22021;2023-01-08 05:21:40;2023-09-16 21:22:52;2021-10-10 06:33:42;SO55913;57-9057-83653;81265;49;9763,87;399,13;96,95;3661,28;Comment 4167
16613;2023-04-15 00:56:45;2023-09-07 04:31:00;2020-02-27 16:56:09;SO68953;48-2823-67639;42641;24;3512,09;24,09;417,57;1020,7;Comment 4168
19282;2021-06-06 20:33:17;2020-09-04 18:03:09;2020-01-27 14:21:46;SO67783;69-8859-80035;92693;1;2054,18;42,83;861,78;14406,87;Comment 4169
35087;2023-06-16 19:10:12;2021-12-29 22:31:23;2020-06-23 06:37:30;SO84745;49-7039-68376;91142;1;9335,64;201,41;533,07;5010,95;Comment 4170
58822;2022-05-15 00:13:01;2021-04-25 04:09:19;2020-05-21 19:03:17;SO81244;63-4608-21366;83959;49;5350,68;185,36;936,53;1742,83;Comment 4171
18530;2023-02-09 19:56:03;2020-05-23 16:38:24;2021-03-31 02:01:03;SO78268;30-1489-79011;71306;40;5059,97;47,58;683,52;10778,56;Comment 4172
31163;2021-11-26 01:03:41;2022-03-06 23:34:19;2023-06-27 18:35:45;SO68537;63-4608-21366;34254;14;7495,9;191,11;562,22;3947,74;Comment 4173
36112;2021-10-13 17:09:35;2022-09-30 03:57:49;2020-08-20 11:01:14;SO54695;71-9532-69420;57638;25;4142,39;116,7;638,85;2646,8;Comment 4174
62850;2023-05-11 18:04:20;2022-01-15 02:53:25;2023-11-09 23:07:39;SO24649;97-9859-86247;82829;1;5467,77;227,11;831,11;19992,22;Comment 4175
57789;2021-06-02 04:41:33;2023-12-14 18:07:12;2021-08-30 11:39:32;SO36397;84-7460-34357;60241;32;4010,15;414,77;305;5438,99;Comment 4176
25172;2020-08-23 03:39:05;2022-07-21 09:33:35;2020-04-07 16:41:24;SO65148;84-8862-18518;85644;43;7962,64;251,45;555,5;6917,2;Comment 4177
18937;2023-03-04 13:06:13;2022-01-02 16:41:53;2022-07-19 04:37:56;SO61755;92-2389-56247;83949;50;2412,11;115,95;186,82;12354,27;Comment 4178
80249;2022-05-30 00:51:51;2022-10-28 16:04:24;2022-01-15 16:27:19;SO18976;63-4608-21366;96780;1;3011,25;320,1;775,27;12946,69;Comment 4179
47471;2022-09-05 07:15:29;2021-12-06 22:25:51;2022-02-27 00:25:42;SO63029;51-7541-34141;97380;10;8970,65;69,31;492,64;18640,58;Comment 4180
70462;2021-03-31 09:14:32;2023-03-26 13:36:43;2023-05-16 18:23:40;SO55149;30-1489-79011;64813;49;7306,86;101,36;444,12;8507,58;Comment 4181
67878;2023-03-24 05:25:18;2022-12-07 19:48:07;2021-10-05 22:12:54;SO37104;24-7081-87522;23156;11;9318,02;455,87;574,13;14242,43;Comment 4182
31274;2022-12-11 16:21:17;2022-11-21 13:47:12;2022-02-28 23:39:21;SO11448;28-4123-84663;75154;4;3351,1;359,38;904,73;11387,18;Comment 4183
33095;2020-11-26 20:58:08;2021-01-26 22:30:10;2020-12-15 16:49:17;SO93464;78-5514-83427;79679;35;1542,54;160,3;747,48;13525,03;Comment 4184
61789;2023-11-25 21:51:13;2023-05-11 23:16:09;2020-12-30 16:48:40;SO81822;84-8862-18518;62193;15;2745,57;417,62;444,47;11103,93;Comment 4185
64896;2020-12-16 04:47:52;2022-12-17 20:06:12;2023-07-24 19:12:45;SO87155;75-7092-97988;71147;32;8992,75;49,46;372,03;6032,85;Comment 4186
93026;2021-06-20 06:27:56;2021-01-30 10:28:02;2023-05-09 00:48:55;SO75351;81-3143-56523;27826;29;7946,14;335,6;574,73;3470,81;Comment 4187
51726;2020-06-11 01:35:28;2020-10-26 18:17:21;2022-07-28 06:55:38;SO85647;72-3440-90827;50962;10;3463,56;344,58;623,07;11568,47;Comment 4188
56610;2023-05-08 03:06:13;2023-10-05 06:41:48;2023-09-23 07:30:09;SO28917;33-1973-80101;32965;14;1599,42;166,56;733,62;17254,57;Comment 4189
74276;2021-04-05 17:18:59;2022-06-13 12:52:18;2022-08-04 03:50:36;SO75338;17-6178-77430;81493;46;661,62;247,52;111,75;10663,77;Comment 4190
77239;2021-12-15 16:20:40;2022-06-06 14:26:09;2023-10-20 13:50:48;SO55107;74-3185-84739;58186;35;1510,87;392,91;950,89;6479,9;Comment 4191
56153;2021-04-17 15:03:02;2022-04-17 19:03:57;2021-06-25 05:09:19;SO17982;74-2176-61667;11449;12;332,26;153,83;902,95;256,42;Comment 4192
19282;2022-06-22 03:19:37;2023-05-10 11:42:20;2022-01-01 02:41:50;SO71922;50-5389-75591;12077;34;4079,39;48,72;509,25;5528,03;Comment 4193
72455;2023-11-17 08:50:14;2023-11-20 02:27:03;2020-12-27 15:41:47;SO90032;84-8862-18518;70824;37;6438,51;243,2;825,09;1608,88;Comment 4194
59854;2022-08-12 08:05:24;2020-04-29 20:06:13;2021-12-30 12:36:42;SO59455;69-1886-36823;43661;50;3972,36;381,65;228,62;7346,82;Comment 4195
37887;2022-11-02 05:27:48;2020-12-07 10:13:39;2023-12-07 12:50:16;SO50267;63-4608-21366;49434;5;4765,27;85,66;840,96;7379,51;Comment 4196
52586;2022-07-10 14:42:07;2020-10-23 18:40:41;2023-06-10 19:50:20;SO80012;60-7449-26711;48805;31;1350,92;444,77;687,53;15160,16;Comment 4197
81394;2021-07-08 23:27:20;2022-01-24 18:49:52;2022-06-17 13:33:39;SO38768;40-5683-25279;53907;42;147,69;300,58;495;1475,01;Comment 4198
93043;2021-09-20 20:58:56;2022-06-10 15:36:49;2023-01-27 23:29:14;SO92453;44-6968-96958;43957;21;8273,05;55,33;21,03;4780,35;Comment 4199
15699;2023-09-02 22:39:01;2022-10-20 17:01:05;2021-10-01 07:53:13;SO91573;51-7602-22642;83941;31;3117,61;342,79;810,16;6082,52;Comment 4200
16906;2023-05-24 06:55:43;2020-09-25 10:27:50;2020-01-30 14:10:57;SO67550;30-1489-79011;10389;22;8674,36;137,99;388,6;2754,88;Comment 4201
40648;2020-10-19 18:11:32;2020-03-29 11:31:39;2021-07-25 19:10:08;SO45319;69-8859-80035;25558;19;6539,12;115,57;407,67;9256,17;Comment 4202
10023;2020-08-16 23:34:28;2021-02-13 16:16:33;2022-08-06 13:03:05;SO82161;50-5389-75591;37449;5;7023,08;417,4;361,31;19881;Comment 4203
42160;2020-03-09 09:28:48;2020-08-08 11:16:54;2023-08-07 17:10:00;SO63313;53-9319-74957;94493;30;5263,8;301,16;722,8;11661,29;Comment 4204
38523;2021-08-26 14:21:15;2023-12-17 07:21:24;2023-05-30 06:28:08;SO54637;78-5267-32468;86582;17;438,48;100,01;909,09;4224,97;Comment 4205
91390;2021-05-31 20:21:02;2022-05-28 12:20:32;2023-01-29 06:44:32;SO45344;84-8862-18518;57404;10;7104,93;348,8;906,09;12075,81;Comment 4206
20390;2021-02-21 00:53:51;2022-04-22 08:07:03;2022-12-02 11:57:47;SO69072;48-2823-67639;84697;4;4468,01;375,41;16,64;5163,9;Comment 4207
18447;2020-03-05 19:31:07;2023-02-22 09:58:21;2022-04-14 01:50:31;SO46814;69-8859-80035;38706;49;9349,58;228,34;660,6;1404,19;Comment 4208
42052;2020-09-17 19:21:10;2021-02-13 02:10:11;2021-01-03 09:44:50;SO10254;51-7602-22642;82327;35;161,07;475,17;386,14;18585,32;Comment 4209
16361;2023-10-29 17:59:09;2020-11-17 03:03:44;2021-07-03 16:05:43;SO98715;51-7602-22642;22880;44;3600,17;210,23;436,64;2853,82;Comment 4210
27945;2022-04-28 02:56:43;2023-02-14 08:50:10;2021-06-05 12:40:32;SO44731;51-7602-22642;47275;8;4389,59;272;452,82;19889,63;Comment 4211
67760;2023-10-11 21:29:07;2020-10-01 10:27:16;2023-02-23 11:04:24;SO53735;74-3185-84739;70913;24;3381,29;244,7;6,8;10516,91;Comment 4212
24145;2020-09-23 15:56:33;2022-05-01 19:04:33;2023-07-07 18:44:09;SO92093;23-8510-71623;65550;7;9271,28;413,94;943,52;17691,26;Comment 4213
20479;2023-08-31 23:16:14;2020-11-19 05:41:39;2021-11-14 06:00:02;SO76146;42-3255-58813;90803;20;1287,75;228,94;240,56;1461,63;Comment 4214
15500;2022-11-18 13:22:08;2020-03-24 05:24:09;2021-05-16 14:39:10;SO72265;78-5267-32468;20076;43;543,7;449,63;477,74;13205,17;Comment 4215
39697;2020-11-21 18:59:19;2020-11-18 04:34:40;2022-03-02 12:12:45;SO81352;24-7081-87522;98579;14;5623,11;48,37;90,92;790,52;Comment 4216
23439;2020-06-02 03:19:28;2021-12-01 11:42:29;2022-07-27 19:08:43;SO27372;74-2176-61667;74546;44;2267,99;280,96;149,38;2603;Comment 4217
65339;2022-12-23 18:27:59;2021-09-26 16:09:08;2022-03-11 06:08:35;SO84749;83-7954-63932;54850;30;6635,47;47,13;301,78;1726,09;Comment 4218
58292;2021-10-18 10:11:29;2022-09-13 02:04:33;2021-06-19 20:20:43;SO51111;53-9319-74957;40565;2;7117,78;402,09;960,45;14034,37;Comment 4219
35098;2023-01-28 02:05:36;2020-07-31 00:16:23;2022-10-08 13:10:14;SO95175;63-4608-21366;94175;29;6474,02;403,82;683,11;19618,33;Comment 4220
72249;2022-08-21 04:46:18;2023-11-25 22:26:21;2021-07-31 15:05:07;SO47588;66-2881-24904;27488;21;6405,11;330,29;776,43;6148,93;Comment 4221
75735;2022-09-29 07:35:43;2020-12-24 08:40:11;2021-08-01 09:47:07;SO43199;84-8862-18518;64118;1;4982,22;467,26;275,96;16970,64;Comment 4222
16979;2023-01-31 11:33:23;2023-10-05 17:34:46;2021-07-02 08:52:30;SO55990;53-9319-74957;28258;44;4956,99;29,19;183,67;13963,51;Comment 4223
26820;2020-06-26 17:42:45;2020-10-30 16:32:59;2021-10-08 22:39:22;SO11001;98-8354-24626;78770;50;3901,98;236,97;982,59;16731,98;Comment 4224
36239;2022-07-31 17:29:01;2020-01-23 13:19:05;2023-07-12 01:43:44;SO71978;69-1886-36823;95572;48;6142,78;241,47;401,86;10371,86;Comment 4225
88833;2021-09-22 16:09:18;2023-10-15 00:15:23;2020-05-15 21:34:31;SO10579;85-4116-52037;43333;5;5796,38;298,33;557,68;14464,32;Comment 4226
37949;2020-12-23 07:00:34;2020-06-20 11:09:09;2023-10-16 13:48:53;SO70456;44-6968-96958;37931;16;128,36;374,84;554,66;15749,2;Comment 4227
43703;2020-11-08 10:32:11;2023-11-19 23:58:10;2023-07-30 19:17:37;SO63090;84-7460-34357;62664;13;3511,19;337,29;691,52;4250,17;Comment 4228
59614;2020-12-08 16:33:35;2020-05-03 00:21:47;2021-06-26 11:03:18;SO16540;98-8354-24626;79489;20;2550,02;494,96;389,11;4217,33;Comment 4229
56238;2022-12-22 17:45:59;2020-05-15 17:29:45;2023-04-10 00:01:05;SO13812;78-5514-83427;37177;19;3858,31;166,62;343,26;2425,17;Comment 4230
64745;2021-05-17 11:33:28;2021-06-11 04:26:49;2021-01-21 08:06:54;SO67621;66-2881-24904;13960;4;8319,67;424,55;175,13;5456,41;Comment 4231
27612;2022-05-31 11:24:10;2022-12-30 21:38:02;2021-11-28 10:59:51;SO54835;49-7039-68376;13898;19;6582,34;360;213,89;18934,35;Comment 4232
85073;2020-02-03 20:21:29;2023-03-24 23:19:00;2023-09-24 07:19:15;SO59455;57-9057-83653;98739;31;5293,99;337,88;627;14032,27;Comment 4233
83560;2022-08-07 14:11:23;2021-11-26 17:51:06;2023-04-27 21:43:36;SO96902;72-3440-90827;52646;5;9918,89;418,98;951,84;9833,62;Comment 4234
40161;2020-06-03 22:00:19;2020-08-17 16:19:06;2020-03-01 16:07:06;SO81250;16-3417-49054;61332;9;4810,21;412,09;257,86;19956,18;Comment 4235
46501;2022-06-04 17:16:43;2021-12-16 05:48:07;2021-02-13 16:36:04;SO67230;74-2176-61667;11960;38;7623,32;68,19;773,95;4032,46;Comment 4236
73975;2020-04-01 16:00:39;2022-06-04 06:24:13;2022-01-17 13:37:57;SO13361;66-2881-24904;40414;30;6774,16;152,45;289,35;7327,81;Comment 4237
18386;2023-07-17 22:33:18;2023-01-10 12:50:41;2022-09-04 13:29:29;SO74869;35-6579-94037;25277;46;4244,16;369,29;450,92;3398,36;Comment 4238
26233;2020-01-28 04:26:20;2022-11-25 07:56:06;2022-03-31 14:42:14;SO11848;73-8844-80299;14080;13;3887,7;321,94;544,15;17283,2;Comment 4239
88933;2023-02-13 08:19:07;2022-05-02 17:32:10;2021-04-01 10:46:51;SO27907;23-8510-71623;57359;44;5916,67;26,07;574,08;17109,59;Comment 4240
17651;2020-12-14 12:12:26;2023-04-18 09:16:17;2020-06-09 13:59:23;SO20230;75-7092-97988;47143;38;5070,4;71,85;580,04;5151,9;Comment 4241
44702;2020-06-10 11:18:50;2020-07-09 20:58:47;2020-10-14 13:21:28;SO80564;29-3530-22517;43406;30;2522,93;287,43;321,58;1633,31;Comment 4242
74385;2023-09-19 16:43:46;2022-12-29 06:35:21;2021-06-30 13:33:51;SO48279;49-7039-68376;91423;28;4797,6;474,63;203,58;13891,04;Comment 4243
43744;2020-07-27 23:49:27;2021-07-29 09:11:25;2021-11-23 07:27:20;SO92262;16-3417-49054;81984;42;3086,16;242,61;255,78;793,17;Comment 4244
28328;2023-07-09 01:31:05;2022-10-19 15:27:37;2023-03-03 03:23:51;SO91419;86-5535-57031;11805;11;7676,67;299,66;872,9;15639,79;Comment 4245
22667;2023-02-13 18:00:38;2020-09-20 02:19:43;2021-04-06 21:05:00;SO56661;42-3255-58813;76358;7;9600,12;276,37;680,58;7388,44;Comment 4246
93810;2022-12-13 21:56:01;2020-05-13 21:35:07;2023-08-15 05:55:39;SO13032;42-3255-58813;20910;23;6085,17;188,62;513,58;18565,06;Comment 4247
44057;2021-01-08 13:00:38;2022-08-18 15:50:58;2021-09-08 19:51:26;SO98558;69-1886-36823;66231;43;2786,36;299,1;924,62;4753,21;Comment 4248
88298;2022-08-19 02:51:33;2023-09-11 19:46:21;2020-06-26 00:07:28;SO13810;40-2409-67736;20358;48;7436,38;480,5;672,89;3940,34;Comment 4249
99943;2020-08-03 15:55:04;2020-02-04 20:00:00;2021-01-31 15:33:45;SO77541;73-8844-80299;77876;7;9458,91;169,63;669,93;11596,56;Comment 4250
48497;2020-04-16 09:48:19;2020-05-04 21:48:37;2021-04-03 06:12:27;SO15665;53-9319-74957;40205;28;2097,6;173,22;206,67;16840,81;Comment 4251
30235;2023-04-30 09:42:36;2022-02-07 07:23:12;2022-10-08 20:59:48;SO25735;78-5267-32468;11152;33;2925,6;92,32;399,43;10932,54;Comment 4252
55055;2020-05-27 00:08:33;2020-03-19 10:44:07;2021-05-09 00:44:44;SO57342;22-4444-25264;16452;7;6273,73;480,21;504,82;3781,3;Comment 4253
22961;2021-12-04 14:59:31;2023-12-01 16:06:35;2022-01-11 05:02:04;SO68557;51-7541-34141;38345;4;2560,41;162,64;233,45;17060,28;Comment 4254
28267;2022-11-07 13:06:16;2022-01-19 22:53:04;2023-06-14 06:15:02;SO98252;83-7954-63932;48790;9;7510,88;372,59;654,8;18773,93;Comment 4255
22736;2020-11-20 13:49:49;2020-08-23 05:03:56;2023-12-09 16:28:31;SO77820;35-6579-94037;44097;34;3669,29;286,4;375,16;19816,7;Comment 4256
21100;2020-05-14 16:32:34;2020-05-17 11:33:40;2021-08-12 10:07:39;SO83433;97-9859-86247;51268;5;1847,65;150,88;876,03;6232,83;Comment 4257
74399;2020-10-03 01:35:47;2021-04-01 07:16:36;2023-07-05 22:31:37;SO72687;40-2409-67736;97084;22;7311,53;95,74;642,52;3060,66;Comment 4258
23390;2023-10-28 04:59:14;2021-06-12 10:57:19;2021-06-10 16:51:46;SO76659;24-7081-87522;26229;17;6817,94;66,15;156,65;17822,14;Comment 4259
70103;2022-02-01 01:52:00;2020-03-01 16:06:03;2023-12-05 12:00:40;SO74846;23-8779-93758;74647;14;585,7;112,22;188,36;5185,55;Comment 4260
36238;2022-06-07 12:15:54;2020-08-14 12:19:32;2023-02-01 13:10:38;SO26789;72-3440-90827;34004;39;8631,03;478,69;882,08;5823,85;Comment 4261
47916;2022-04-17 09:24:43;2023-09-10 06:40:26;2020-12-09 10:54:32;SO20549;57-9057-83653;18130;17;5316,44;223,8;885,37;11464,46;Comment 4262
22973;2023-03-14 02:57:08;2022-04-09 20:11:13;2020-12-04 19:18:42;SO33647;72-3440-90827;11934;48;6935,57;433,26;360,71;13510,66;Comment 4263
63336;2022-08-17 05:11:19;2023-08-10 09:54:59;2020-03-27 03:03:07;SO96509;66-4277-92738;81087;25;6611,73;99,62;934,31;13262,89;Comment 4264
36012;2022-01-15 02:54:51;2020-03-24 04:21:13;2023-07-12 23:25:51;SO29368;98-8354-24626;74439;2;5025,37;145,14;841,57;2893,95;Comment 4265
47181;2020-08-05 12:57:17;2023-03-16 18:15:24;2020-04-27 04:53:33;SO47247;84-8862-18518;50806;16;5195,91;297,34;574,48;2103,14;Comment 4266
59696;2021-06-17 23:10:20;2023-12-07 15:31:11;2021-11-09 10:14:43;SO51603;61-5244-70735;51441;4;3528,16;233,51;563,6;2258,4;Comment 4267
63451;2020-08-29 09:39:37;2021-06-15 01:58:17;2020-12-18 08:13:41;SO82151;74-2176-61667;84750;25;769,65;320,87;44,86;7186,31;Comment 4268
44021;2022-08-15 10:52:56;2021-04-29 06:05:23;2022-08-17 01:08:57;SO63307;97-9859-86247;64264;43;7357,86;442,16;695,5;6554,45;Comment 4269
28433;2020-09-04 14:13:16;2020-04-13 03:09:10;2022-02-28 08:41:07;SO89601;16-3417-49054;88164;9;5105,64;379,26;166,69;13493,6;Comment 4270
97180;2022-05-03 19:56:03;2022-05-11 05:38:05;2021-06-06 09:09:03;SO82613;96-7105-64379;53416;19;1452,26;275,01;47,83;12157,81;Comment 4271
56209;2020-10-02 20:22:45;2020-04-24 03:58:07;2022-12-24 00:15:20;SO87709;78-5267-32468;74721;41;449,46;236,92;196,07;18878,07;Comment 4272
75651;2021-03-11 23:36:33;2021-12-18 12:00:59;2022-06-12 04:11:44;SO99457;71-9532-69420;85882;26;6964,47;496,41;533,04;17041,48;Comment 4273
67672;2023-07-12 20:05:04;2022-09-14 11:46:13;2020-01-30 06:18:05;SO62213;69-1886-36823;29466;14;8975,24;223,36;665,84;2386,51;Comment 4274
75051;2023-05-28 04:58:42;2023-11-06 21:07:17;2021-04-10 12:45:27;SO90702;24-7081-87522;24456;2;5693,46;101,54;767,75;4981,53;Comment 4275
98753;2023-09-14 15:21:58;2023-01-15 23:12:27;2023-12-01 06:46:05;SO62080;72-3440-90827;32920;24;1471,73;401,32;705,32;13692,49;Comment 4276
39240;2021-11-26 23:02:27;2023-07-23 01:43:47;2022-12-02 02:12:53;SO68074;35-6579-94037;54997;23;9855,92;58,89;561,4;11355,99;Comment 4277
60439;2021-08-12 20:39:13;2023-07-02 16:21:30;2021-12-10 16:08:02;SO35836;74-2176-61667;45876;10;5152,91;378,71;933,74;9179,57;Comment 4278
89699;2020-05-28 22:23:21;2022-01-06 09:21:45;2023-12-01 07:26:15;SO34248;49-7039-68376;94752;18;2979,19;293,48;867,78;14378,64;Comment 4279
66712;2023-07-21 19:27:39;2020-01-06 12:29:25;2021-07-11 10:48:02;SO86922;66-4277-92738;11692;21;6960,29;201,01;147,09;3228,53;Comment 4280
80525;2020-09-11 01:52:32;2021-02-18 04:25:33;2023-11-30 18:57:19;SO86801;66-2881-24904;95551;28;4976,72;367,78;284,47;11045,19;Comment 4281
51528;2022-10-18 12:48:23;2020-04-28 18:56:01;2021-12-12 03:32:38;SO71037;78-5267-32468;94965;40;6087,71;449,31;360,87;2711,77;Comment 4282
51445;2021-01-17 08:50:47;2023-11-17 20:09:29;2022-09-10 07:42:20;SO75473;51-7602-22642;63720;49;6379,28;65,27;780,98;6406,84;Comment 4283
88843;2021-08-20 08:19:39;2020-07-18 10:27:46;2022-12-15 13:01:01;SO63124;30-1489-79011;11312;14;3034,1;62,78;173,93;12649,06;Comment 4284
37338;2023-04-23 06:14:39;2022-10-18 03:22:15;2021-03-25 08:44:48;SO99145;29-3530-22517;37759;30;1930,41;462,48;349,24;5147,57;Comment 4285
43476;2023-04-04 04:39:46;2022-02-28 11:18:31;2021-06-30 16:32:20;SO42228;75-7092-97988;79149;43;1098,37;45,56;64,49;3881,01;Comment 4286
54813;2020-11-18 13:32:17;2021-08-03 18:11:18;2023-04-12 21:36:04;SO92174;84-8862-18518;88654;47;2010,54;180,86;553,35;6685,48;Comment 4287
34903;2022-02-01 21:35:11;2020-10-07 16:55:06;2020-09-14 21:15:40;SO66028;74-2176-61667;30184;27;2626,52;44,05;284,06;11532,92;Comment 4288
48879;2022-01-26 09:54:26;2022-07-18 01:47:57;2022-03-29 20:19:05;SO29549;30-1489-79011;11194;12;3195,85;30,21;290,16;13662,61;Comment 4289
31365;2020-09-23 07:39:00;2022-07-21 04:22:49;2021-06-16 05:43:02;SO95578;33-1973-80101;91772;43;9406,03;380,02;184,12;11785,12;Comment 4290
34858;2021-03-08 20:08:16;2022-12-15 07:41:51;2020-08-26 04:46:09;SO40283;17-6178-77430;60513;34;1413,58;41,94;59,51;12548,97;Comment 4291
97228;2020-06-21 13:10:13;2022-04-13 06:56:46;2023-09-23 10:34:10;SO31212;72-3440-90827;19124;36;269,34;291,46;242,55;13718,18;Comment 4292
26619;2023-06-18 11:49:43;2023-06-10 16:16:27;2022-04-08 17:37:36;SO65273;22-4444-25264;67252;31;1092,1;84,71;548,37;1961,54;Comment 4293
15176;2023-04-15 06:12:53;2021-03-15 06:39:52;2021-12-07 10:34:04;SO24965;69-1886-36823;86572;42;410,74;358,78;81,64;16701,16;Comment 4294
94442;2020-07-26 10:52:40;2020-04-30 21:36:43;2022-10-21 00:21:18;SO21428;53-9319-74957;51478;26;4891,19;26,02;852,47;13519,36;Comment 4295
43840;2021-04-15 12:05:05;2021-01-03 14:10:13;2023-11-04 07:03:03;SO18169;84-8862-18518;91790;16;5207,28;97,28;9,93;12998,12;Comment 4296
11397;2021-03-28 13:09:15;2020-02-12 18:52:01;2023-12-09 20:32:31;SO37097;40-2409-67736;81772;10;2414,3;369,73;29,77;19244,99;Comment 4297
46005;2022-07-26 16:32:15;2023-06-14 00:02:23;2020-07-08 10:31:24;SO20071;40-2409-67736;95668;1;7849,66;194,37;998,49;4125,38;Comment 4298
17466;2021-08-14 13:51:19;2023-12-13 08:44:59;2023-01-04 08:20:18;SO18848;76-6173-91169;13396;13;9462,87;368,2;158,09;10133,87;Comment 4299
58695;2022-12-28 09:16:29;2020-07-10 05:36:53;2022-10-06 17:44:26;SO76913;40-2409-67736;59157;32;6562,97;73,4;964;15618,47;Comment 4300
90065;2022-04-16 02:27:04;2020-10-15 18:37:54;2022-07-30 15:10:26;SO57448;23-8779-93758;36876;24;7774,71;38,24;100,91;9900,21;Comment 4301
97393;2023-07-14 09:34:04;2023-08-08 15:27:36;2020-07-14 13:30:42;SO77499;53-9319-74957;90609;33;1111,28;229,55;387,24;10896,74;Comment 4302
72285;2023-10-25 14:02:45;2023-06-05 20:41:35;2022-05-11 08:33:54;SO31086;51-7602-22642;48973;50;1661,61;278,37;740,74;6789,11;Comment 4303
55884;2021-01-31 10:04:45;2023-08-19 06:14:39;2021-02-13 15:25:37;SO58556;17-6178-77430;92795;33;1204,55;179,51;700,95;9687,86;Comment 4304
31930;2021-12-30 17:32:59;2021-11-21 19:56:48;2020-09-08 23:28:31;SO51614;66-2881-24904;96341;46;7288,12;135,17;152,08;3819,79;Comment 4305
33059;2020-05-18 10:48:08;2022-10-07 21:22:47;2023-07-25 10:06:18;SO21137;78-5267-32468;92644;2;701,84;204,62;76,53;1571,92;Comment 4306
94449;2023-11-22 04:33:37;2020-01-14 19:45:05;2021-06-03 17:11:55;SO78668;86-5535-57031;23745;29;4420,52;454,08;107,22;9241,03;Comment 4307
74517;2021-09-11 19:26:17;2023-03-15 06:34:04;2022-04-05 07:29:36;SO45118;50-5389-75591;61093;25;9040;223,34;8,71;3905,43;Comment 4308
46078;2021-03-30 21:08:30;2021-10-31 04:51:41;2022-07-07 04:08:46;SO26024;49-7039-68376;92999;48;1995,98;475,63;104,62;14900,36;Comment 4309
10853;2020-05-22 17:05:52;2023-06-29 21:31:43;2023-03-06 01:17:19;SO60259;51-7602-22642;66443;30;9139,16;327,78;182,18;2043,88;Comment 4310
89863;2022-09-21 23:23:50;2023-01-26 16:30:42;2022-03-25 12:02:42;SO64907;78-5267-32468;29977;45;9739,65;299,53;33,55;7984,1;Comment 4311
36837;2022-03-11 00:39:22;2023-02-24 04:42:36;2022-08-26 19:11:08;SO25344;97-9859-86247;62710;38;5215,48;38;166,69;19575,25;Comment 4312
89175;2020-12-12 08:10:20;2021-09-11 14:37:38;2022-07-05 23:16:49;SO48045;97-9859-86247;67228;18;5646,09;18,43;963,47;16080,23;Comment 4313
93199;2023-09-18 04:31:17;2020-10-13 01:48:58;2020-05-03 09:45:37;SO80841;66-4277-92738;88731;31;9003,15;497,91;102,62;2043,89;Comment 4314
17815;2023-04-25 17:57:57;2022-06-21 13:53:13;2021-03-12 11:47:34;SO48723;71-9532-69420;22467;34;3042,29;299,7;247,99;13791,45;Comment 4315
30979;2020-06-26 00:31:58;2021-06-20 11:45:41;2020-04-03 16:04:40;SO47451;85-4116-52037;44546;29;7870,69;215,45;479,85;5378,91;Comment 4316
54900;2023-05-24 07:44:20;2023-11-17 01:39:52;2021-09-19 21:16:28;SO34932;23-8779-93758;38986;42;4036,81;355,67;732,67;5477,1;Comment 4317
41714;2020-12-19 06:42:16;2020-08-12 19:34:53;2021-04-08 15:48:58;SO91949;78-5514-83427;27935;28;8507,71;262,74;817,39;832,79;Comment 4318
16945;2020-02-02 12:13:30;2023-04-07 17:52:14;2020-02-20 17:38:47;SO50478;22-4444-25264;79213;12;3641,05;138,23;950,29;2950,26;Comment 4319
71442;2020-07-08 11:06:23;2021-07-03 17:03:07;2022-03-19 04:25:04;SO99254;92-2389-56247;52433;42;8050,3;387,98;725,1;17298,79;Comment 4320
74244;2020-04-10 00:11:28;2021-09-05 08:29:54;2020-06-26 01:31:23;SO15114;61-5244-70735;68991;15;5834,03;401,23;54,02;8190,21;Comment 4321
14888;2021-01-23 21:03:22;2022-07-22 11:03:19;2020-01-13 15:31:32;SO25560;74-2176-61667;27472;21;1512,53;108,23;228,41;19499,91;Comment 4322
46702;2022-12-28 03:28:03;2022-05-20 21:40:55;2020-05-19 23:10:30;SO16262;40-5683-25279;77213;45;4766,91;221,99;598,52;1506,58;Comment 4323
80778;2020-04-04 07:40:18;2023-11-14 22:34:21;2022-06-02 20:46:55;SO92270;98-8354-24626;96403;22;3847,9;374,76;353,06;15792,38;Comment 4324
91002;2022-08-01 05:09:20;2022-11-15 19:51:03;2020-05-04 13:04:59;SO29939;40-2409-67736;59876;26;2615,33;419,98;906,81;15003,46;Comment 4325
66513;2022-02-01 22:26:11;2023-02-24 01:26:07;2023-09-04 13:58:33;SO11664;50-5389-75591;31065;26;9054,14;278,46;491,39;6378,62;Comment 4326
40732;2020-08-30 01:18:12;2021-09-10 10:32:31;2022-06-02 02:18:20;SO35612;60-7449-26711;29084;2;9648,61;70,42;290,97;14220,39;Comment 4327
97435;2020-06-03 16:36:16;2021-04-14 04:15:06;2021-11-13 06:41:43;SO90658;63-4608-21366;45088;45;779,66;426,07;274,21;3332,54;Comment 4328
77146;2021-12-02 13:13:59;2021-01-13 23:29:59;2023-06-20 03:39:49;SO67219;86-5535-57031;77286;31;2796,92;20,03;652,04;10263,79;Comment 4329
12027;2022-03-11 20:58:25;2020-02-11 06:42:23;2020-03-10 19:58:48;SO71828;48-2823-67639;27839;41;5152,97;103,74;423,6;19038,42;Comment 4330
59268;2020-03-06 00:28:06;2021-06-03 18:47:49;2023-06-21 10:28:40;SO81499;61-5244-70735;51221;49;4436,13;176,38;505,75;12500,36;Comment 4331
34537;2021-06-01 07:25:26;2020-09-26 12:26:22;2021-03-03 01:40:53;SO69515;97-9859-86247;61808;28;8111,42;496,7;872,59;16202,73;Comment 4332
40417;2023-09-04 10:00:49;2022-11-18 03:03:00;2021-01-02 05:45:09;SO60319;74-3185-84739;48331;14;8908,98;495,73;576,29;3337,44;Comment 4333
50944;2023-03-20 04:07:49;2021-02-09 22:52:56;2020-12-25 04:29:58;SO88183;49-7039-68376;57937;5;8845,8;393,54;286,6;470,03;Comment 4334
38505;2022-07-15 17:44:52;2020-12-04 12:08:46;2020-07-27 22:16:10;SO15694;78-5267-32468;38384;43;1208,22;18;461,69;3850,32;Comment 4335
92380;2023-11-29 18:26:30;2023-11-12 18:55:05;2023-10-14 21:31:34;SO90059;84-7460-34357;60414;35;7149,66;326,15;502,77;3829,89;Comment 4336
71570;2022-12-04 21:49:06;2021-04-30 13:42:49;2022-05-16 07:19:29;SO11138;35-6579-94037;86664;31;6868,49;289,24;734,42;1103,37;Comment 4337
23544;2023-03-27 19:14:24;2020-05-16 09:48:26;2023-11-02 23:24:20;SO82127;75-3751-62094;10304;35;9788,73;428,71;125,34;17438,51;Comment 4338
74728;2020-11-06 20:12:57;2023-02-16 10:23:59;2023-07-23 17:36:42;SO69669;98-8354-24626;83437;18;7098,83;92,7;500,74;6585,97;Comment 4339
25061;2021-01-05 06:30:59;2021-05-01 21:38:05;2021-08-13 11:01:36;SO25235;44-6968-96958;42265;24;594,88;48,47;554,9;12436,95;Comment 4340
16206;2022-09-16 08:28:14;2022-12-18 06:07:35;2022-08-10 20:41:31;SO94499;61-5244-70735;78454;39;6225,01;484,66;434,59;18644,63;Comment 4341
29266;2020-09-25 15:44:28;2021-07-12 21:46:21;2022-06-23 16:36:11;SO89213;69-1886-36823;81296;40;9424,64;326,84;916,18;6896,16;Comment 4342
55797;2021-05-02 06:52:05;2023-06-19 02:35:37;2022-09-06 20:13:10;SO25470;75-3751-62094;41171;13;7179,06;317,27;845,77;796,32;Comment 4343
77617;2021-05-13 07:46:56;2022-04-04 19:14:42;2022-08-01 22:00:56;SO59235;17-6178-77430;83918;45;4309,89;330,28;217,96;3329,49;Comment 4344
81820;2022-08-20 17:06:26;2020-06-01 14:35:06;2021-12-05 08:37:59;SO58563;44-6968-96958;51161;16;169,16;396,79;780,7;9457,67;Comment 4345
10848;2023-10-01 19:46:51;2020-06-23 19:54:56;2023-10-06 22:53:17;SO77863;60-7449-26711;67429;17;5431,13;408,87;354,23;19489,67;Comment 4346
94548;2021-10-19 06:57:52;2020-03-11 02:26:31;2020-07-19 06:43:40;SO50861;66-4277-92738;96710;8;7026,34;444,91;829,74;4105,83;Comment 4347
39560;2023-01-31 07:33:49;2022-03-14 02:44:10;2023-07-03 22:01:46;SO82643;29-3530-22517;72086;24;7421,5;65,01;19,1;6252,82;Comment 4348
43602;2020-09-20 21:44:27;2021-07-29 04:39:45;2021-05-11 15:40:10;SO65379;81-3143-56523;47925;24;638,09;142,17;918,54;10531,42;Comment 4349
48583;2023-08-15 14:35:52;2020-11-24 11:41:04;2020-10-10 06:11:46;SO30239;51-7602-22642;44005;22;4944,32;481,35;996,84;2633,43;Comment 4350
12456;2020-01-06 02:41:23;2021-07-25 20:02:37;2022-05-03 13:44:50;SO96516;69-8859-80035;16215;19;1981,97;350,35;278,9;1410,53;Comment 4351
62658;2021-04-09 17:38:15;2021-08-25 01:55:33;2023-05-18 02:31:26;SO23422;76-6173-91169;63626;22;3959,98;318,02;181,68;2288,69;Comment 4352
13210;2023-09-18 15:08:52;2020-12-04 15:34:30;2023-07-09 19:54:48;SO24991;33-1973-80101;71787;8;3011,4;148,19;798,2;2024,2;Comment 4353
66793;2023-04-03 13:32:03;2021-06-21 14:20:59;2020-09-11 18:55:16;SO63164;16-3417-49054;15979;26;6519,38;156,55;839,33;10107,68;Comment 4354
42747;2020-01-02 15:34:43;2021-12-15 19:34:46;2023-02-22 12:57:55;SO87604;66-2881-24904;18097;29;7905,95;227,45;952,67;17083,56;Comment 4355
21111;2020-06-28 17:54:50;2020-06-26 20:43:49;2023-12-01 07:07:05;SO46814;85-4116-52037;59829;30;1315,2;73,29;29,17;7352,29;Comment 4356
38267;2023-05-03 11:35:08;2023-02-22 23:33:59;2021-12-16 07:36:52;SO40097;44-6968-96958;30671;13;520,32;228,64;401,02;10865,38;Comment 4357
45643;2023-01-09 10:54:40;2022-04-24 04:41:04;2022-11-11 12:39:28;SO52346;75-7092-97988;75184;40;6190,87;479,33;509,5;12924,9;Comment 4358
46388;2022-07-17 02:14:18;2020-03-15 15:19:31;2020-10-10 04:57:05;SO15304;72-3440-90827;84040;18;1405,08;377,71;183,65;1066,43;Comment 4359
45632;2020-07-22 02:42:36;2022-04-07 00:47:00;2020-01-24 21:43:04;SO68872;75-3751-62094;76870;14;7975,73;99,93;465,28;449,63;Comment 4360
84487;2020-09-26 03:05:58;2023-01-17 12:37:43;2022-01-30 02:04:10;SO75775;28-6393-31125;36383;35;5991,58;28;335,93;9406,06;Comment 4361
47225;2023-10-06 09:34:42;2022-10-20 15:39:28;2023-02-05 19:37:38;SO11112;48-2823-67639;37612;42;1777,24;382,5;685,67;7321,17;Comment 4362
48061;2021-09-26 16:11:18;2020-11-06 12:23:00;2022-11-09 05:44:05;SO90724;57-9057-83653;79920;6;6710,38;270,02;331,15;4069,04;Comment 4363
42715;2021-03-22 04:06:59;2022-07-14 23:59:13;2023-12-16 17:45:25;SO19796;75-3751-62094;11477;7;3293,23;166,95;280,53;4069,46;Comment 4364
41905;2022-01-09 16:24:41;2023-08-24 19:46:15;2023-07-26 01:49:33;SO71958;76-6173-91169;27884;4;3351,76;242,93;703,31;16611,87;Comment 4365
92370;2023-12-02 21:18:04;2020-08-11 18:14:59;2022-10-10 10:24:13;SO61338;33-1973-80101;27217;25;4796,87;262,92;300,55;13254,29;Comment 4366
42263;2020-01-07 21:30:12;2023-04-04 01:18:28;2022-09-21 09:48:09;SO10915;33-1973-80101;39259;15;1816,38;54,06;167,34;2241,31;Comment 4367
25110;2020-01-14 06:51:14;2022-10-31 03:18:14;2022-09-29 16:00:48;SO10560;96-7105-64379;42073;27;8270,98;119,82;740,18;3736,61;Comment 4368
43948;2023-09-02 23:43:44;2020-12-19 01:43:35;2021-05-07 12:53:21;SO55645;92-2389-56247;61652;24;2602,4;185,03;72,14;18816,54;Comment 4369
40286;2021-03-09 23:00:22;2020-01-06 23:51:46;2022-06-18 11:39:18;SO47334;74-3185-84739;18274;40;3011,98;104,51;834,21;3537,54;Comment 4370
83432;2023-06-30 22:06:28;2020-09-18 02:09:18;2022-10-30 02:31:18;SO82406;71-9532-69420;76539;6;1992,84;248,42;903,2;3923,04;Comment 4371
66999;2023-08-02 19:41:50;2022-10-09 12:05:55;2022-08-23 17:32:59;SO24804;42-3255-58813;61133;22;3518,32;181,83;757,54;17964,44;Comment 4372
11793;2021-08-30 07:18:04;2021-06-15 21:14:27;2021-06-05 00:05:14;SO56979;74-2176-61667;27174;18;5329,67;452,13;341,14;8018,1;Comment 4373
66209;2020-02-02 20:09:52;2021-06-01 08:55:54;2022-01-08 04:46:16;SO41723;35-6579-94037;26930;21;396,25;287,35;69,79;3954,09;Comment 4374
86285;2023-04-03 10:15:40;2023-10-18 04:22:04;2022-07-14 16:52:09;SO74388;17-6178-77430;85435;47;9694,22;210,31;458,46;10849,06;Comment 4375
17418;2021-10-09 18:46:16;2021-11-14 05:40:02;2020-07-02 06:16:25;SO88128;75-7092-97988;20828;9;3819,16;151,31;335,4;3543,17;Comment 4376
12976;2023-11-14 19:32:47;2023-11-10 10:21:55;2022-12-04 03:45:21;SO25480;63-4608-21366;10464;41;1232,36;50,11;786,81;14050,94;Comment 4377
21203;2022-05-28 12:58:42;2023-01-10 01:32:41;2021-04-25 02:35:35;SO62280;51-7602-22642;97940;21;3128,86;332,7;318,58;9696,31;Comment 4378
56486;2021-09-02 06:31:35;2023-01-05 09:19:04;2021-02-25 16:02:58;SO13943;29-3530-22517;76775;34;8684,05;258,6;198,34;11222,85;Comment 4379
95726;2022-02-05 17:06:38;2022-04-26 05:01:17;2020-12-13 11:05:28;SO51050;76-6173-91169;90391;23;5728,37;285,71;939,43;1528,79;Comment 4380
37711;2021-03-29 21:08:25;2023-08-13 18:07:13;2021-01-17 21:51:21;SO81821;28-4123-84663;62548;48;5223,18;23,26;449,15;12255,66;Comment 4381
85550;2020-12-06 19:06:07;2020-08-28 06:02:41;2022-04-30 23:30:24;SO34314;40-2409-67736;24113;36;6726,33;260,7;844,53;4537,1;Comment 4382
29764;2020-02-16 09:40:26;2023-04-19 18:24:30;2022-02-18 06:11:20;SO64149;84-8862-18518;67520;15;1054,07;17,68;780,85;6110,62;Comment 4383
14175;2021-12-03 09:47:03;2022-03-16 09:07:08;2020-07-02 14:32:03;SO39127;51-7541-34141;21273;50;8450,35;398,77;998,45;7233,65;Comment 4384
24905;2020-10-16 01:46:25;2022-09-15 15:41:21;2021-06-05 02:31:01;SO96021;33-1973-80101;75853;33;5478,53;292,7;436,94;10665,19;Comment 4385
63168;2023-07-10 22:25:58;2021-04-08 09:39:04;2020-01-04 01:01:05;SO34219;30-1489-79011;72749;25;4560,82;252,33;6,06;7028,84;Comment 4386
50615;2021-09-26 08:25:47;2022-06-28 06:55:17;2023-08-25 23:50:59;SO41981;30-1489-79011;38682;35;1685,33;127,7;460,09;8930,92;Comment 4387
46033;2021-07-30 15:09:40;2020-07-24 05:06:22;2022-07-27 00:11:11;SO61891;49-7039-68376;35129;1;9753,06;252,81;320,19;17080,31;Comment 4388
95608;2021-01-03 08:29:02;2021-01-19 18:07:51;2022-02-05 11:03:38;SO21798;75-3751-62094;48059;23;3424,67;72,46;104,51;12642,99;Comment 4389
60825;2023-04-26 21:51:47;2023-07-22 00:16:39;2022-04-15 03:18:30;SO44735;84-8862-18518;72980;22;8243,41;432,23;315,99;9957,93;Comment 4390
29922;2020-01-03 11:23:52;2023-09-22 09:59:57;2022-02-16 14:35:12;SO39435;23-8510-71623;16797;35;8232,73;148,78;182,29;2309,73;Comment 4391
24163;2021-07-21 16:34:21;2020-09-18 19:01:34;2021-06-21 21:48:06;SO36289;33-1973-80101;31455;12;5393,95;313,14;80,94;18584,45;Comment 4392
75752;2020-05-20 06:03:55;2022-01-13 16:58:25;2021-12-11 12:00:00;SO85169;23-8510-71623;74204;42;9835,95;338,78;88,36;5080,64;Comment 4393
22831;2022-08-25 10:06:47;2022-05-04 02:08:21;2020-11-28 15:36:50;SO50796;53-9319-74957;43567;37;3879,18;247,19;21,33;10828,47;Comment 4394
27503;2023-06-14 19:22:56;2023-11-17 14:23:13;2020-09-14 11:04:24;SO99492;73-8844-80299;49244;45;8370,4;382,35;532,04;4372,33;Comment 4395
23581;2021-03-18 22:32:56;2020-01-30 07:12:34;2020-04-26 13:17:48;SO85437;81-3143-56523;21345;28;3389,74;44,62;51,64;17682,12;Comment 4396
40770;2023-10-10 23:50:50;2021-01-02 12:12:57;2020-10-16 08:56:13;SO86689;61-5244-70735;45912;16;5436,03;352,04;857,28;1548,98;Comment 4397
56720;2021-03-11 20:49:18;2020-01-08 03:34:55;2020-01-01 20:40:14;SO86109;24-7081-87522;62085;30;1353,98;83,31;337,22;9606,34;Comment 4398
63207;2022-10-04 03:11:14;2022-11-14 13:44:06;2020-10-22 19:42:13;SO47578;16-3417-49054;53302;33;7749,66;294,01;963,55;16714,68;Comment 4399
66841;2023-05-26 00:09:35;2022-06-24 05:20:41;2021-04-02 17:39:50;SO33133;44-6968-96958;74914;41;1060,4;320,1;583,71;5648,21;Comment 4400
66141;2020-03-05 03:46:16;2021-12-10 08:19:14;2022-12-22 03:12:31;SO87004;30-1489-79011;77946;38;3720,77;127,86;785,73;14261,46;Comment 4401
19583;2023-05-09 02:22:32;2020-12-30 20:46:12;2023-05-21 02:20:47;SO54903;84-7460-34357;82630;48;9107,29;228,14;689,18;9087,34;Comment 4402
70340;2023-10-20 05:10:57;2020-06-03 13:19:24;2022-08-23 14:20:25;SO31958;40-5683-25279;94421;48;9526,82;418,3;188,21;19658,99;Comment 4403
48686;2020-07-24 16:49:55;2020-03-13 07:02:27;2021-09-22 16:47:42;SO74451;74-3185-84739;54801;9;5841,39;165,18;137,18;6369,68;Comment 4404
58762;2022-07-12 01:58:47;2022-05-04 20:44:00;2020-03-17 04:40:51;SO85655;33-1973-80101;58215;3;3920,75;19,61;347,54;17349,01;Comment 4405
63112;2021-03-20 17:47:58;2023-02-14 06:45:30;2021-04-18 17:23:10;SO86780;61-5244-70735;27527;42;2775,05;208,71;942,37;1896,56;Comment 4406
84787;2021-03-24 06:44:57;2023-07-13 04:46:08;2021-12-07 06:46:00;SO23065;60-7449-26711;52138;22;5330,63;201,29;963,14;15350,45;Comment 4407
39672;2021-04-08 16:17:24;2023-08-04 06:02:03;2023-10-21 11:30:47;SO32886;61-5244-70735;20867;32;8443,6;26,99;425,52;17889,44;Comment 4408
58348;2023-05-01 09:51:34;2020-07-26 12:55:04;2021-06-09 12:13:37;SO36715;60-7449-26711;69019;40;6411,12;38,77;600,07;3607,42;Comment 4409
95329;2020-02-19 14:29:07;2021-02-22 21:12:56;2022-07-29 11:42:21;SO21348;61-5244-70735;59805;44;6005,93;98,68;581,63;14392,85;Comment 4410
45429;2022-06-25 21:57:32;2021-11-21 11:15:13;2021-12-31 13:13:57;SO33399;51-7541-34141;11450;16;6481,67;209,51;565,18;19635,01;Comment 4411
91067;2022-10-22 19:06:41;2020-05-06 21:38:25;2020-10-12 01:21:18;SO82296;72-3440-90827;91968;27;8022,89;189,94;212,76;19615,91;Comment 4412
14309;2022-09-23 19:08:21;2022-01-09 05:59:49;2021-03-28 09:22:31;SO19341;30-1489-79011;56717;2;2523,22;33,53;501,26;19475,8;Comment 4413
50486;2021-11-11 04:01:25;2020-03-07 06:56:53;2023-06-14 18:28:16;SO45050;48-2823-67639;63844;40;5809,73;222,97;858,18;15829,8;Comment 4414
18291;2021-08-07 16:58:25;2023-08-15 11:21:08;2020-02-19 03:34:54;SO83886;63-4608-21366;86498;25;2191,39;13,14;887,84;19760,88;Comment 4415
60530;2023-12-25 20:24:25;2021-12-23 21:04:36;2022-05-24 03:40:20;SO18440;16-3417-49054;51949;34;2071,88;320,98;92,23;5832,29;Comment 4416
19003;2022-10-22 20:25:02;2020-04-28 08:06:10;2021-07-06 21:49:26;SO12712;51-7541-34141;42103;45;5999,32;165,44;652,47;14649,81;Comment 4417
90281;2021-09-25 17:17:31;2023-03-07 11:58:47;2022-03-04 23:53:51;SO21160;28-6393-31125;72981;18;9455,03;166,15;560,89;2589,5;Comment 4418
83900;2022-04-22 19:42:34;2023-10-03 15:44:35;2021-11-19 05:18:52;SO41909;40-2409-67736;57928;25;7467,93;145,15;848,38;1825,56;Comment 4419
57942;2021-01-31 23:24:16;2021-05-14 21:17:07;2022-02-12 10:28:58;SO74410;66-4277-92738;71251;32;7044,8;460,52;207,24;8501,39;Comment 4420
55247;2023-04-17 15:09:16;2020-10-05 08:18:29;2020-03-03 11:11:28;SO64287;92-2389-56247;44600;1;8456,1;362,56;53,97;10004,71;Comment 4421
44233;2022-09-01 23:27:14;2023-04-11 02:13:34;2020-07-29 21:32:33;SO34920;44-6968-96958;20030;31;5243,14;63,98;278,01;17169,63;Comment 4422
37265;2023-09-25 06:02:42;2023-02-11 10:41:31;2020-01-18 05:55:25;SO27402;44-6968-96958;47521;16;9196,09;427,36;835,39;11160,18;Comment 4423
85808;2023-11-18 08:13:26;2020-05-17 17:22:33;2021-11-08 22:59:23;SO56585;30-1489-79011;98567;3;8146,25;117,07;179,92;8667,36;Comment 4424
36344;2023-11-13 01:19:50;2022-01-17 22:06:24;2020-04-28 11:37:08;SO76998;72-3440-90827;83345;23;322,81;295,61;65,03;13715,57;Comment 4425
18211;2023-12-29 00:27:38;2020-09-11 06:00:44;2020-02-12 03:50:47;SO76173;44-6968-96958;67001;21;7712,66;471,1;721,82;7824,54;Comment 4426
40645;2023-08-25 08:08:15;2021-05-22 05:20:06;2020-03-25 02:10:03;SO24289;57-9057-83653;77971;14;5342,5;346,96;377,36;17345,4;Comment 4427
51586;2021-05-14 22:17:56;2020-04-07 17:26:10;2022-02-09 14:43:12;SO30044;96-7105-64379;97938;39;8718,1;316,87;121,51;5018,16;Comment 4428
63548;2021-03-23 19:15:25;2023-07-27 09:42:22;2022-10-03 10:29:04;SO96801;78-5514-83427;55358;23;5550,53;54,93;517,89;6799,72;Comment 4429
79451;2023-12-13 21:50:16;2022-09-23 11:28:08;2023-05-13 11:31:38;SO77191;98-8354-24626;12741;5;1865,16;493,61;713,26;724,39;Comment 4430
59675;2021-04-28 09:30:33;2023-09-22 10:22:32;2022-08-29 16:07:13;SO86766;78-5267-32468;24403;24;9740,09;318,78;272,52;17508,12;Comment 4431
96656;2023-05-11 12:52:04;2020-12-09 09:08:04;2023-06-30 19:54:29;SO41627;98-8354-24626;64332;24;9794,57;245,68;785,82;18100,98;Comment 4432
60173;2023-06-06 20:50:19;2021-06-15 06:02:24;2023-01-31 12:08:21;SO60185;23-8779-93758;39467;5;3320,49;18,74;641,06;19179,65;Comment 4433
56618;2021-05-14 18:44:49;2022-12-05 18:33:39;2023-07-17 09:19:22;SO70007;78-5514-83427;32146;49;8308,62;41,23;810,06;12284,26;Comment 4434
51454;2020-07-17 13:05:04;2023-07-13 23:06:44;2020-03-16 15:03:16;SO22889;23-8510-71623;62696;43;5997,86;431,96;253,94;12273,75;Comment 4435
46209;2023-08-31 01:58:40;2021-04-26 15:28:42;2022-12-22 06:23:43;SO44569;76-6173-91169;42172;12;2238,06;457,05;462,02;10671,42;Comment 4436
25704;2021-08-11 02:13:07;2020-05-10 08:28:52;2020-01-14 17:06:25;SO30918;23-8779-93758;22637;4;6801,04;103,85;630,92;5049,39;Comment 4437
24568;2023-04-21 22:52:24;2020-05-25 22:30:23;2021-09-26 22:01:06;SO60842;17-6178-77430;55973;48;1553,65;306,57;508,74;19219,77;Comment 4438
87658;2023-11-07 23:21:51;2023-05-06 22:50:54;2020-02-23 11:39:11;SO32487;76-6173-91169;23631;36;2984,34;235,08;168,48;10963,49;Comment 4439
16221;2021-10-21 03:14:52;2022-02-14 08:30:20;2021-10-12 11:16:02;SO85545;60-7449-26711;35339;40;1800,72;373,17;601,06;4637,79;Comment 4440
37696;2020-05-07 10:09:49;2020-11-14 23:26:23;2021-04-25 03:33:45;SO69500;51-7541-34141;30363;43;2024,03;423;640,64;8015,54;Comment 4441
96015;2021-07-20 10:15:50;2023-12-06 19:16:13;2020-07-06 08:29:35;SO60111;17-6178-77430;49131;4;9656,87;365,23;667,32;8428,77;Comment 4442
82601;2022-06-10 15:45:50;2020-06-09 18:36:31;2022-03-31 02:40:14;SO87977;33-1973-80101;72212;5;9284,49;117,34;940,61;9119,28;Comment 4443
66848;2021-05-02 21:12:25;2022-11-15 11:13:37;2023-10-12 03:16:23;SO69652;51-7602-22642;55100;49;7641,38;22,51;455,74;14711,38;Comment 4444
30667;2022-09-01 12:18:04;2020-05-23 08:37:50;2021-02-07 18:53:30;SO83811;63-4608-21366;12589;9;9351,77;95,9;237,17;14994,99;Comment 4445
66713;2022-12-07 11:51:36;2020-12-21 15:14:57;2021-01-09 22:14:50;SO89358;61-5244-70735;31814;15;6102,71;218,69;609,13;1638,12;Comment 4446
66509;2020-10-30 19:41:23;2022-10-02 04:43:55;2021-08-20 00:08:13;SO66580;16-3417-49054;75111;9;5507,28;136,14;686,11;7585,35;Comment 4447
27668;2023-06-12 10:31:08;2023-07-22 23:46:30;2023-01-20 22:28:48;SO76466;40-5683-25279;49684;31;7254,01;346,42;182,18;12341,36;Comment 4448
59772;2023-02-26 14:26:25;2020-07-21 14:50:13;2021-08-12 13:58:28;SO28140;78-5514-83427;46980;3;3193,03;302,97;510,44;10994,99;Comment 4449
58334;2023-04-06 01:54:16;2021-01-31 21:07:32;2022-07-31 23:50:18;SO69958;78-5514-83427;29821;49;7322,92;22,56;365,51;19212,81;Comment 4450
45776;2023-06-24 12:38:43;2020-11-21 08:40:35;2020-10-08 23:51:32;SO78140;69-1886-36823;56525;21;7661,42;404,21;740,53;9945,38;Comment 4451
11926;2023-09-05 11:23:47;2022-04-13 12:09:12;2021-01-14 08:33:11;SO59353;74-2176-61667;73878;42;9327,16;442,41;141,44;303,44;Comment 4452
76609;2023-10-22 00:29:12;2020-07-14 19:42:08;2021-08-27 22:54:04;SO72179;63-4608-21366;86846;39;6431,27;148,33;297,6;9801,73;Comment 4453
78093;2021-10-11 05:27:48;2023-05-01 23:16:49;2020-08-29 17:49:28;SO87261;51-7541-34141;72219;38;5502,31;109,59;348,72;7037,96;Comment 4454
65880;2020-11-29 04:15:58;2022-02-28 09:33:44;2021-11-04 05:23:37;SO86696;29-3530-22517;41390;17;5983,73;208,84;882,89;12448,91;Comment 4455
14937;2020-08-01 19:07:04;2021-11-19 12:00:47;2023-04-05 16:54:39;SO76890;75-7092-97988;69063;30;5380,56;411,13;888,9;13216,77;Comment 4456
57073;2023-05-11 09:44:55;2022-11-02 16:04:29;2023-07-15 15:09:48;SO43308;17-6178-77430;33227;2;1166,62;463,4;245,58;11717,64;Comment 4457
79178;2023-01-05 19:28:28;2021-02-08 01:18:20;2022-03-22 11:37:21;SO44607;57-9057-83653;18302;30;888,39;200;29,28;14285,88;Comment 4458
83626;2022-11-10 18:38:31;2020-01-06 11:38:46;2022-12-29 23:12:04;SO45250;23-8779-93758;74813;18;2166,58;213,7;286,86;17502,97;Comment 4459
24884;2020-08-26 06:51:03;2020-04-25 22:39:21;2020-07-20 13:01:04;SO90691;51-7602-22642;99415;14;9112,79;395,26;370,35;7892,71;Comment 4460
16867;2020-04-14 01:36:07;2020-11-14 20:49:17;2023-02-23 21:08:35;SO34664;84-8862-18518;41075;38;1069,12;181,68;631,44;18079,82;Comment 4461
25676;2022-05-01 10:43:27;2021-12-17 16:22:54;2020-02-10 09:41:43;SO79265;50-5389-75591;58610;16;2210,04;465,92;164,7;16387,19;Comment 4462
16226;2023-05-03 01:17:42;2022-12-18 15:31:49;2020-04-22 17:04:58;SO52162;53-9319-74957;38514;33;9557,17;496,85;719,02;4146,46;Comment 4463
76331;2023-08-24 14:01:39;2021-12-07 04:55:45;2022-10-29 00:02:51;SO69659;96-7105-64379;55479;4;8744,89;318,32;497,92;6848,99;Comment 4464
90344;2023-11-26 06:40:03;2022-08-23 15:44:10;2023-01-30 22:11:06;SO80421;42-3255-58813;59919;21;7349,43;105,63;487,38;12058,11;Comment 4465
98220;2023-08-21 10:29:14;2020-05-03 18:44:56;2021-09-10 00:46:30;SO15029;28-4123-84663;55665;19;8294,27;350,59;496,24;2433,4;Comment 4466
97850;2023-11-06 05:42:22;2023-02-25 15:39:01;2023-10-08 07:52:31;SO21432;76-6173-91169;16948;27;436,94;18;101,86;5345,75;Comment 4467
56598;2023-05-31 22:01:06;2023-05-11 07:10:08;2021-08-20 11:38:17;SO46650;44-6968-96958;33627;38;4289,39;464,63;441,25;1831,39;Comment 4468
44344;2022-11-21 18:01:05;2023-03-09 07:19:10;2021-08-24 07:34:23;SO37187;81-3143-56523;49570;35;1840,75;463,26;527,34;14675,39;Comment 4469
35609;2022-01-22 16:14:49;2020-02-25 15:47:06;2021-11-06 06:23:30;SO99079;44-6968-96958;93906;49;7931,07;326,31;466,33;12943,23;Comment 4470
67462;2023-06-29 20:45:29;2022-08-04 19:32:05;2020-11-28 19:21:33;SO37000;84-8862-18518;28766;26;9797,45;186,5;595,8;19668,67;Comment 4471
38239;2021-05-02 03:13:00;2020-08-20 21:51:57;2020-07-22 02:31:26;SO25324;69-1886-36823;78719;2;9738,1;365,42;205,83;10332,58;Comment 4472
56209;2023-09-25 00:33:25;2021-12-26 13:07:48;2020-11-08 14:37:32;SO52699;50-5389-75591;56217;8;1882,98;185,93;83,76;15102,37;Comment 4473
51759;2023-03-02 08:22:46;2020-04-26 16:08:59;2023-06-23 02:41:21;SO43825;23-8779-93758;78172;26;3613,15;220,16;107,42;19313;Comment 4474
14280;2020-09-23 02:43:13;2020-11-16 05:04:01;2020-03-12 22:44:06;SO72858;22-4444-25264;87743;14;5122,15;267,94;795,35;190,46;Comment 4475
81967;2023-04-11 05:52:15;2022-07-04 09:24:37;2022-02-16 10:00:29;SO88132;22-4444-25264;35567;5;3739;362,84;651,3;17773,01;Comment 4476
49223;2022-07-06 17:09:52;2021-05-23 01:20:54;2023-01-08 12:30:24;SO13876;53-9319-74957;31752;2;216,56;68,7;399,88;3015,16;Comment 4477
49532;2021-09-29 00:18:31;2022-08-01 07:10:08;2023-08-31 15:23:22;SO13389;85-4116-52037;16626;28;3532,87;348,65;650,03;10922,2;Comment 4478
20183;2023-02-24 17:44:54;2021-03-29 19:37:33;2023-12-14 16:16:16;SO13410;84-7460-34357;59400;27;146,75;265,55;748,66;16948,63;Comment 4479
37381;2022-01-05 19:03:07;2023-10-20 20:25:10;2021-11-18 13:41:05;SO28032;85-4116-52037;38859;47;1676,27;162,87;820,14;15366,06;Comment 4480
57305;2021-06-04 17:02:38;2022-05-24 14:18:08;2020-05-27 14:43:47;SO75197;78-5267-32468;69614;26;7734,28;49,29;354,65;12324,67;Comment 4481
50473;2021-02-20 19:01:11;2023-08-30 03:16:17;2023-04-17 03:41:22;SO56374;17-6178-77430;80270;45;5018,86;481,8;521,17;16198,47;Comment 4482
72725;2023-08-01 16:51:33;2022-01-13 02:39:44;2020-02-23 01:33:08;SO61446;40-5683-25279;71415;38;9562,15;154,8;246,13;15734,48;Comment 4483
37422;2021-08-09 11:40:35;2021-06-29 00:15:51;2021-09-18 03:07:55;SO90140;33-1973-80101;44401;16;2808,62;201,26;676,44;8300,53;Comment 4484
22119;2023-10-24 04:25:32;2020-04-06 05:29:33;2022-07-25 22:51:54;SO72080;51-7541-34141;42895;48;2730,33;163,32;800,43;11644,3;Comment 4485
62617;2021-12-11 15:06:35;2020-06-29 00:57:57;2020-02-19 19:26:44;SO66489;49-7039-68376;24445;45;5748,82;273,8;663,12;12031,76;Comment 4486
16935;2020-04-15 05:11:30;2020-06-18 02:24:53;2023-03-22 09:51:24;SO28890;75-3751-62094;73731;27;2646,24;261,88;61;14027,78;Comment 4487
26319;2023-01-30 13:51:08;2023-03-31 19:58:39;2021-03-25 21:13:00;SO97054;53-9319-74957;36723;40;8033,83;476,19;598,52;5648,26;Comment 4488
50274;2021-11-15 04:32:56;2021-12-07 13:03:41;2021-07-27 05:13:19;SO12596;78-5267-32468;24020;31;8532,53;450,35;794,96;1122,49;Comment 4489
66679;2023-05-17 23:08:47;2022-06-24 22:24:47;2023-08-12 04:13:10;SO32647;69-1886-36823;76382;6;5218,85;222,84;262,21;7237,4;Comment 4490
39740;2023-05-02 20:28:42;2022-05-18 09:02:01;2021-04-22 15:01:56;SO16798;78-5514-83427;90674;3;9254,19;454,07;914,17;2992,41;Comment 4491
15057;2022-11-05 18:19:05;2021-07-22 09:19:14;2020-01-30 23:11:29;SO22499;84-7460-34357;87314;47;6446,54;413,76;584,04;7749,53;Comment 4492
35652;2023-07-07 11:45:22;2022-02-24 16:07:43;2020-07-24 16:36:48;SO89471;96-7105-64379;40504;7;1850,52;202,58;854,69;17853,47;Comment 4493
35896;2021-08-13 23:22:11;2023-04-01 15:20:56;2022-12-07 02:25:59;SO51905;69-1886-36823;66849;17;4726,47;304,76;256,4;13957,32;Comment 4494
25656;2022-11-12 03:45:53;2022-03-08 21:16:11;2020-10-19 14:56:16;SO96139;23-8779-93758;92557;13;2924,37;313,19;348,43;9679,47;Comment 4495
66919;2023-01-07 08:07:19;2020-03-14 10:06:32;2023-06-09 07:04:29;SO91232;98-8354-24626;72407;4;721,14;160,83;861,35;10438,51;Comment 4496
53789;2022-08-31 20:44:37;2022-08-22 03:11:33;2021-06-07 18:01:58;SO12754;78-5267-32468;10612;40;8900;118,98;420,88;11610,02;Comment 4497
79642;2023-07-13 10:04:17;2020-01-16 08:31:55;2022-12-13 12:25:49;SO61035;28-4123-84663;47288;40;4751,34;466,31;777,26;10359,95;Comment 4498
75644;2020-10-15 09:38:53;2020-01-26 22:24:34;2023-02-02 00:00:52;SO27702;40-5683-25279;56278;33;9130,93;24,59;765,34;355,93;Comment 4499
99640;2020-04-12 03:09:26;2022-03-24 02:37:36;2022-12-13 03:13:06;SO49640;16-3417-49054;87352;14;6222,41;229,3;359,67;16777,32;Comment 4500
84432;2023-07-09 11:56:45;2020-12-21 11:00:01;2023-07-24 14:02:52;SO34292;33-1973-80101;74875;17;1527,85;319,21;645,46;2868,55;Comment 4501
31873;2023-07-04 21:45:52;2022-02-11 10:53:08;2021-01-09 05:42:07;SO26305;24-7081-87522;91087;42;975,85;16,33;835,73;12666,46;Comment 4502
64570;2020-07-24 17:56:06;2020-11-08 11:39:09;2021-01-23 05:07:36;SO15178;48-2823-67639;95650;23;3297,82;298,06;882,76;19232,48;Comment 4503
81048;2022-09-08 02:13:35;2023-01-17 05:23:54;2022-06-18 16:35:24;SO32013;75-7092-97988;82858;29;9542,94;245,08;837,19;12251,35;Comment 4504
39689;2021-08-31 12:01:45;2023-01-02 09:22:58;2022-10-26 22:45:30;SO25318;53-9319-74957;27586;13;8287,55;34,17;143,13;6376,76;Comment 4505
46239;2021-12-15 21:00:32;2021-03-15 09:10:03;2020-09-21 05:36:37;SO13249;75-3751-62094;84152;42;7617,62;37,81;135,79;17796,37;Comment 4506
99707;2021-06-16 15:41:35;2020-05-19 15:51:25;2021-03-28 10:21:45;SO46644;74-3185-84739;92528;44;1822,28;451,48;861,86;16919,71;Comment 4507
72105;2021-12-19 00:01:21;2021-04-15 05:00:51;2022-01-03 11:43:38;SO84629;66-4277-92738;12492;31;964,3;342,71;687,68;8243,47;Comment 4508
46303;2023-09-01 10:32:04;2021-11-17 16:12:16;2021-05-13 19:42:29;SO28991;75-7092-97988;94612;39;8063,81;462,37;925,3;3193,42;Comment 4509
14480;2021-06-14 12:42:48;2023-05-07 17:00:55;2020-02-29 08:43:28;SO93916;69-8859-80035;50982;10;6790,76;332,69;399,3;11420,46;Comment 4510
69957;2023-01-11 12:54:36;2023-01-18 21:56:20;2022-10-30 14:04:50;SO98407;73-8844-80299;57882;4;860,6;352,86;423,42;15507,25;Comment 4511
60879;2022-09-16 04:06:36;2021-05-27 20:22:04;2020-07-15 18:12:04;SO55376;33-1973-80101;42442;18;2918,34;69,32;638,42;11618,48;Comment 4512
63540;2022-02-23 18:39:55;2022-10-04 08:03:15;2023-01-20 17:47:07;SO22927;51-7602-22642;89828;5;1568,89;180,18;207,08;7062,06;Comment 4513
68089;2022-05-22 13:13:42;2021-01-29 15:33:24;2020-08-06 03:41:01;SO98722;16-3417-49054;97885;42;1575,72;373,52;98,03;11281,53;Comment 4514
51133;2021-11-28 07:42:33;2023-03-16 19:48:34;2022-04-05 03:38:56;SO81349;66-4277-92738;13347;50;9263,12;338,9;995,97;9569,75;Comment 4515
63796;2022-04-09 04:15:56;2022-06-30 18:51:09;2021-06-18 05:07:22;SO59171;96-7105-64379;87594;32;7275,38;206,26;565,78;11365,14;Comment 4516
16968;2022-07-03 17:10:10;2021-11-11 21:08:40;2022-02-16 00:11:48;SO53200;84-7460-34357;25350;37;6210,9;387,56;219,29;15212,45;Comment 4517
35712;2022-03-19 17:43:40;2023-06-24 03:08:47;2022-07-02 15:36:59;SO61596;75-3751-62094;41063;25;1156,17;478,85;357,71;7139,72;Comment 4518
29889;2021-03-26 11:39:25;2023-03-22 04:22:26;2020-07-23 23:15:40;SO86113;35-6579-94037;24083;32;1721,72;89,8;177,61;4005,08;Comment 4519
32683;2023-09-02 18:15:06;2022-11-20 02:34:34;2020-11-09 08:56:23;SO12372;75-7092-97988;72504;35;289,89;105,47;246,65;15602,97;Comment 4520
71813;2021-06-30 20:01:47;2022-09-08 07:21:00;2021-08-08 23:58:48;SO66294;24-7081-87522;89600;28;1982,31;56,96;212,98;14205,95;Comment 4521
54826;2023-10-15 21:41:22;2023-10-30 11:13:58;2022-11-14 05:11:39;SO31630;23-8510-71623;19068;49;1295,53;416,13;801,17;6190,45;Comment 4522
94365;2021-11-13 04:16:07;2022-05-19 15:45:52;2022-11-18 03:14:18;SO45317;86-5535-57031;67651;3;6437,84;80,98;151,41;19030,05;Comment 4523
12133;2020-03-06 06:04:32;2020-07-20 20:47:13;2022-10-19 16:30:18;SO32136;60-7449-26711;60411;24;8894,53;93,64;671,08;1530,85;Comment 4524
58718;2020-01-19 00:44:41;2023-12-21 16:59:15;2021-04-12 11:29:27;SO21427;28-6393-31125;15691;50;9694,03;436,59;771,22;4470,51;Comment 4525
98955;2021-02-19 11:42:56;2023-07-15 10:35:01;2022-09-10 06:24:43;SO75851;75-3751-62094;53459;40;1228,24;92,48;355,83;13646,09;Comment 4526
37678;2020-08-02 01:33:49;2020-09-20 21:31:22;2022-11-04 04:51:12;SO37303;44-6968-96958;28927;1;2957,52;59,94;231,88;7070,02;Comment 4527
33804;2020-11-09 13:58:47;2023-06-03 10:49:29;2023-05-12 13:55:05;SO43887;69-8859-80035;56370;22;9683,89;235,04;706,32;12556,63;Comment 4528
68489;2021-02-06 08:37:00;2021-09-05 18:57:39;2023-09-15 14:15:15;SO15911;48-2823-67639;18383;47;5247,58;35,99;613,05;6933,6;Comment 4529
57893;2021-12-14 06:02:52;2022-06-20 14:19:16;2022-10-15 06:23:14;SO16804;98-8354-24626;59511;6;8457,2;431,67;563,91;5989,04;Comment 4530
68004;2020-07-20 07:08:29;2021-01-09 21:48:52;2023-06-12 15:25:06;SO64564;61-5244-70735;16286;32;2722,32;439,25;22,28;9614,32;Comment 4531
95194;2023-01-06 06:26:44;2021-02-28 21:04:09;2020-01-29 04:47:22;SO65475;98-8354-24626;55545;5;5735,4;19,38;370,35;17795,97;Comment 4532
52194;2022-11-10 20:15:53;2022-06-18 23:42:51;2022-09-12 18:51:05;SO29480;28-6393-31125;92423;20;3863,74;253,13;292,21;8496,46;Comment 4533
75712;2022-03-22 11:40:18;2021-04-15 01:17:17;2020-02-06 12:58:23;SO35812;96-7105-64379;96243;26;6830,64;350,34;637,62;9538,13;Comment 4534
69961;2021-09-12 17:02:02;2022-06-19 01:13:31;2021-04-03 13:26:55;SO61371;84-7460-34357;65774;10;5095,66;458,08;608,01;1317,5;Comment 4535
40774;2020-01-25 10:24:41;2022-01-31 05:00:53;2020-06-11 06:15:35;SO92810;24-7081-87522;11605;31;1768,66;183,09;89,03;4924,81;Comment 4536
65924;2022-06-05 10:32:46;2020-12-07 12:26:46;2023-11-01 10:46:15;SO17568;78-5267-32468;86231;40;3837,74;332,41;559,37;10044,78;Comment 4537
10358;2022-06-18 10:44:00;2023-09-10 09:12:52;2022-07-29 19:30:07;SO77928;33-1973-80101;26621;50;9045,88;348,06;564,17;16339,97;Comment 4538
94445;2020-12-13 00:44:29;2021-10-11 17:24:27;2023-01-11 10:59:26;SO75086;50-5389-75591;35501;1;6072,45;402,84;532,7;18435,02;Comment 4539
97268;2022-06-28 02:41:24;2021-04-19 07:04:23;2021-11-12 22:20:20;SO70256;42-3255-58813;49771;3;7123,25;260,74;797,19;17297,54;Comment 4540
23279;2020-06-03 04:28:53;2021-07-25 22:01:54;2021-05-25 14:49:02;SO25000;30-1489-79011;51091;30;6306,17;59,99;840,96;11690,24;Comment 4541
22549;2023-08-09 10:21:27;2023-04-17 05:26:58;2020-10-24 02:43:28;SO66438;23-8510-71623;28181;49;8995,88;285,38;882,3;15530,65;Comment 4542
84225;2023-02-25 13:15:55;2020-06-20 22:20:08;2023-07-18 09:08:11;SO86168;63-4608-21366;37332;15;1505,76;210,5;734,07;15274,86;Comment 4543
40030;2020-03-29 11:30:01;2022-04-11 20:56:49;2023-07-29 11:11:16;SO32633;16-3417-49054;95608;42;9899,75;15,85;534,28;5420,08;Comment 4544
96933;2022-08-02 06:27:29;2021-12-12 19:22:06;2020-01-28 10:00:11;SO63119;57-9057-83653;85180;37;6666,72;182,07;207,44;17594,9;Comment 4545
51501;2021-08-12 23:09:43;2020-11-18 17:23:05;2021-02-07 09:51:09;SO34179;22-4444-25264;13030;25;9353,17;327,78;84,02;5893,29;Comment 4546
78624;2022-08-05 01:42:11;2021-08-23 19:17:53;2020-03-21 19:38:14;SO91886;57-9057-83653;78184;39;2381,49;259,4;510,59;8249,58;Comment 4547
36747;2023-07-04 20:36:42;2021-11-24 19:39:00;2021-06-11 17:44:35;SO28069;76-6173-91169;64011;35;7743,37;90,47;314,68;2571,95;Comment 4548
65842;2020-06-09 13:46:49;2021-12-19 17:02:01;2020-05-10 11:32:15;SO34503;49-7039-68376;84426;32;8148,41;79,15;278,86;11216,28;Comment 4549
67412;2022-12-22 19:33:52;2022-01-09 11:25:09;2021-06-18 12:30:02;SO17249;28-6393-31125;59552;24;7765,8;341,33;89,11;6968,73;Comment 4550
27755;2022-01-14 21:19:32;2023-02-20 07:30:04;2023-08-27 21:15:52;SO26659;23-8510-71623;44591;11;1058,46;432,93;817,22;18224,83;Comment 4551
53579;2021-02-17 08:33:23;2020-01-26 08:07:43;2022-07-20 03:57:25;SO71837;60-7449-26711;26453;34;1152,15;92,38;121,43;18973,54;Comment 4552
82467;2020-04-23 15:36:09;2021-07-18 14:25:45;2020-10-02 10:57:56;SO91987;63-4608-21366;56194;28;6554,45;460,77;589,96;8555,3;Comment 4553
95920;2021-08-21 05:42:38;2021-12-14 07:00:12;2022-11-06 12:58:57;SO79699;28-4123-84663;62831;39;4661,93;422,52;871,19;5402,31;Comment 4554
38885;2022-01-24 08:39:21;2020-10-18 08:25:18;2020-10-29 01:10:04;SO35846;71-9532-69420;65607;5;3334,75;67,04;995,58;14420,35;Comment 4555
50403;2021-02-28 04:08:24;2022-06-07 09:32:25;2021-05-14 09:33:11;SO72408;33-1973-80101;10268;35;3333,15;415,85;699,5;3330,59;Comment 4556
30978;2023-05-12 11:32:11;2020-05-12 03:09:20;2020-04-28 03:40:58;SO23183;50-5389-75591;90038;35;8421,9;230,99;935,45;14014,22;Comment 4557
10675;2020-05-21 12:11:43;2023-09-28 18:57:28;2020-01-25 08:11:11;SO30162;63-4608-21366;36451;17;7395,57;225,45;51,86;11336,92;Comment 4558
13899;2021-11-21 00:18:56;2023-12-06 00:12:28;2022-04-25 21:32:45;SO93213;69-8859-80035;43222;30;9209,18;22,99;525,26;10459,07;Comment 4559
87613;2021-11-07 22:02:18;2023-10-14 17:47:52;2022-09-07 05:33:54;SO54137;78-5267-32468;38826;20;1257,45;11,32;738,42;15310,78;Comment 4560
15343;2020-01-27 03:00:33;2021-03-15 20:30:37;2020-02-01 09:54:27;SO89651;81-3143-56523;33549;6;3814,82;285,25;838,12;19863,77;Comment 4561
84465;2023-01-02 04:45:16;2021-02-09 01:21:07;2020-02-23 22:25:33;SO69729;57-9057-83653;86036;28;1609,94;23,62;447,74;1001,06;Comment 4562
65980;2020-07-01 05:49:56;2022-06-20 22:36:14;2022-03-03 13:10:20;SO50038;97-9859-86247;86410;43;2579,05;189,16;364,97;3126,97;Comment 4563
32356;2021-01-25 00:57:19;2021-12-01 04:46:04;2020-10-27 14:01:19;SO73803;69-8859-80035;76763;20;5891,61;320,31;318,63;297,8;Comment 4564
78490;2022-05-20 20:21:35;2020-07-21 15:37:23;2021-01-22 02:14:09;SO13334;49-7039-68376;15467;50;4017,75;219,71;396,33;15955,63;Comment 4565
28232;2020-03-25 17:33:49;2022-07-01 10:29:35;2022-06-09 11:38:42;SO75317;23-8779-93758;61736;49;3874,53;105,89;280,43;4337,87;Comment 4566
85178;2020-05-16 04:04:50;2022-06-19 22:13:24;2021-05-05 10:51:49;SO17011;75-3751-62094;21533;47;4532,44;424,88;576,04;4584,75;Comment 4567
77893;2022-03-14 04:43:18;2022-11-05 04:03:06;2022-06-11 06:57:41;SO72669;51-7541-34141;88711;47;2196,69;375,65;137,9;7410,6;Comment 4568
45812;2020-08-10 20:03:35;2020-02-18 16:43:39;2020-08-21 16:38:33;SO45079;83-7954-63932;51445;8;1175,31;171,7;125,27;9564,71;Comment 4569
73619;2022-11-14 11:44:36;2023-01-03 23:11:26;2020-12-02 21:15:42;SO39144;66-4277-92738;27090;47;7435,5;460,81;29,6;5676,68;Comment 4570
44548;2023-01-24 08:26:24;2022-11-30 12:18:46;2022-12-26 04:46:22;SO51133;35-6579-94037;96322;4;171,08;312,65;258,66;616,41;Comment 4571
86417;2023-03-26 03:58:12;2023-05-11 20:05:03;2020-01-14 11:06:10;SO97466;22-4444-25264;87289;36;1560,64;346,07;875,27;1130,78;Comment 4572
95986;2021-12-12 15:51:53;2020-05-25 00:52:37;2020-02-05 13:02:33;SO72117;66-4277-92738;14255;25;2159,99;497,53;239,91;13932,9;Comment 4573
24476;2020-05-26 13:42:16;2022-05-15 20:01:42;2021-02-19 15:46:56;SO14810;60-7449-26711;26490;43;5556,76;378,31;218,53;3387,81;Comment 4574
30402;2020-11-08 02:12:37;2021-09-18 13:08:30;2022-09-27 11:16:46;SO59120;28-4123-84663;85969;14;3563,4;34,39;372,67;2842,27;Comment 4575
49931;2020-07-29 03:58:37;2022-07-11 23:33:16;2022-10-16 06:59:00;SO30595;83-7954-63932;57646;16;9246,36;376,03;717,09;5014,24;Comment 4576
75273;2023-05-27 12:00:11;2022-08-17 19:17:04;2020-04-13 10:24:47;SO97371;83-7954-63932;66183;14;7671,54;407,95;274,56;18929,53;Comment 4577
24084;2022-09-05 18:22:27;2023-09-17 15:02:56;2022-03-09 05:41:39;SO48037;76-6173-91169;88775;30;7240,09;379,3;825,07;3182,74;Comment 4578
60644;2022-06-21 20:57:11;2023-02-12 21:55:14;2021-09-04 10:53:35;SO51064;60-7449-26711;11465;10;8397,05;146,07;773,63;15266,83;Comment 4579
45860;2020-05-28 05:02:33;2021-02-16 10:57:56;2020-12-08 01:22:37;SO41054;44-6968-96958;60291;15;4904,8;245,04;384,69;10183,17;Comment 4580
42996;2022-03-18 13:06:34;2021-03-29 08:56:39;2020-07-31 22:36:07;SO17595;63-4608-21366;40816;18;3542,2;310,35;264,7;9519,45;Comment 4581
91844;2022-06-08 04:58:27;2022-06-28 06:09:12;2022-09-27 00:04:14;SO11585;44-6968-96958;22035;3;6849,75;118,4;76,69;2989,15;Comment 4582
20184;2022-08-26 19:05:36;2020-07-24 23:54:01;2023-05-04 15:59:24;SO33266;60-7449-26711;58083;25;7551,96;207,22;397,57;11201,69;Comment 4583
98614;2021-04-15 08:06:30;2023-03-07 14:21:55;2020-12-11 20:49:01;SO11287;24-7081-87522;69241;26;7079,34;264,4;601,58;9135,03;Comment 4584
33040;2023-07-04 23:44:56;2020-12-22 08:22:44;2023-09-10 15:36:58;SO38585;71-9532-69420;89019;47;7182,02;442,22;102,04;17506,55;Comment 4585
94846;2020-11-14 14:20:03;2020-01-17 13:40:45;2022-08-21 07:45:57;SO91676;23-8779-93758;65457;18;7641,41;418,09;72,16;16101,7;Comment 4586
96482;2023-04-08 13:25:09;2023-02-12 05:57:50;2020-07-02 15:45:22;SO99774;74-2176-61667;10996;45;9670,5;96,23;534,17;13516,7;Comment 4587
52024;2021-02-01 05:54:12;2020-12-01 19:36:44;2020-10-20 14:13:28;SO37401;78-5267-32468;47330;15;9463,57;139,26;661,09;12967,76;Comment 4588
94539;2023-02-05 16:03:25;2021-09-06 07:30:16;2021-09-02 00:18:17;SO70695;51-7602-22642;36792;34;1090,3;498,28;55,2;1959,47;Comment 4589
72995;2021-03-31 03:30:06;2021-02-07 13:57:12;2023-07-28 13:55:39;SO69559;74-3185-84739;85895;37;3870,57;425,78;116,14;6110,51;Comment 4590
63943;2020-03-01 02:49:47;2021-02-09 08:38:39;2023-10-18 09:27:59;SO14254;83-7954-63932;83860;48;4626,15;222,58;640,09;17361,67;Comment 4591
97633;2022-12-20 02:01:50;2021-11-29 08:55:00;2022-05-24 10:13:09;SO49410;40-2409-67736;10005;20;223,18;234,12;558,28;11597,24;Comment 4592
25649;2023-08-27 08:01:50;2022-12-25 17:35:53;2023-02-13 20:44:10;SO96441;44-6968-96958;30760;12;2273,36;369,7;222,96;2273,18;Comment 4593
26698;2020-06-17 23:31:58;2020-05-06 02:24:21;2022-02-13 17:01:49;SO78859;24-7081-87522;73397;11;7654,87;259,32;56,81;5246,94;Comment 4594
75101;2020-12-06 16:21:35;2020-10-27 12:08:06;2021-12-28 23:26:42;SO33179;35-6579-94037;28552;19;2834,01;486,08;669,46;13638,27;Comment 4595
57365;2021-03-13 14:46:07;2020-05-08 12:51:08;2020-01-22 00:10:09;SO70713;17-6178-77430;90509;18;7485,83;332,07;499,01;6777,82;Comment 4596
62828;2021-08-29 01:38:06;2022-07-12 05:19:08;2021-02-04 01:53:33;SO89597;30-1489-79011;31299;27;6912,34;206,82;827,95;17006,59;Comment 4597
49581;2022-08-04 16:51:39;2020-04-18 00:13:20;2023-02-09 19:52:12;SO47098;23-8510-71623;44599;49;8055,52;321,92;721,29;9648,92;Comment 4598
83120;2020-02-15 00:13:30;2021-07-26 11:45:58;2022-12-28 02:56:49;SO46089;17-6178-77430;50834;37;9488,24;215,31;448,16;4456,7;Comment 4599
61725;2021-05-10 14:08:02;2021-03-20 12:17:07;2020-06-18 16:56:50;SO88486;30-1489-79011;57364;15;9312,51;483,52;293,88;18710,33;Comment 4600
38936;2023-07-05 05:52:53;2020-05-07 20:00:12;2023-02-09 12:01:13;SO65299;28-4123-84663;10971;41;2972,64;418,17;916,89;3569,99;Comment 4601
15137;2022-12-02 01:34:36;2020-06-10 20:40:07;2021-10-15 03:50:54;SO96397;86-5535-57031;86301;19;6356,83;289,87;551,79;10623,21;Comment 4602
57153;2021-01-27 11:58:54;2022-01-21 00:58:07;2022-11-04 17:02:54;SO35431;35-6579-94037;86159;42;4164,13;176,39;307,68;2461,98;Comment 4603
71693;2020-04-13 07:33:25;2023-08-12 07:46:23;2020-06-23 00:41:44;SO28029;35-6579-94037;93842;12;1799,7;259,44;801,17;18725,77;Comment 4604
93503;2020-11-02 19:47:21;2022-08-13 16:38:05;2021-04-19 08:46:31;SO87750;53-9319-74957;40866;9;6621,88;337,42;226,89;7664,61;Comment 4605
78715;2022-09-08 11:03:44;2022-11-02 04:44:35;2021-11-04 18:45:54;SO84791;57-9057-83653;57439;44;4265,75;389,27;223,14;10535,17;Comment 4606
85851;2022-11-04 19:45:39;2020-09-03 16:48:43;2020-07-30 01:20:45;SO71896;51-7541-34141;29955;29;1267,07;384,28;975,9;15511,83;Comment 4607
55015;2021-12-17 03:58:06;2020-09-12 22:00:04;2023-12-08 14:58:28;SO88459;60-7449-26711;60008;17;533,49;137,31;205,67;16716,96;Comment 4608
73278;2020-02-17 00:26:56;2020-02-26 06:30:06;2023-05-06 04:24:59;SO74105;66-4277-92738;27554;41;3762,83;226,13;65,15;6437,27;Comment 4609
68413;2023-03-04 01:18:28;2022-06-07 01:03:03;2020-07-30 22:50:14;SO51659;73-8844-80299;10350;18;5523,96;148,66;924,04;2487,9;Comment 4610
55464;2022-05-16 11:08:54;2023-11-12 02:29:09;2023-09-21 03:29:15;SO35248;33-1973-80101;49763;10;7173,3;445,76;829,8;8316,31;Comment 4611
50522;2022-06-30 10:26:23;2020-11-18 07:27:34;2022-02-15 00:27:07;SO91439;98-8354-24626;26783;49;2336,13;245,09;930,15;125,94;Comment 4612
11378;2022-10-29 17:06:39;2020-06-22 05:22:59;2023-09-28 06:39:10;SO67901;23-8510-71623;54562;33;4831,52;451,5;62,96;12531,83;Comment 4613
75043;2021-05-19 00:26:57;2021-10-15 07:46:33;2020-03-18 03:49:30;SO55614;51-7541-34141;48945;26;2090,18;41,99;564,58;2506,53;Comment 4614
22886;2022-06-10 13:40:01;2023-12-11 00:11:37;2021-03-01 14:11:23;SO30960;74-3185-84739;59598;44;7506,91;322,55;575,24;3164,55;Comment 4615
24123;2022-04-01 03:00:06;2020-11-07 22:01:07;2021-12-18 09:22:50;SO34787;30-1489-79011;34278;45;2176,43;391,75;532,13;4802,37;Comment 4616
19061;2021-12-26 00:08:22;2022-08-14 09:01:30;2021-09-06 15:36:54;SO54201;83-7954-63932;91909;12;2839,12;266,94;909,98;3000,87;Comment 4617
44134;2020-11-11 08:23:08;2023-05-29 18:00:13;2020-03-02 08:03:10;SO44874;61-5244-70735;47108;22;9855,25;255,02;527,73;12293,21;Comment 4618
50934;2021-04-17 22:03:39;2020-08-11 03:15:45;2022-07-05 17:35:59;SO83166;86-5535-57031;91439;28;4885,83;283,51;502,25;7017,59;Comment 4619
18084;2023-04-06 05:47:32;2023-11-08 04:25:22;2021-08-07 19:45:34;SO24131;81-3143-56523;74397;37;6147,31;197,03;161,29;4511,7;Comment 4620
31824;2021-02-01 17:53:15;2022-02-15 14:34:06;2023-04-19 21:09:07;SO13402;40-2409-67736;51926;13;3682,93;311,63;9;1852,18;Comment 4621
79307;2020-01-24 22:05:06;2022-08-31 22:04:13;2023-04-30 23:45:40;SO99031;66-4277-92738;72344;46;1729,23;494,73;233,69;6348,56;Comment 4622
44824;2023-12-02 01:05:30;2021-07-22 18:08:22;2020-10-02 08:34:30;SO99771;74-3185-84739;11587;23;2445,38;444,69;66,07;18505,63;Comment 4623
48510;2022-06-14 07:11:49;2020-01-09 11:29:51;2022-03-12 12:43:23;SO60388;60-7449-26711;78815;3;8655,52;87,77;817,97;5928,98;Comment 4624
46124;2023-11-18 00:43:53;2021-10-07 03:07:03;2020-09-30 22:18:16;SO18812;24-7081-87522;65187;38;5496,75;51,53;869,31;5734,15;Comment 4625
83395;2021-07-21 08:44:27;2023-03-17 10:51:40;2020-02-20 10:07:28;SO97122;40-5683-25279;41798;14;485,6;400,47;741,86;19116,29;Comment 4626
60913;2022-01-05 00:28:09;2020-03-23 15:54:17;2021-09-25 10:43:41;SO16850;76-6173-91169;37474;25;4203,81;228,78;989,03;9325,15;Comment 4627
68914;2022-07-11 09:40:21;2023-06-15 18:25:43;2021-07-20 14:53:41;SO13793;51-7602-22642;12058;45;3337,2;302,94;83,09;14875,03;Comment 4628
57924;2020-02-24 21:23:18;2023-07-14 19:01:14;2021-10-20 04:42:27;SO70713;78-5267-32468;93680;1;7968,72;263,43;65,24;17174,94;Comment 4629
84571;2020-07-04 13:55:28;2022-05-11 23:30:14;2021-03-26 05:38:16;SO85630;84-8862-18518;31213;40;8410,35;241,07;157,91;7722,08;Comment 4630
29250;2021-04-10 14:16:55;2023-02-01 18:20:30;2021-09-29 05:31:30;SO21457;74-3185-84739;46270;4;268,65;442,87;239,43;9751,44;Comment 4631
23017;2020-10-01 09:23:42;2020-04-12 21:56:52;2020-11-13 20:11:34;SO38413;49-7039-68376;78004;39;1957,29;172;791,55;370,64;Comment 4632
21483;2023-09-06 19:39:05;2021-12-18 07:37:57;2020-03-25 10:47:34;SO68418;84-8862-18518;49794;44;2586,37;176,87;110,4;11129,54;Comment 4633
12215;2021-10-08 20:11:11;2022-09-25 21:10:47;2020-03-25 07:56:52;SO54427;30-1489-79011;56275;6;8751,4;480,63;553,57;12833,94;Comment 4634
22844;2022-04-13 06:13:31;2023-01-02 08:25:43;2023-04-12 21:31:31;SO40253;57-9057-83653;70868;27;8173,43;305,61;29,86;17043,51;Comment 4635
35130;2023-12-21 00:26:30;2020-02-14 05:42:51;2021-11-25 17:01:17;SO78977;97-9859-86247;99634;25;9803,71;414,95;117,15;17368,51;Comment 4636
42938;2023-02-09 23:41:46;2022-01-31 01:13:33;2020-06-16 17:37:13;SO57313;96-7105-64379;37659;28;9230,18;459,94;759,19;12003,53;Comment 4637
23311;2022-07-23 04:53:18;2021-11-17 19:18:30;2022-10-03 07:29:01;SO97167;75-3751-62094;80939;3;3161,94;208,07;305;3604,63;Comment 4638
34258;2020-03-03 06:29:38;2021-12-17 12:51:20;2023-02-24 00:13:22;SO23477;75-7092-97988;12055;16;7628,84;151,3;859,43;12844,82;Comment 4639
94940;2023-03-04 11:13:57;2022-07-03 07:17:34;2023-02-09 10:24:33;SO87164;83-7954-63932;67825;39;7361,14;201,32;644,12;8307,85;Comment 4640
84727;2022-02-21 04:14:45;2023-04-05 16:13:56;2021-02-22 13:01:37;SO58262;53-9319-74957;68420;23;2640,6;491,79;772,83;331,82;Comment 4641
56887;2022-11-13 22:36:52;2021-02-24 03:20:55;2022-03-27 14:28:10;SO91026;76-6173-91169;38020;4;4803,99;382,14;232,99;6608,56;Comment 4642
86219;2023-09-19 14:13:07;2023-09-13 12:01:49;2021-03-28 01:58:20;SO65232;78-5514-83427;88202;12;4243,95;212,43;60,52;19958,39;Comment 4643
65585;2021-11-02 11:45:47;2021-01-14 01:41:57;2020-12-08 10:28:10;SO41819;40-2409-67736;59631;43;3400,31;269,8;846,8;1957,86;Comment 4644
28193;2023-01-14 18:49:49;2020-05-23 16:14:03;2023-05-02 04:08:39;SO56943;51-7541-34141;49307;37;1556,69;477,63;479,92;18507,94;Comment 4645
13915;2022-03-12 00:10:13;2022-01-26 06:26:16;2023-04-10 16:34:44;SO24959;75-3751-62094;54087;49;6924,35;36,54;930,05;14725,83;Comment 4646
85749;2023-10-29 13:42:28;2023-09-04 23:24:05;2020-12-26 04:12:21;SO61934;61-5244-70735;75455;39;9208,49;470,92;703,49;15683,47;Comment 4647
25225;2022-05-21 07:10:43;2023-02-11 16:43:52;2020-08-09 06:39:55;SO43906;29-3530-22517;89606;12;9448,64;446,08;768,81;13346,52;Comment 4648
46619;2022-10-11 02:26:56;2020-10-11 18:10:32;2023-10-22 14:40:02;SO36012;76-6173-91169;38270;35;2270,24;359,06;101,5;8794,51;Comment 4649
11087;2022-06-07 00:10:19;2021-09-07 03:56:29;2023-03-29 00:45:36;SO45178;23-8779-93758;96708;44;2344,63;490,87;777,83;16260,52;Comment 4650
76214;2022-06-05 13:40:48;2022-11-08 05:04:33;2022-10-26 07:47:39;SO48763;48-2823-67639;36169;23;5347,95;285,01;818,99;14812,14;Comment 4651
81400;2022-09-26 21:23:03;2020-05-26 04:17:56;2022-10-16 01:47:18;SO95029;16-3417-49054;36263;1;9159,35;273,16;900,54;18508,3;Comment 4652
75325;2023-03-13 06:23:36;2023-05-28 01:39:11;2021-05-25 23:59:34;SO39152;40-2409-67736;69864;31;3061,47;422,12;363,72;3788,99;Comment 4653
57777;2021-07-17 16:55:23;2020-11-08 20:28:38;2020-04-04 12:51:04;SO86141;84-8862-18518;35703;20;4773,05;281,13;867,73;5849,99;Comment 4654
70456;2023-01-28 22:33:56;2023-03-17 14:39:04;2022-07-27 08:42:11;SO54015;33-1973-80101;39563;32;962,52;411,8;325,54;2102,63;Comment 4655
73543;2023-04-05 19:47:11;2021-03-17 05:57:08;2022-08-17 01:54:41;SO50668;66-2881-24904;52548;8;6267,07;337,49;895,32;7699,12;Comment 4656
16741;2022-01-19 17:16:21;2020-04-27 11:54:51;2022-04-11 13:59:42;SO25305;78-5267-32468;80235;22;2119,01;315,31;739,32;16605,58;Comment 4657
17198;2022-06-13 10:26:03;2022-11-19 10:16:14;2022-03-15 23:35:17;SO15336;63-4608-21366;14573;43;6617,16;163,35;904,79;12837,06;Comment 4658
16343;2021-04-05 11:52:06;2023-06-17 01:48:45;2023-07-23 03:08:12;SO33552;78-5514-83427;35281;11;5817,06;344,24;402,28;7908,22;Comment 4659
47800;2022-11-30 17:48:10;2023-11-27 12:27:40;2022-02-01 15:00:18;SO39655;40-5683-25279;16984;36;2370,23;109,79;695,94;10365,93;Comment 4660
35763;2023-10-13 21:04:20;2021-07-31 06:15:39;2023-08-26 01:54:00;SO13569;98-8354-24626;95914;10;5693,91;344,41;510,7;19734,69;Comment 4661
15522;2020-11-06 20:46:02;2022-09-19 10:21:58;2020-06-05 20:55:07;SO14423;66-4277-92738;21152;42;8703,59;254,95;576,31;1198,73;Comment 4662
84820;2022-01-29 12:33:25;2023-03-13 07:35:35;2022-12-22 17:58:02;SO30222;40-2409-67736;61624;5;7748,43;426,18;93,33;15733,57;Comment 4663
42699;2020-04-09 22:45:53;2023-05-27 12:24:07;2023-05-05 23:11:20;SO95950;33-1973-80101;91484;38;9432,27;135,55;922,94;2865,41;Comment 4664
71984;2023-08-26 20:16:21;2020-09-09 16:29:52;2023-03-15 09:38:41;SO61353;85-4116-52037;41543;34;3541,67;239,7;176,69;3770,06;Comment 4665
81255;2022-01-10 06:52:38;2023-01-13 13:45:45;2022-01-31 01:43:51;SO20177;74-3185-84739;48701;34;1196,01;407,81;509,6;16098,55;Comment 4666
37350;2020-01-11 06:56:58;2023-11-06 23:59:55;2020-01-17 03:24:45;SO73156;69-1886-36823;85786;31;9663,63;337,35;966,43;19597,68;Comment 4667
36188;2022-06-21 01:11:03;2023-05-29 01:14:42;2022-03-01 16:44:05;SO24850;76-6173-91169;56633;40;5531,18;270,35;934,46;19485,84;Comment 4668
52880;2022-02-12 02:07:05;2020-12-02 16:00:53;2021-06-05 16:52:00;SO54529;98-8354-24626;80803;15;6767,82;332,38;346,75;9532,18;Comment 4669
86340;2020-12-01 14:10:16;2021-11-04 18:07:51;2020-09-02 22:35:29;SO85942;83-7954-63932;83038;4;1155,03;449,88;14,01;11534,39;Comment 4670
46980;2020-01-30 07:24:24;2022-10-31 18:13:12;2021-05-21 16:35:49;SO43835;49-7039-68376;74550;6;5099,49;209,82;269,56;6244,07;Comment 4671
92766;2021-06-19 13:23:02;2021-03-25 18:13:42;2023-06-09 02:35:55;SO20116;74-3185-84739;66022;12;765,48;141,59;209,72;14058,37;Comment 4672
39725;2023-10-05 05:12:09;2021-10-31 11:11:55;2021-07-20 12:40:29;SO54476;23-8510-71623;57677;17;5881,24;176,33;531,65;3196,35;Comment 4673
54230;2023-07-14 15:55:41;2023-03-31 02:13:16;2021-06-14 06:09:42;SO40988;35-6579-94037;75610;37;9191,52;462,74;62,24;14117,28;Comment 4674
77677;2020-05-30 05:00:59;2022-07-29 19:26:39;2022-11-07 20:49:22;SO37593;75-3751-62094;15008;49;9728,9;206,33;663,22;16986,6;Comment 4675
12780;2021-05-02 15:26:06;2022-01-11 19:26:29;2022-06-06 11:56:23;SO87809;84-8862-18518;33266;15;4996,81;42,74;311,44;7975,37;Comment 4676
88725;2023-12-13 18:52:59;2023-08-27 04:03:43;2023-04-17 15:53:43;SO16470;53-9319-74957;41767;43;7676,6;429,41;139,76;1452,29;Comment 4677
56834;2022-10-15 21:57:11;2020-06-18 09:34:48;2020-01-26 14:25:46;SO33733;71-9532-69420;82968;21;9492,05;315,64;900,52;9411,59;Comment 4678
85492;2023-12-08 19:16:49;2020-08-24 16:59:48;2023-11-26 12:22:30;SO75067;98-8354-24626;95714;14;1513,45;437,77;678,67;19800,22;Comment 4679
85667;2020-02-09 05:56:16;2020-01-15 03:58:08;2022-03-06 02:11:38;SO24424;40-5683-25279;94383;15;5918,95;371,13;540,26;9398,05;Comment 4680
12245;2022-02-25 19:13:23;2023-03-13 19:58:04;2020-03-07 19:21:07;SO53818;92-2389-56247;16977;40;2004,37;235,07;967,32;6861,41;Comment 4681
29431;2022-03-01 05:07:21;2022-07-20 20:09:32;2023-02-16 11:13:08;SO41987;85-4116-52037;62636;13;9914,67;423,96;908,82;14763,38;Comment 4682
58049;2022-01-24 18:34:39;2020-09-02 07:14:32;2022-02-28 09:21:21;SO18295;74-3185-84739;96459;30;5485,98;255,01;421,04;16310,53;Comment 4683
33639;2022-09-18 20:27:43;2021-06-25 05:27:10;2023-03-04 14:05:31;SO12244;16-3417-49054;45862;30;8038,78;203,66;565,66;10119,19;Comment 4684
13098;2021-03-06 03:24:12;2020-02-28 13:13:46;2023-06-13 02:54:59;SO14055;74-2176-61667;40563;3;1922,23;115,85;122,04;2757,9;Comment 4685
70114;2021-02-15 20:05:35;2021-11-07 19:49:02;2021-07-22 08:29:05;SO65772;51-7541-34141;77549;16;6286,25;359,92;441,4;14806,69;Comment 4686
48346;2021-11-01 09:24:25;2020-08-12 20:48:55;2020-12-20 19:23:07;SO15475;96-7105-64379;41830;10;1474,13;364,81;958,14;17780,2;Comment 4687
68941;2020-04-14 14:35:53;2021-07-13 18:48:57;2022-11-11 16:14:25;SO67164;30-1489-79011;70011;21;5741,91;283,2;726,75;18836,78;Comment 4688
69444;2020-10-17 21:38:46;2022-03-04 17:00:47;2023-09-21 00:28:56;SO37066;29-3530-22517;21492;41;7397,49;432,32;866,69;14286,78;Comment 4689
97249;2021-10-08 20:09:35;2023-05-27 09:57:37;2021-07-28 02:20:20;SO97494;49-7039-68376;36383;5;5409,87;495,97;656,72;12565,36;Comment 4690
69824;2020-02-06 14:42:22;2023-10-26 18:30:56;2021-11-03 22:42:43;SO85355;74-2176-61667;28741;46;4709,02;177,23;809,76;3512,08;Comment 4691
19510;2023-06-11 00:35:14;2022-02-03 10:35:57;2020-05-04 13:55:36;SO83496;73-8844-80299;44079;47;8064,39;29,27;902,57;3372,7;Comment 4692
60155;2021-04-20 17:11:40;2020-05-03 06:13:06;2022-12-11 16:11:58;SO64610;44-6968-96958;55656;3;6884,12;408,79;700,2;18247,22;Comment 4693
74958;2022-08-13 20:39:37;2023-06-05 10:33:11;2022-08-20 05:49:43;SO27213;84-8862-18518;30776;16;9776,23;173,14;382,21;5109,99;Comment 4694
27244;2022-03-13 05:13:01;2022-02-10 01:48:36;2022-04-11 09:37:22;SO60059;96-7105-64379;90848;37;6036,23;399,1;578,37;10460,65;Comment 4695
52575;2023-02-14 08:19:34;2023-08-24 03:26:21;2021-07-08 02:57:30;SO65666;84-7460-34357;64639;9;7806,89;454,03;436,48;2522,68;Comment 4696
62825;2023-04-29 20:13:00;2020-05-12 21:10:10;2021-09-30 06:49:52;SO33938;81-3143-56523;61902;46;5103,64;388,58;64,05;16357,94;Comment 4697
98720;2023-06-07 01:01:53;2020-05-01 02:39:14;2021-05-17 00:44:40;SO93381;73-8844-80299;96332;22;4010,91;461,89;151,65;13401,86;Comment 4698
35228;2021-11-23 08:37:02;2020-02-09 06:48:32;2021-06-20 10:50:14;SO21350;81-3143-56523;37624;37;4768,41;416,04;567,05;7722,16;Comment 4699
67740;2022-02-01 13:57:50;2022-11-01 16:14:58;2023-08-22 06:09:53;SO67989;30-1489-79011;40165;34;166,53;187,78;923,56;2672,58;Comment 4700
91689;2020-05-25 03:23:09;2020-03-14 20:39:43;2022-05-09 15:52:02;SO98198;84-8862-18518;35161;10;9630,84;183,27;735,12;16792,24;Comment 4701
23178;2021-11-20 16:08:23;2022-10-09 22:29:30;2022-12-05 23:33:58;SO86461;29-3530-22517;92006;15;3312,16;30,53;142,22;10834,31;Comment 4702
32355;2020-06-13 07:18:21;2022-09-28 09:28:36;2023-11-05 00:56:37;SO36840;85-4116-52037;95173;31;5038,47;74,49;472,04;18668,08;Comment 4703
98922;2021-06-05 15:30:54;2023-05-31 13:11:41;2022-11-16 04:20:40;SO33645;30-1489-79011;94675;36;4736,53;124,72;729,01;1908,32;Comment 4704
36138;2021-09-07 19:52:57;2022-11-20 20:53:28;2020-12-30 09:31:44;SO68170;35-6579-94037;99760;16;3697,14;149,84;657,76;2245,06;Comment 4705
60029;2021-10-30 09:56:50;2022-08-19 12:12:37;2022-07-29 15:09:49;SO98494;61-5244-70735;84347;10;6296,85;313,55;759,74;12776,4;Comment 4706
45756;2023-06-19 00:45:47;2022-12-21 20:05:35;2020-07-12 22:51:45;SO13493;66-4277-92738;27339;19;5380,81;120;620,88;4086,51;Comment 4707
63618;2023-08-11 19:34:14;2022-03-18 10:49:16;2020-01-10 13:33:22;SO90201;48-2823-67639;50727;26;6501,4;94,14;498,16;11345;Comment 4708
77494;2020-04-22 01:36:23;2023-06-23 04:50:48;2020-03-07 19:33:32;SO60374;40-2409-67736;74565;46;2354,4;399,92;356,78;8271,37;Comment 4709
68170;2020-06-29 15:47:19;2022-11-10 22:51:29;2021-12-15 06:29:37;SO44318;30-1489-79011;70547;6;4661,28;81,69;54,97;6988,25;Comment 4710
10759;2023-06-24 21:51:27;2022-12-03 15:02:29;2021-08-07 19:51:42;SO31241;50-5389-75591;47890;6;8973,65;176,91;989,14;6072,43;Comment 4711
39545;2023-12-25 10:18:10;2022-01-30 17:39:21;2023-09-05 16:02:37;SO35469;78-5267-32468;68703;40;6359,88;275,9;548,87;2700,52;Comment 4712
97707;2021-07-04 19:26:45;2022-11-04 20:31:53;2023-05-28 10:46:59;SO15184;48-2823-67639;30790;26;741,98;420,8;824,73;16592,04;Comment 4713
66307;2021-03-15 11:23:02;2021-05-13 09:20:55;2020-09-15 20:06:03;SO58477;33-1973-80101;91268;34;6956,53;81,81;553,67;10040,69;Comment 4714
67473;2020-02-07 20:42:38;2021-07-17 03:25:56;2020-09-07 12:29:37;SO66242;97-9859-86247;47594;8;4195,01;100,95;855,58;11628,11;Comment 4715
56283;2022-04-09 04:22:24;2020-11-19 02:28:57;2021-07-27 09:20:52;SO75766;22-4444-25264;47683;30;4613,3;109,78;656,16;16251,39;Comment 4716
56015;2022-02-12 03:38:40;2023-05-23 06:58:48;2021-08-24 05:54:29;SO65524;24-7081-87522;61134;16;8354,27;139,37;217,75;12053,31;Comment 4717
46945;2021-11-04 22:36:09;2021-07-24 03:44:39;2021-03-24 14:54:52;SO28798;35-6579-94037;58923;10;2337,5;386,34;306,88;8191,16;Comment 4718
73612;2020-11-14 07:51:32;2023-03-25 11:14:40;2022-10-21 07:16:53;SO12404;57-9057-83653;40188;43;8641,32;200,17;763,42;4899,07;Comment 4719
35225;2022-12-06 11:41:27;2021-01-08 16:20:27;2021-02-06 21:42:41;SO53158;81-3143-56523;85518;46;551,79;175,04;768,05;18649,34;Comment 4720
16902;2022-07-08 17:44:36;2022-05-09 12:17:24;2023-10-05 07:46:00;SO36339;49-7039-68376;78458;23;6018,25;419,29;253,74;19582,69;Comment 4721
90945;2021-07-15 08:29:49;2022-06-14 08:04:47;2023-05-03 10:41:56;SO37547;44-6968-96958;34011;49;2955,49;168,84;100,36;17068,76;Comment 4722
83439;2023-03-24 09:50:23;2022-07-09 17:56:42;2022-08-31 16:37:17;SO16020;78-5514-83427;99263;12;5014,76;385,85;545,8;580,95;Comment 4723
36605;2020-12-20 23:44:00;2023-04-18 19:31:01;2020-02-20 11:25:36;SO82272;51-7602-22642;60284;12;6468,37;68,38;497,71;2354,61;Comment 4724
27612;2023-08-29 05:56:06;2022-01-18 19:09:52;2022-03-06 00:28:12;SO23617;51-7541-34141;83947;35;5485,95;292,67;642,92;17933,21;Comment 4725
18423;2021-09-11 09:32:16;2020-06-17 14:50:42;2023-01-08 22:50:54;SO44660;50-5389-75591;53184;20;3314,79;476,56;707,98;2483,12;Comment 4726
35724;2021-02-12 17:50:00;2023-04-22 11:44:14;2023-08-05 00:01:22;SO52384;51-7541-34141;62320;40;9990,15;465,38;889,65;17200,08;Comment 4727
18027;2022-08-16 11:43:51;2022-02-21 20:28:06;2023-12-16 18:01:45;SO96095;81-3143-56523;92112;34;4642,51;236,97;70,32;1072,45;Comment 4728
47965;2022-02-04 04:50:05;2023-10-16 15:00:45;2021-01-31 04:38:21;SO19299;23-8779-93758;64313;7;3500,34;465,89;247,28;15879,06;Comment 4729
29005;2022-03-29 17:53:19;2023-11-25 18:15:04;2021-11-29 11:18:05;SO32591;92-2389-56247;55432;19;8907,8;72,4;305,69;10852,75;Comment 4730
38869;2023-03-02 10:03:39;2021-04-20 17:48:51;2021-01-06 16:54:41;SO44866;72-3440-90827;76636;41;8442,65;231,53;791,85;139,08;Comment 4731
83802;2022-12-28 23:59:28;2023-10-02 01:48:29;2023-03-17 19:25:10;SO47494;24-7081-87522;69187;7;1508,49;17,23;779,53;12898,37;Comment 4732
44640;2023-11-29 00:56:59;2021-09-15 06:30:17;2023-10-06 22:04:15;SO71468;57-9057-83653;56334;48;1302,02;169,04;958,38;4992,72;Comment 4733
54377;2022-07-31 09:13:15;2022-11-03 21:10:47;2021-07-17 18:18:47;SO17892;28-4123-84663;40709;9;227,12;148,78;756,57;16802,11;Comment 4734
75649;2022-09-18 02:25:03;2023-11-23 20:15:06;2023-08-15 15:53:09;SO59602;61-5244-70735;26705;48;8409,01;329,61;710,3;3878,11;Comment 4735
80277;2023-01-30 04:32:07;2021-03-21 22:39:35;2022-04-14 08:38:02;SO78001;83-7954-63932;14199;20;9614,18;201,12;230,96;9892,47;Comment 4736
63691;2020-07-05 04:25:03;2021-01-21 22:53:33;2021-12-03 15:05:54;SO60207;84-8862-18518;27030;17;8319,36;132,19;203,14;16061,34;Comment 4737
44679;2021-05-07 16:46:20;2020-07-13 17:21:15;2020-05-15 09:50:53;SO90887;97-9859-86247;97671;45;619,14;249,58;655,42;8208,66;Comment 4738
71392;2022-06-15 23:27:26;2020-02-29 18:10:08;2020-06-29 20:58:19;SO91999;57-9057-83653;51914;20;9732,6;98,62;409,14;18873,64;Comment 4739
84323;2023-12-03 21:41:29;2022-05-26 10:24:23;2022-12-10 03:43:28;SO63983;74-2176-61667;37485;18;1242,5;53,97;941,67;10528,25;Comment 4740
69294;2021-05-19 10:03:33;2020-03-28 07:22:00;2021-10-03 01:03:06;SO83648;44-6968-96958;48970;47;4433,26;152,64;828,69;6160,61;Comment 4741
15092;2023-09-22 17:46:01;2022-05-11 09:26:34;2023-01-20 06:04:25;SO10723;24-7081-87522;68354;12;3775,88;148,44;756;19991,73;Comment 4742
47969;2023-12-04 11:25:08;2022-08-04 03:11:19;2020-12-20 15:31:13;SO64777;57-9057-83653;24699;47;4273,3;463,06;326,8;10036,63;Comment 4743
17676;2020-04-02 04:50:27;2022-04-13 21:58:01;2021-04-14 11:41:32;SO63986;44-6968-96958;25916;42;3375,92;392,02;786,79;10445,13;Comment 4744
22216;2023-08-06 15:32:51;2022-03-25 17:49:56;2022-05-20 13:11:38;SO18333;72-3440-90827;87559;34;1054,94;69,22;116,62;14707,73;Comment 4745
40348;2022-08-05 12:28:30;2020-10-13 13:12:43;2021-04-18 04:09:11;SO72346;29-3530-22517;69889;33;7928,88;110,38;706,14;5277,72;Comment 4746
49375;2023-12-17 03:12:53;2022-09-05 11:35:30;2023-05-06 13:48:55;SO92948;74-2176-61667;97734;49;5631,22;347,16;809,41;19548,5;Comment 4747
30587;2020-04-10 12:24:16;2021-07-05 19:55:13;2023-06-25 02:31:08;SO24127;16-3417-49054;50214;37;9392,85;321,45;242,2;17476,01;Comment 4748
70921;2021-11-22 19:03:53;2021-09-09 17:53:47;2021-09-30 12:08:53;SO41490;49-7039-68376;63213;47;9666,1;392,68;581,9;8292,08;Comment 4749
33322;2020-06-14 05:33:24;2020-01-31 14:25:52;2022-07-30 01:10:02;SO66134;40-2409-67736;77797;8;6077,24;295,57;949,46;18594,84;Comment 4750
99589;2020-08-31 23:14:24;2023-05-28 11:00:22;2022-12-17 07:34:42;SO52327;98-8354-24626;67604;9;6868,28;431,3;553,54;13059,78;Comment 4751
87034;2020-05-31 21:50:28;2021-09-22 23:52:10;2023-07-28 02:30:35;SO76337;50-5389-75591;33732;5;3436,41;366,94;871,67;6543,16;Comment 4752
37024;2023-06-03 04:15:13;2021-11-04 05:42:07;2022-10-04 17:26:08;SO25647;98-8354-24626;39216;30;5566,35;380,17;583,18;8156,07;Comment 4753
86989;2022-04-08 13:10:42;2020-04-25 05:28:25;2022-12-07 06:55:59;SO73872;76-6173-91169;22602;4;1467,21;136,71;435,89;11023,22;Comment 4754
13237;2023-10-02 01:05:33;2023-01-06 23:05:41;2022-05-26 06:47:41;SO54354;48-2823-67639;79636;7;6654,87;219,26;572,88;17774,35;Comment 4755
41024;2021-06-07 12:14:18;2022-03-10 09:49:20;2022-07-24 00:24:59;SO23729;81-3143-56523;38141;14;2945,31;225,97;261,15;17398,34;Comment 4756
96509;2022-03-25 02:21:53;2022-10-15 20:34:57;2020-03-30 12:26:06;SO14514;61-5244-70735;51747;13;5285,05;85,98;271,25;8203,29;Comment 4757
43649;2020-09-07 17:05:07;2022-02-08 13:26:03;2020-07-16 15:11:02;SO29216;92-2389-56247;13270;26;7321,81;249,6;622,46;4885,28;Comment 4758
86077;2020-11-02 11:51:15;2020-06-12 10:09:09;2021-09-01 11:42:59;SO17003;30-1489-79011;45215;22;9545,29;53,86;124,22;3546,36;Comment 4759
10674;2022-07-02 07:18:37;2020-09-18 15:25:31;2021-10-31 05:42:12;SO72568;51-7541-34141;66968;28;6331,16;34,96;830,73;3602,27;Comment 4760
94207;2020-12-13 02:26:19;2020-01-06 18:44:12;2023-12-10 02:39:25;SO54077;73-8844-80299;55569;28;1992,86;315,96;394,6;7395,79;Comment 4761
54114;2020-10-12 18:15:07;2023-02-07 12:50:09;2022-01-13 23:14:21;SO48222;51-7602-22642;49076;42;6179,13;372,5;683,12;873,91;Comment 4762
74022;2020-06-16 01:03:29;2021-09-14 19:01:37;2020-07-06 09:50:02;SO77580;92-2389-56247;57626;9;6279,6;27,88;667,69;6603,8;Comment 4763
92555;2021-08-23 15:12:44;2021-10-12 09:34:06;2021-09-19 19:05:59;SO81164;78-5514-83427;15668;40;6570,53;313,15;495,47;17777,54;Comment 4764
75762;2023-05-11 21:41:23;2023-04-17 22:09:19;2021-04-09 16:54:31;SO34375;44-6968-96958;86471;36;5306,66;295,67;535,56;15500,74;Comment 4765
56792;2021-01-23 01:01:59;2023-04-02 11:18:23;2023-07-25 14:32:39;SO38703;83-7954-63932;93123;47;356,3;117,46;683,14;19112,07;Comment 4766
49810;2022-04-14 20:41:20;2021-01-18 22:40:47;2022-01-16 10:04:24;SO21094;49-7039-68376;49679;12;1109,3;141,95;912,72;16752,41;Comment 4767
33276;2020-11-19 03:04:33;2023-05-08 21:31:13;2020-02-29 04:10:19;SO83812;84-8862-18518;68401;5;859,81;357,67;501,2;14778,07;Comment 4768
86893;2020-06-07 10:59:07;2020-01-16 01:20:15;2020-09-15 20:35:56;SO46074;86-5535-57031;14573;18;5747,8;414,15;400,96;133,78;Comment 4769
92791;2020-02-19 02:34:36;2020-06-26 10:51:34;2022-03-22 07:58:23;SO45587;72-3440-90827;53717;41;9053,2;224,92;117,21;17662,21;Comment 4770
35777;2020-06-27 01:15:14;2023-02-04 12:22:17;2022-10-28 15:45:37;SO35975;16-3417-49054;40377;8;1062,64;398,14;116,11;19037,4;Comment 4771
62671;2020-01-21 21:49:43;2022-08-30 00:49:33;2021-01-19 01:14:50;SO88517;69-1886-36823;43267;7;3950,83;124,41;538,68;13852,96;Comment 4772
42684;2022-02-06 02:20:07;2022-03-25 09:22:28;2023-11-12 08:42:51;SO65521;23-8779-93758;17417;9;7158,74;242,58;654,67;13652,11;Comment 4773
63782;2022-10-25 19:52:14;2021-10-22 14:31:00;2022-04-30 03:15:19;SO58571;53-9319-74957;47133;45;6361,53;495,31;703,16;9238,43;Comment 4774
56015;2022-11-22 06:56:38;2023-04-26 12:23:54;2021-12-02 19:27:31;SO80210;74-3185-84739;27661;38;9321,66;75,48;819,8;5229,94;Comment 4775
31326;2020-02-08 11:13:19;2023-10-14 21:13:44;2020-08-28 00:51:59;SO25777;23-8779-93758;82859;35;4638,88;22,56;757,14;17982,09;Comment 4776
53733;2020-07-25 14:38:18;2022-04-22 00:55:19;2020-10-30 19:30:33;SO53519;63-4608-21366;36690;15;2778,44;225,43;931,77;15063,34;Comment 4777
48167;2021-09-17 03:39:37;2023-09-17 12:06:55;2021-09-03 00:09:24;SO47460;76-6173-91169;80572;21;3524,21;298,07;45,95;1971,02;Comment 4778
91427;2020-07-12 08:10:20;2020-06-25 22:22:12;2022-06-01 07:12:31;SO85008;96-7105-64379;41288;1;6246,97;197,2;45,76;19296,58;Comment 4779
82580;2020-04-02 17:31:22;2023-11-28 22:59:18;2022-03-17 02:08:05;SO64372;40-5683-25279;59579;42;301,7;83,97;313,48;12329,04;Comment 4780
96935;2021-09-16 05:39:55;2021-03-07 23:45:27;2020-02-06 12:01:52;SO29681;86-5535-57031;51809;29;1833,12;113,82;907,5;16387,08;Comment 4781
66651;2021-01-20 00:48:42;2020-01-01 06:13:04;2021-03-15 23:40:28;SO32806;28-4123-84663;89008;36;1769,13;207,68;167,88;11798,32;Comment 4782
32259;2020-12-23 11:56:54;2022-03-08 21:43:25;2021-04-10 19:45:57;SO61778;28-4123-84663;59182;21;738;55,68;144,15;12421,92;Comment 4783
83838;2020-11-08 05:46:31;2022-09-26 05:01:32;2023-01-14 09:37:19;SO25686;23-8779-93758;74476;7;6681,78;172,17;711,6;15942,23;Comment 4784
19502;2022-07-13 12:15:35;2023-10-29 22:02:59;2022-03-02 11:54:38;SO33737;22-4444-25264;66868;4;9536,9;212,42;300,74;7770,42;Comment 4785
10299;2023-10-22 13:58:19;2020-09-15 16:32:21;2023-05-31 07:05:52;SO83434;53-9319-74957;19792;18;6822,81;283,34;822,21;15175,59;Comment 4786
53030;2021-05-06 21:56:08;2023-08-16 23:25:12;2021-01-10 19:54:16;SO22362;24-7081-87522;20634;22;766,57;225,45;76,32;10062,12;Comment 4787
12156;2022-06-30 02:38:43;2022-09-08 20:49:32;2023-01-27 20:00:51;SO61616;92-2389-56247;46020;28;8194,73;418,76;200,86;15211,07;Comment 4788
66932;2023-06-28 06:17:38;2023-09-05 18:23:40;2020-08-04 01:22:04;SO23068;85-4116-52037;30813;39;7306,69;169,98;741,95;13189,58;Comment 4789
63860;2020-03-01 06:34:50;2020-11-11 22:30:56;2021-03-17 12:38:43;SO29088;96-7105-64379;89953;5;5956;493,5;104,11;10736,84;Comment 4790
95728;2023-06-05 01:11:37;2020-02-05 18:06:02;2022-09-17 02:51:34;SO99008;35-6579-94037;74050;34;1699,17;300,99;943,3;12177,39;Comment 4791
29536;2021-10-20 11:41:53;2023-05-13 11:29:12;2023-01-08 06:51:21;SO81298;24-7081-87522;65509;40;9471,03;254,09;126,42;11130,54;Comment 4792
87299;2021-12-03 11:32:24;2023-10-05 03:19:36;2021-05-03 19:56:48;SO10971;61-5244-70735;48983;42;4064,06;37,02;291,68;15401,33;Comment 4793
71182;2021-10-04 08:16:32;2020-01-28 08:55:41;2021-01-18 21:54:56;SO17846;49-7039-68376;75350;35;7175,57;34,67;615,23;3265,16;Comment 4794
32480;2022-04-09 17:01:55;2021-06-13 02:23:59;2020-08-04 04:30:11;SO39232;57-9057-83653;28126;30;3435,44;94,47;213,97;7294,24;Comment 4795
72839;2022-09-04 23:36:45;2021-02-22 17:13:47;2022-01-25 09:08:32;SO20791;83-7954-63932;91798;15;9110,01;243,61;337,4;2813,77;Comment 4796
85840;2023-06-24 20:12:29;2021-12-14 11:22:03;2023-05-27 18:19:06;SO98895;49-7039-68376;16338;34;893,88;429,12;935,36;11048,2;Comment 4797
37462;2022-05-24 10:25:18;2020-06-23 15:20:00;2020-05-19 18:06:30;SO83180;85-4116-52037;44283;25;4813,96;20,53;500,52;16893,08;Comment 4798
60058;2023-04-27 03:35:51;2021-10-27 05:21:38;2020-06-17 12:10:56;SO93077;85-4116-52037;64673;50;3736,69;33,64;269,61;18301,88;Comment 4799
19976;2021-12-17 04:30:42;2023-02-18 15:48:39;2022-09-09 17:54:02;SO66848;85-4116-52037;35833;50;6553,91;149,1;476,51;19543,32;Comment 4800
18357;2021-02-01 18:39:24;2021-01-20 11:37:21;2021-03-18 21:50:56;SO69087;85-4116-52037;67522;9;3682,89;304,82;302,32;14061,87;Comment 4801
12537;2023-05-09 16:24:35;2020-03-31 17:27:55;2021-04-06 17:50:00;SO66069;30-1489-79011;87014;18;3922,55;318,09;511,33;8142,66;Comment 4802
24692;2023-03-01 09:23:16;2020-03-01 12:32:01;2020-11-22 17:01:51;SO61123;49-7039-68376;12852;15;3403,47;481,88;814,6;3494,94;Comment 4803
14807;2020-05-17 21:06:42;2023-05-13 22:54:47;2023-09-16 00:58:50;SO68032;28-6393-31125;89607;31;6138,78;328,26;767,37;4948,54;Comment 4804
95834;2023-06-20 18:34:11;2020-05-24 18:34:08;2020-12-15 15:26:40;SO76180;76-6173-91169;40513;32;5465,03;475,43;463,11;4729,71;Comment 4805
55304;2020-10-01 19:38:11;2022-02-23 03:09:54;2023-08-03 07:22:52;SO14386;17-6178-77430;65573;26;3169,06;272,92;864,52;17926,69;Comment 4806
26030;2022-05-23 23:49:59;2022-09-28 18:37:56;2020-05-23 20:56:26;SO43218;84-8862-18518;56231;29;9243,29;172,67;293,54;3371,36;Comment 4807
95207;2020-09-06 13:31:34;2023-06-06 11:46:26;2021-12-22 00:45:09;SO38148;60-7449-26711;32822;34;8512,76;358,06;938,93;12490,72;Comment 4808
83012;2023-08-09 04:40:06;2022-02-26 20:04:01;2023-03-01 10:52:20;SO15304;76-6173-91169;93363;35;3447,5;326,28;575,3;2586,16;Comment 4809
16686;2023-10-24 19:58:59;2021-01-30 03:32:48;2020-01-19 06:26:51;SO11416;84-8862-18518;95763;7;184,65;417,83;371,19;9528,18;Comment 4810
72878;2022-12-18 04:39:52;2022-10-19 19:42:20;2020-11-09 12:23:30;SO94320;76-6173-91169;24082;16;247,57;17,64;677,69;9642,33;Comment 4811
54779;2022-12-06 08:26:06;2021-10-11 15:39:10;2020-04-01 22:20:17;SO42170;28-4123-84663;69252;7;6090,58;186,9;216,76;10742,33;Comment 4812
94584;2021-04-08 13:23:37;2020-07-06 02:05:08;2023-04-12 19:00:25;SO20863;17-6178-77430;90301;19;3642,73;69,3;903,48;16217,07;Comment 4813
36869;2022-08-30 12:29:54;2022-03-05 09:55:40;2020-01-17 00:23:13;SO58264;44-6968-96958;24105;39;7484,55;39,73;783,25;16807,79;Comment 4814
70952;2021-05-06 07:46:18;2020-03-31 18:36:19;2021-05-27 00:33:41;SO93618;61-5244-70735;32690;2;3958,89;483,12;796,33;807,67;Comment 4815
60331;2023-01-02 02:01:05;2020-06-19 10:02:47;2020-06-09 17:19:25;SO75268;73-8844-80299;79502;9;8468,43;468,87;433,61;14538,54;Comment 4816
97841;2020-06-22 07:50:15;2023-07-22 07:39:56;2020-02-15 12:51:45;SO85249;48-2823-67639;82686;32;2386,48;133,42;861,95;12696,57;Comment 4817
80499;2022-03-11 07:08:33;2023-02-15 08:08:29;2022-09-26 04:28:07;SO97034;74-2176-61667;21087;3;9091,83;49,96;728,94;18737,47;Comment 4818
35229;2020-09-24 22:41:34;2021-09-25 19:38:39;2020-08-25 06:59:53;SO37374;85-4116-52037;17150;13;6714,5;183,34;314,47;6652,31;Comment 4819
45115;2022-01-03 08:49:14;2023-02-28 08:04:14;2023-08-28 23:24:58;SO35083;40-5683-25279;20109;16;7478,89;450,57;479,87;5350,81;Comment 4820
77540;2022-10-09 14:14:48;2023-10-19 11:16:26;2022-11-15 22:56:42;SO54557;69-8859-80035;14880;46;7638,87;51,02;400,25;18507,06;Comment 4821
86615;2021-01-17 20:25:41;2023-05-20 08:54:41;2020-12-17 02:10:56;SO13863;84-8862-18518;61638;8;3231,2;318,97;311,06;12100,24;Comment 4822
99097;2022-04-22 05:30:39;2020-08-17 05:40:40;2023-06-07 18:05:40;SO51999;84-7460-34357;11685;18;4367,53;373,65;441,31;14596,31;Comment 4823
70877;2023-01-15 02:09:36;2023-01-05 04:23:21;2022-02-28 08:36:32;SO77458;24-7081-87522;17356;9;5990,43;61,21;613,05;3281,9;Comment 4824
74144;2023-01-15 12:50:25;2020-01-05 16:01:19;2020-11-18 14:09:40;SO71727;84-8862-18518;42743;41;1648,53;229,03;565,83;10744,57;Comment 4825
47221;2022-02-23 07:40:47;2021-10-06 11:25:17;2022-10-29 01:06:55;SO35902;60-7449-26711;16389;5;6787,53;214,83;266,95;8826,08;Comment 4826
19335;2021-02-13 04:37:27;2020-05-24 06:39:04;2023-07-13 12:22:47;SO64591;17-6178-77430;28164;11;9141,99;144,73;468,43;2790,56;Comment 4827
55325;2021-06-18 01:23:41;2023-05-12 02:16:47;2021-06-04 11:47:05;SO24096;86-5535-57031;85048;26;7506,43;74,39;122,1;8531,22;Comment 4828
64847;2023-07-26 07:53:54;2022-12-12 09:48:01;2020-09-23 07:44:48;SO45610;23-8779-93758;89214;46;1975,03;187,19;723,02;10552,24;Comment 4829
27753;2022-11-02 21:23:41;2021-11-22 15:25:40;2023-07-09 20:56:15;SO60047;51-7602-22642;95496;39;9721,87;434,03;685,37;11609,89;Comment 4830
38728;2022-07-14 19:38:23;2023-12-04 03:42:57;2020-10-18 16:04:31;SO66694;40-2409-67736;77918;11;9070,64;136,65;365,15;13381,16;Comment 4831
70085;2020-08-09 05:07:04;2023-08-07 02:50:08;2023-07-21 04:21:53;SO29982;50-5389-75591;16062;3;9027,56;160,16;923,84;4395,59;Comment 4832
89011;2020-06-03 10:14:54;2022-11-22 21:14:28;2021-05-06 17:51:38;SO70330;96-7105-64379;16359;44;4768,61;243,28;895,88;12263,69;Comment 4833
47514;2021-02-24 13:05:37;2020-08-02 02:05:54;2021-05-17 18:41:25;SO75256;51-7602-22642;40395;27;7130,79;130,74;235,61;13560,92;Comment 4834
37536;2022-10-09 03:29:25;2022-01-24 20:24:47;2023-03-20 01:20:13;SO77611;71-9532-69420;26787;25;6361,26;187,78;352,77;18887,09;Comment 4835
73536;2021-01-13 04:42:18;2023-04-10 09:03:29;2021-01-22 08:00:23;SO17899;40-5683-25279;70985;14;9002,99;238,37;736,85;13096,37;Comment 4836
66371;2021-09-08 11:38:15;2023-02-01 18:24:36;2020-04-23 12:36:06;SO11076;85-4116-52037;33501;5;1620,64;393,09;967,75;13362,93;Comment 4837
69533;2021-04-02 01:04:50;2021-10-08 15:26:27;2023-04-08 13:44:34;SO21027;81-3143-56523;45216;34;5148,76;372,06;92,57;12883,56;Comment 4838
12789;2023-12-23 02:29:29;2022-01-21 09:00:40;2020-08-12 20:05:20;SO59617;96-7105-64379;43234;15;3806,37;237,56;331,84;6951,09;Comment 4839
25383;2020-02-09 17:35:26;2020-11-28 03:33:13;2023-03-14 01:09:24;SO78848;92-2389-56247;26907;29;7850,34;318,69;205,19;9942,63;Comment 4840
51279;2021-07-17 22:47:50;2022-02-15 08:19:41;2020-10-31 13:53:07;SO45023;69-8859-80035;48662;30;6907,88;475,11;282,5;8917,86;Comment 4841
46103;2022-05-25 16:01:51;2022-12-10 09:39:42;2020-11-10 23:31:50;SO65457;28-4123-84663;38960;1;1731,69;88,13;196,13;19622,6;Comment 4842
90731;2023-02-17 09:52:58;2020-04-24 05:48:23;2021-01-17 18:37:43;SO98484;78-5514-83427;58012;43;4149,28;156,03;944,13;15892,69;Comment 4843
26727;2021-06-23 02:50:08;2021-10-17 09:47:29;2021-07-12 11:43:28;SO41093;60-7449-26711;89357;46;2418,16;82,8;274,18;13609,27;Comment 4844
34023;2023-06-06 12:59:46;2022-06-30 02:39:02;2022-10-17 10:51:45;SO45618;30-1489-79011;48237;25;6001,58;45,61;761,73;19666,68;Comment 4845
34499;2021-08-22 23:53:09;2021-04-14 17:05:03;2020-06-11 09:54:44;SO75483;69-8859-80035;36268;24;6312,66;314,36;875,51;253,95;Comment 4846
35368;2020-12-09 22:36:09;2023-12-03 06:06:22;2023-09-17 14:28:27;SO88841;42-3255-58813;67970;3;8545,84;490,6;790,65;1134,17;Comment 4847
68260;2021-02-14 23:34:21;2021-04-26 05:28:23;2020-01-14 03:36:17;SO78525;60-7449-26711;32301;21;7371,02;187,56;454,88;9443,79;Comment 4848
25662;2021-06-18 15:06:12;2020-06-06 15:29:25;2022-11-07 18:01:27;SO63273;78-5514-83427;45325;14;2028,08;231,43;598,6;18310,92;Comment 4849
77845;2020-08-28 19:33:15;2022-03-04 04:26:02;2023-05-24 02:17:41;SO17762;17-6178-77430;17232;14;4566,16;477,31;460,43;13579,05;Comment 4850
69484;2021-01-11 09:21:01;2020-01-26 01:04:06;2022-08-20 03:25:32;SO21081;71-9532-69420;57646;22;1506,87;337,66;317,87;15128,6;Comment 4851
99875;2020-01-22 00:46:13;2020-11-27 01:49:08;2023-09-08 11:39:17;SO36257;69-1886-36823;25700;1;5951,09;98,43;444,45;2961,69;Comment 4852
28164;2022-04-16 09:48:50;2022-03-25 08:44:37;2022-03-25 09:41:33;SO40915;35-6579-94037;30932;39;7814,54;135,34;322,29;1454,37;Comment 4853
32313;2021-07-13 00:51:49;2022-04-26 22:24:06;2022-06-30 08:34:43;SO68133;51-7602-22642;30632;6;4884,6;183,21;275,78;19196,67;Comment 4854
28223;2022-05-31 03:40:07;2023-03-12 06:50:18;2022-11-01 13:10:32;SO55751;49-7039-68376;10300;41;2526,35;455,49;824,61;15981,65;Comment 4855
42208;2023-01-16 00:59:39;2020-05-03 10:29:32;2022-08-25 10:29:07;SO51725;74-3185-84739;41867;44;4192,98;19,03;259,47;13186,84;Comment 4856
71300;2023-12-06 12:42:57;2022-02-13 22:15:00;2022-09-27 21:08:05;SO12979;63-4608-21366;61222;23;3755,01;115,76;933,85;12709,21;Comment 4857
77969;2022-08-22 21:23:51;2021-08-24 08:28:54;2020-10-30 19:21:18;SO82390;74-2176-61667;18059;18;2921,58;447,23;104,88;3836,1;Comment 4858
79954;2021-12-18 22:00:39;2022-03-02 22:32:47;2020-07-29 19:57:05;SO29928;50-5389-75591;74762;34;9277,97;184,41;992,57;18396,68;Comment 4859
30130;2022-05-02 11:44:00;2022-02-17 10:11:26;2022-01-23 04:16:13;SO41186;74-3185-84739;33703;29;5903,96;408,02;598,61;1121,43;Comment 4860
70218;2023-10-18 15:16:32;2021-06-20 18:39:51;2021-04-12 16:02:35;SO65538;96-7105-64379;72457;17;8939,5;177,47;185,06;19588,34;Comment 4861
75262;2022-10-07 09:34:30;2023-02-10 00:04:18;2023-09-29 03:52:49;SO30163;74-3185-84739;98107;1;4146,09;316,63;282,53;19540,25;Comment 4862
21799;2023-04-22 19:06:15;2020-04-21 18:49:15;2022-04-06 03:10:07;SO20367;78-5514-83427;99355;47;2923,63;152,47;700,44;14520,95;Comment 4863
95993;2021-03-16 16:04:56;2023-02-02 04:28:14;2023-04-24 07:56:08;SO70487;97-9859-86247;21828;33;7350,48;192,62;466,16;17021,3;Comment 4864
27578;2022-11-06 04:07:17;2023-06-21 16:32:57;2021-09-06 14:25:08;SO36143;66-4277-92738;60114;22;1881,57;166,45;791,21;13083,21;Comment 4865
93013;2020-01-26 23:00:43;2020-04-05 15:58:48;2020-09-28 05:57:51;SO95126;66-4277-92738;64812;16;5933,94;201,83;762,2;15760,27;Comment 4866
10273;2021-01-04 07:33:02;2021-04-01 08:47:07;2023-10-08 13:40:31;SO35994;51-7541-34141;73356;20;7834,01;74,21;933,01;7105,77;Comment 4867
26296;2023-06-24 22:27:47;2023-07-13 11:26:39;2023-09-11 23:41:06;SO11169;60-7449-26711;96280;48;9237,5;100,85;85,21;3708,23;Comment 4868
62901;2022-11-07 23:27:44;2020-03-24 05:20:35;2022-03-28 03:59:58;SO78692;53-9319-74957;68499;42;3398,75;247,49;396,8;1986,98;Comment 4869
21242;2022-02-02 00:32:40;2021-05-11 12:46:45;2021-03-10 00:05:45;SO72432;84-8862-18518;89862;8;6628,27;478,13;458,67;15490,53;Comment 4870
20361;2023-01-23 07:52:13;2022-01-14 10:19:45;2020-12-25 17:26:15;SO82866;84-8862-18518;19744;40;4345,52;345,76;229,95;17541,13;Comment 4871
56994;2022-05-01 22:54:46;2023-06-26 22:19:44;2020-09-02 13:31:26;SO25677;81-3143-56523;96310;13;6762,32;398,35;261,44;1402,91;Comment 4872
35953;2021-02-18 03:28:42;2022-02-22 01:32:11;2020-05-01 12:01:59;SO37073;69-8859-80035;83946;40;6711,73;107,69;278,6;12971,84;Comment 4873
81391;2023-08-08 09:41:56;2020-11-01 04:23:38;2023-01-23 15:38:36;SO51781;42-3255-58813;56885;3;5387,81;12,51;515,29;3045,06;Comment 4874
66924;2021-09-20 02:38:01;2022-11-22 11:12:12;2023-07-03 07:44:49;SO97147;23-8779-93758;79199;47;8619,66;70,71;23,9;4083,32;Comment 4875
77515;2023-10-28 14:06:18;2020-08-11 20:24:14;2020-06-22 06:02:24;SO34474;53-9319-74957;11636;31;2174,67;76,84;231,32;17968,65;Comment 4876
90998;2023-12-07 21:36:20;2023-03-09 18:09:03;2020-05-01 07:41:48;SO81041;61-5244-70735;65778;45;4261,79;335,76;826,69;7301,43;Comment 4877
67475;2020-12-11 15:03:11;2020-05-14 03:35:49;2023-02-06 06:28:20;SO78268;28-6393-31125;17729;44;7744,76;409,35;183,32;9265,68;Comment 4878
14643;2020-05-04 06:17:47;2023-09-30 15:57:45;2022-10-18 14:45:26;SO73897;66-2881-24904;60256;37;7967,26;106;418,93;189,13;Comment 4879
91245;2020-11-12 19:43:33;2022-06-06 06:04:40;2020-01-08 07:14:38;SO70614;35-6579-94037;38193;3;6027,43;31,96;935,86;4829,83;Comment 4880
15798;2021-06-27 05:17:03;2021-02-01 19:41:55;2020-07-01 09:22:06;SO21537;28-4123-84663;76353;30;7854,05;499,28;863,53;4286,72;Comment 4881
43801;2020-06-24 12:52:01;2022-04-14 17:57:55;2021-12-29 23:56:44;SO17906;63-4608-21366;73926;6;793,78;349,39;413,42;10614,17;Comment 4882
20461;2023-10-24 12:30:36;2023-11-27 07:42:11;2023-05-28 19:13:00;SO80064;72-3440-90827;13214;24;9459,63;56,21;242,36;10188,78;Comment 4883
77342;2021-02-22 09:25:15;2023-02-19 05:10:50;2020-12-30 12:04:11;SO80556;81-3143-56523;39504;3;911,45;210,65;211;14100,24;Comment 4884
90224;2020-10-20 10:52:00;2022-07-22 21:17:18;2021-04-03 13:03:12;SO93958;84-8862-18518;91356;40;4458,9;324,88;620,6;18207,11;Comment 4885
83566;2020-08-06 02:12:11;2021-09-02 08:15:28;2022-08-31 16:26:31;SO57451;76-6173-91169;95232;46;1926,06;287,36;864,61;17286,45;Comment 4886
77589;2020-06-29 07:58:51;2020-06-05 13:53:05;2022-03-13 07:39:02;SO42120;92-2389-56247;63706;27;1318,31;440,87;482,77;4614,1;Comment 4887
33193;2020-03-30 20:58:12;2020-09-15 04:50:18;2023-06-19 19:43:47;SO58285;71-9532-69420;62220;39;424,42;367,17;227,22;18680,2;Comment 4888
45686;2020-04-24 08:00:46;2020-04-13 03:45:11;2020-02-01 03:20:42;SO51760;66-2881-24904;67749;2;1670,56;353,21;171,39;12006,03;Comment 4889
50334;2023-06-16 13:44:37;2021-03-11 14:02:15;2023-07-07 19:32:39;SO84692;84-8862-18518;17390;46;6759,78;99,93;773,96;9101,62;Comment 4890
62239;2020-09-21 09:52:41;2020-02-29 00:53:00;2023-12-05 13:03:38;SO12324;98-8354-24626;53007;24;1083,26;267;970,02;17366,84;Comment 4891
73781;2021-03-29 20:51:34;2022-06-19 09:56:31;2021-03-06 09:45:08;SO95873;40-2409-67736;56640;43;7063,45;469,47;335,43;6286,77;Comment 4892
89187;2023-07-03 20:02:46;2023-09-13 05:38:27;2020-10-25 07:11:38;SO77710;40-5683-25279;53930;4;2288,55;419,91;559,27;2033,53;Comment 4893
81705;2022-10-21 00:54:16;2021-08-19 11:00:24;2020-08-01 00:49:24;SO65532;74-3185-84739;51520;43;9943,11;489,49;314,04;8394,83;Comment 4894
77287;2023-02-20 16:46:47;2021-01-18 00:21:53;2020-11-26 03:56:16;SO25021;44-6968-96958;35451;44;3857,2;251,57;821,78;17816,27;Comment 4895
34942;2020-12-19 13:46:48;2023-06-27 21:03:27;2021-06-05 22:54:31;SO15433;98-8354-24626;25565;43;3967,91;276,47;825,59;10439,18;Comment 4896
18838;2023-04-14 19:05:56;2023-10-28 12:23:02;2022-08-31 09:54:23;SO20203;96-7105-64379;94015;46;5699,03;447,68;430,51;13951,55;Comment 4897
49582;2023-01-28 12:57:40;2023-02-27 18:51:03;2020-05-20 19:23:49;SO71076;96-7105-64379;62721;44;6730,44;498;905,69;12088,36;Comment 4898
89295;2022-10-22 17:26:40;2022-01-06 22:25:01;2023-10-06 11:40:53;SO89515;57-9057-83653;86641;4;5959,22;61,29;170,9;7454,33;Comment 4899
86132;2023-06-01 01:34:38;2020-08-22 23:43:18;2022-02-15 21:37:05;SO82035;75-3751-62094;29251;31;4518,98;103,87;397,71;5314,79;Comment 4900
64866;2023-09-21 06:26:01;2023-07-18 21:06:17;2021-07-29 12:27:21;SO48338;49-7039-68376;88791;42;6049,78;176,02;352,95;3305,36;Comment 4901
10616;2023-01-29 05:37:39;2022-01-19 20:44:18;2020-07-01 23:14:40;SO67513;69-8859-80035;52500;36;9858,2;132,13;722,45;3530,64;Comment 4902
58278;2023-10-24 13:34:29;2022-02-19 04:09:35;2022-07-02 19:55:19;SO77340;83-7954-63932;86555;17;4160,97;376,22;387,65;7478,44;Comment 4903
91377;2022-06-15 04:46:01;2023-07-07 09:10:13;2021-06-10 00:21:45;SO11599;84-7460-34357;99102;40;619,55;265,47;114,17;1367,94;Comment 4904
25209;2022-05-12 14:38:35;2020-06-12 14:27:10;2021-05-18 08:59:24;SO86726;17-6178-77430;71784;40;374,91;406,68;874,06;6792,22;Comment 4905
69416;2023-12-14 03:43:49;2022-10-24 17:51:38;2022-07-12 22:55:42;SO97790;78-5514-83427;23680;30;6427,19;216,68;232,28;5785,99;Comment 4906
24503;2021-08-28 04:22:43;2023-01-21 22:06:26;2022-06-22 12:36:07;SO15504;74-2176-61667;62162;46;5606,18;33,51;760,87;13459,63;Comment 4907
71021;2023-12-21 23:57:20;2021-10-28 19:59:53;2022-03-29 00:34:56;SO56457;28-4123-84663;15647;50;4722,3;107,66;200,64;7870,8;Comment 4908
50447;2020-03-23 21:40:52;2020-08-08 03:40:12;2023-10-26 09:21:24;SO13739;97-9859-86247;52954;23;5606,11;343,08;221,12;19606,55;Comment 4909
55861;2023-04-08 01:00:15;2020-05-27 15:58:06;2023-10-06 16:55:18;SO50188;23-8510-71623;21210;48;346,67;127,45;370,46;2976,79;Comment 4910
77236;2021-12-20 18:13:12;2023-03-21 13:11:28;2021-11-06 15:01:59;SO73701;69-8859-80035;72132;7;943,56;311,92;334,47;15661,8;Comment 4911
67654;2021-05-02 16:38:06;2022-09-04 03:06:05;2023-05-17 07:48:38;SO34121;72-3440-90827;49357;6;4241,21;260,3;357,2;18876,45;Comment 4912
67439;2022-09-04 00:18:40;2022-09-01 21:44:08;2022-11-15 21:56:29;SO61141;78-5267-32468;87565;34;6595,77;318,53;603,78;15876,07;Comment 4913
17900;2023-07-21 06:42:57;2023-01-30 02:33:01;2021-08-01 08:01:10;SO14694;17-6178-77430;60825;40;3123,21;322,77;540,08;7392,53;Comment 4914
58506;2023-04-06 15:14:10;2022-06-10 20:13:30;2023-07-07 05:45:17;SO60789;66-4277-92738;76156;29;8124,05;316,21;60,52;7321,13;Comment 4915
94128;2023-12-03 07:21:51;2021-09-18 19:23:30;2022-02-03 10:08:41;SO44303;30-1489-79011;82902;11;8500,18;291,46;792,94;5156,46;Comment 4916
62848;2020-04-07 03:43:01;2021-07-31 05:07:04;2023-04-09 22:14:52;SO89152;42-3255-58813;24898;49;6177,54;212,83;711,42;1875,56;Comment 4917
61601;2022-02-11 20:17:59;2021-08-02 11:29:51;2021-08-17 11:30:19;SO27587;16-3417-49054;66461;9;1519,14;71,65;522,22;18606,14;Comment 4918
24950;2020-08-28 15:22:42;2021-06-28 13:49:39;2020-05-18 22:29:30;SO35680;49-7039-68376;48741;11;5901,3;282,33;116,15;1699,22;Comment 4919
10336;2022-01-30 17:22:05;2020-10-08 15:04:29;2020-01-17 21:43:19;SO77205;48-2823-67639;15690;11;9795,68;132,51;983,62;17614,81;Comment 4920
63960;2021-06-11 10:26:36;2022-12-28 05:16:00;2023-03-23 07:32:43;SO94377;40-2409-67736;60137;9;4100,09;113,94;758,43;756,07;Comment 4921
30980;2022-07-17 15:03:15;2023-04-15 03:15:47;2022-10-14 23:02:58;SO15331;57-9057-83653;37487;47;5531,99;275,23;410,85;7512,08;Comment 4922
67569;2022-05-04 21:59:52;2023-01-18 16:16:31;2021-04-21 14:13:00;SO14260;29-3530-22517;38883;37;3816,63;284,91;550,53;11544,92;Comment 4923
98343;2022-08-04 03:12:15;2023-09-01 23:59:50;2023-09-03 21:25:18;SO90814;48-2823-67639;54820;44;2817,01;51,18;385,61;9297,46;Comment 4924
24346;2021-05-09 12:07:57;2022-07-09 09:28:39;2021-01-13 19:45:14;SO63619;71-9532-69420;61815;15;9658,31;230,98;305,57;13804,67;Comment 4925
89535;2021-08-28 09:35:20;2023-03-26 22:55:47;2023-05-31 23:38:12;SO95619;17-6178-77430;12168;32;1208,4;206,75;570,68;9725,8;Comment 4926
93605;2022-11-01 02:52:30;2022-12-23 05:54:17;2020-10-16 10:58:17;SO36784;23-8779-93758;71851;5;5807,75;359,7;579,12;4722,76;Comment 4927
11134;2022-01-17 07:51:03;2020-03-06 00:38:58;2023-01-22 15:21:54;SO10204;74-2176-61667;47213;1;5225,02;127,77;193,34;13007,08;Comment 4928
76159;2020-03-17 22:18:36;2020-08-13 04:20:49;2022-07-06 07:36:18;SO77504;85-4116-52037;30878;44;6078,9;52,73;548,99;19196,08;Comment 4929
44770;2022-08-09 10:47:33;2021-10-15 08:29:20;2022-02-23 14:30:23;SO89618;24-7081-87522;82180;16;8110,7;349,15;302,34;14920,65;Comment 4930
25664;2023-01-21 10:13:01;2020-02-12 13:47:16;2021-07-29 09:58:26;SO10496;24-7081-87522;66894;50;411,5;322,98;528,98;1371,1;Comment 4931
75602;2023-09-09 01:48:25;2021-01-30 09:16:11;2020-06-19 02:29:22;SO11002;85-4116-52037;20422;49;3661,55;277,41;211,96;9933,7;Comment 4932
42781;2023-02-15 23:40:45;2021-12-11 06:39:28;2021-06-01 17:38:27;SO93149;61-5244-70735;80390;40;1970,83;136,55;233,35;19173,96;Comment 4933
97283;2023-12-30 11:51:31;2021-07-24 11:35:16;2020-07-10 11:45:02;SO31775;42-3255-58813;98393;14;2654,04;25,74;748,26;4267,04;Comment 4934
90974;2020-11-04 16:45:04;2020-10-28 13:07:34;2021-07-21 08:35:48;SO98900;85-4116-52037;35039;20;3154,3;71,16;158,71;17505,54;Comment 4935
11052;2022-12-06 07:36:40;2020-01-05 22:45:42;2022-08-30 00:25:23;SO38786;74-3185-84739;37019;45;9486,26;244,9;269,8;13104,65;Comment 4936
61286;2021-01-21 19:50:56;2023-11-25 00:42:32;2022-10-27 18:59:39;SO70187;17-6178-77430;86623;38;9576,99;15,57;264,13;9530,82;Comment 4937
78915;2021-06-07 15:59:09;2021-07-29 06:37:11;2021-12-17 05:51:48;SO90908;81-3143-56523;58846;49;3774,27;127,59;569,97;15275,46;Comment 4938
69237;2022-08-08 17:42:05;2021-12-02 21:11:35;2022-12-10 21:19:04;SO70266;69-8859-80035;38852;7;1122,23;190,34;264,5;9163,14;Comment 4939
76329;2021-02-08 21:44:23;2022-12-14 09:39:17;2021-11-17 11:33:17;SO53011;30-1489-79011;55899;24;6812,33;252,3;388,57;15021,72;Comment 4940
46572;2022-12-27 17:38:32;2020-12-25 20:48:19;2023-03-25 08:17:05;SO93192;86-5535-57031;35688;40;9989,55;201,25;19;2387,56;Comment 4941
40036;2020-04-30 05:03:51;2022-04-25 19:23:01;2022-07-24 05:03:53;SO30094;78-5514-83427;64672;27;3799,5;162,51;676,6;323,38;Comment 4942
52079;2021-07-01 21:37:04;2021-11-16 03:15:03;2022-03-28 21:44:41;SO53451;16-3417-49054;74066;8;7947,94;141,68;869,46;6232,74;Comment 4943
35860;2022-11-19 15:38:00;2023-04-01 15:39:40;2020-03-03 05:00:09;SO84959;24-7081-87522;71788;5;8102,06;318,29;893,59;18609,11;Comment 4944
85618;2022-07-27 17:35:46;2020-07-21 20:49:45;2022-04-15 01:27:55;SO52203;83-7954-63932;29024;18;2056,85;497,11;801,63;8662,1;Comment 4945
26466;2022-09-01 22:53:36;2020-04-27 15:32:46;2023-06-25 16:51:55;SO37498;66-2881-24904;44779;10;6099,33;360,3;464,65;15307,07;Comment 4946
38955;2020-01-21 21:13:19;2021-11-02 10:09:27;2020-03-20 17:10:27;SO22965;61-5244-70735;74027;42;1070,73;370,7;948,37;11841,89;Comment 4947
20627;2023-06-19 06:19:38;2023-08-20 05:31:35;2020-05-25 01:39:48;SO31068;28-4123-84663;69611;33;2933,7;470,01;173,11;10296,1;Comment 4948
50443;2021-02-13 17:54:54;2022-10-24 01:51:14;2021-10-22 06:59:32;SO42601;73-8844-80299;16479;9;5222,06;173,8;242,36;1556,62;Comment 4949
24583;2020-03-29 00:19:31;2022-11-17 07:35:17;2022-07-23 20:10:43;SO94878;66-2881-24904;44448;42;9325;450,17;161,58;12025,95;Comment 4950
38792;2023-05-27 09:04:46;2020-11-27 08:56:42;2022-01-13 13:49:13;SO29791;23-8510-71623;91138;50;4050,82;213,87;955,75;9118,62;Comment 4951
55120;2021-03-11 07:30:31;2023-10-01 09:41:49;2022-03-05 21:31:02;SO58508;81-3143-56523;97023;37;4584,42;295,94;331,44;16455,29;Comment 4952
43308;2021-12-02 12:44:43;2020-11-18 22:26:40;2021-12-31 00:30:12;SO51653;69-8859-80035;77240;23;4553,68;339,06;157,24;13940,34;Comment 4953
86995;2023-03-31 15:42:00;2021-12-28 23:39:16;2022-12-29 17:39:37;SO68381;83-7954-63932;63016;50;847,22;67,76;998,58;13033,19;Comment 4954
39194;2021-12-20 19:41:12;2023-05-31 02:27:51;2023-06-19 16:18:23;SO31831;78-5267-32468;16470;36;5059,06;178,81;832,01;9925,43;Comment 4955
59315;2020-04-25 17:28:09;2020-05-05 10:30:52;2022-01-28 18:17:37;SO76687;75-3751-62094;64193;41;6785,68;122,91;280,16;2344,93;Comment 4956
11314;2021-05-14 15:21:51;2020-03-02 12:09:47;2022-05-22 12:53:46;SO86144;42-3255-58813;65226;47;8521,11;216,06;984,89;3902,14;Comment 4957
17863;2023-03-23 01:39:46;2020-11-12 07:03:50;2022-02-07 00:31:04;SO74024;71-9532-69420;83614;1;2527,99;182,03;140,33;4224,79;Comment 4958
38846;2021-12-16 09:18:41;2022-11-10 09:47:03;2021-03-22 21:35:19;SO92242;16-3417-49054;20870;14;4373,38;299,86;254,84;17243,72;Comment 4959
96351;2020-06-14 13:32:14;2020-09-11 05:58:40;2020-03-22 17:38:00;SO68427;28-4123-84663;53914;26;9710,96;21,67;393,63;18118,55;Comment 4960
19708;2020-09-23 19:47:27;2021-07-26 07:39:15;2020-12-24 00:15:54;SO26511;75-3751-62094;83401;24;488,35;71,93;195,33;9115,37;Comment 4961
33531;2023-10-12 10:33:51;2022-01-24 07:42:10;2022-11-08 01:20:38;SO35585;30-1489-79011;14220;24;8327,46;447,64;622,48;14159,48;Comment 4962
98417;2022-07-22 18:58:54;2022-01-07 09:42:48;2023-02-19 17:28:38;SO23582;23-8510-71623;39646;28;1777,2;202,34;875,17;12655,29;Comment 4963
34718;2021-01-21 09:23:58;2023-09-11 08:09:40;2022-01-25 13:35:19;SO63811;57-9057-83653;53831;17;5033,19;366,31;84,79;16254;Comment 4964
82167;2020-11-17 22:49:41;2022-09-12 15:43:26;2021-05-29 11:16:12;SO61134;78-5514-83427;59924;50;8495,79;463,75;870,11;17242,47;Comment 4965
46328;2022-08-28 02:44:28;2023-10-29 16:06:03;2020-04-30 11:06:19;SO26016;17-6178-77430;60764;10;7474,03;305,18;736,23;1502,01;Comment 4966
35107;2020-10-20 08:39:12;2022-12-27 13:49:06;2023-09-25 09:45:50;SO79911;28-4123-84663;63067;14;9020,48;66,94;88,78;3261,47;Comment 4967
18560;2021-03-16 10:51:05;2023-07-04 05:23:49;2022-04-25 18:02:06;SO87725;50-5389-75591;73569;29;5356,63;102;45,68;9396,52;Comment 4968
90379;2022-08-22 08:30:12;2023-02-07 01:42:39;2020-02-08 18:37:56;SO58248;83-7954-63932;51715;37;6967,12;41,89;287,37;6496,96;Comment 4969
43568;2020-10-02 09:59:38;2023-08-23 03:54:19;2020-06-29 03:24:12;SO51114;84-8862-18518;89695;48;8108,1;370,83;931,89;14049,68;Comment 4970
92496;2022-10-24 14:46:35;2023-05-11 01:16:47;2022-02-05 12:58:25;SO13873;86-5535-57031;28610;43;9049,59;194,15;211,91;12532,4;Comment 4971
44225;2022-01-29 19:44:19;2021-10-09 00:19:49;2022-12-18 15:56:25;SO39301;75-3751-62094;65440;18;9772,48;91,49;704,91;7069,01;Comment 4972
89471;2020-01-10 21:20:06;2021-07-07 09:52:36;2023-07-10 08:18:52;SO44734;40-5683-25279;85943;7;5081,45;381,82;798,1;15515,39;Comment 4973
30309;2023-07-19 12:12:58;2020-02-06 03:08:10;2021-12-10 21:41:38;SO75350;57-9057-83653;57544;37;3781,37;160,1;15,87;13888,95;Comment 4974
15264;2021-03-12 03:02:10;2022-04-17 07:52:08;2021-08-02 00:29:23;SO76830;48-2823-67639;52211;20;7645,37;480,2;143,16;8252,48;Comment 4975
93245;2022-12-13 09:31:25;2020-09-21 12:31:05;2021-01-16 07:47:44;SO75659;86-5535-57031;78992;11;9953,56;377,54;215,91;6963,5;Comment 4976
15144;2022-03-06 09:07:32;2021-03-08 21:59:12;2023-05-12 20:41:31;SO63726;73-8844-80299;78717;39;3746,18;307,4;395,05;4718,56;Comment 4977
70332;2021-08-26 16:08:03;2021-12-24 03:02:22;2020-05-10 17:48:13;SO23076;48-2823-67639;48925;50;9212,4;370,82;77,05;15922,7;Comment 4978
34651;2020-02-22 13:26:00;2023-05-22 11:55:07;2021-09-11 23:11:12;SO77254;50-5389-75591;32019;41;6265,77;126,53;193,25;7564,08;Comment 4979
24198;2023-09-03 13:14:05;2023-02-19 23:01:16;2021-02-10 07:09:48;SO66394;98-8354-24626;50224;40;1367,92;184,22;583,92;14915,29;Comment 4980
44816;2021-03-27 08:35:22;2021-12-12 23:29:51;2023-12-12 11:59:39;SO80197;84-8862-18518;85382;31;3888,81;293,13;333,18;15946,5;Comment 4981
49201;2022-12-04 11:20:54;2023-03-29 02:04:13;2020-03-13 21:19:03;SO23451;28-4123-84663;27153;38;7669,87;350,1;481,92;19419,71;Comment 4982
31826;2023-07-11 16:07:14;2021-01-17 17:24:48;2022-03-13 14:09:24;SO18774;96-7105-64379;86160;16;2386,15;210,2;476,4;2907,91;Comment 4983
71440;2023-11-20 17:22:17;2021-09-24 02:05:17;2022-07-26 22:02:53;SO85700;49-7039-68376;23166;50;8283,92;396,91;595,48;2329,5;Comment 4984
51849;2022-11-25 17:18:08;2021-09-10 15:40:52;2020-08-23 11:31:36;SO17301;60-7449-26711;40442;23;3989,39;191,65;351,59;12142,01;Comment 4985
55621;2020-06-16 02:11:16;2021-04-04 03:37:12;2021-09-22 21:13:42;SO44205;33-1973-80101;17858;14;6985,06;143,84;826,44;19692,69;Comment 4986
99635;2021-11-07 08:02:44;2020-12-23 08:27:58;2020-07-26 22:26:20;SO41872;24-7081-87522;93649;38;6054,04;250;185,85;8415,07;Comment 4987
17103;2021-04-13 04:56:55;2020-06-25 17:30:09;2021-01-30 09:37:02;SO12172;81-3143-56523;94738;33;2557,31;374,21;336,91;13727,87;Comment 4988
10681;2022-04-14 20:16:16;2020-08-27 02:50:58;2023-05-25 00:05:18;SO38535;40-2409-67736;35535;28;3984,82;488,57;819,39;11729,68;Comment 4989
31467;2023-11-03 00:15:21;2023-01-25 14:42:49;2022-03-29 13:08:59;SO96513;28-6393-31125;64415;43;7555,95;426,75;96,36;817,59;Comment 4990
50019;2021-05-07 22:08:06;2020-02-27 04:15:05;2020-10-11 15:45:44;SO93457;24-7081-87522;48308;9;9107,19;75,89;44,97;2045,92;Comment 4991
39669;2023-11-24 20:03:35;2022-06-02 15:14:18;2023-09-19 00:26:54;SO15508;73-8844-80299;93342;17;4298,65;275,39;137,9;17950,5;Comment 4992
85879;2023-08-24 11:43:32;2020-03-19 04:07:48;2020-03-20 23:09:07;SO68404;75-7092-97988;44815;21;7106,14;127,87;948,21;19040,29;Comment 4993
10834;2020-05-26 09:29:23;2022-05-10 17:48:32;2023-03-04 16:57:15;SO94421;75-3751-62094;19284;15;2323,83;351,31;624,74;8110,12;Comment 4994
14916;2020-01-13 10:40:23;2022-10-22 10:43:40;2022-10-26 02:59:41;SO57711;30-1489-79011;68626;2;8539,24;44,98;252,34;14559,06;Comment 4995
88485;2021-02-04 00:33:47;2023-01-29 10:52:52;2021-05-26 02:35:01;SO74813;66-4277-92738;73458;22;1056,63;43,66;831,91;9927,86;Comment 4996
41170;2020-01-01 08:39:57;2021-10-13 04:20:43;2021-11-05 05:56:44;SO22172;86-5535-57031;79801;16;3800,71;494,7;918,86;17115,6;Comment 4997
75149;2023-11-12 23:46:59;2020-09-02 15:24:09;2021-12-28 08:45:26;SO62731;69-8859-80035;88060;45;2151,95;154,26;442,22;14572,96;Comment 4998
99827;2023-12-25 06:30:12;2021-07-15 19:53:30;2023-06-05 02:26:13;SO87078;85-4116-52037;66357;16;1800,53;462,51;552,66;7437,43;Comment 4999
14650;2021-02-14 11:43:37;2021-06-08 21:34:11;2023-06-24 20:46:18;SO10782;72-3440-90827;14932;13;7651,67;303,91;21,73;195,2;Comment 5000
72043;2021-10-23 11:51:18;2023-07-14 01:51:25;2023-11-09 04:59:59;SO36545;97-9859-86247;92050;10;1728,03;375,8;287,16;19367,7;Comment 5001
81809;2021-07-21 18:52:03;2021-07-27 20:34:35;2023-10-24 10:06:52;SO50599;24-7081-87522;82645;20;3251,77;44,36;250,55;13247,83;Comment 5002
52367;2022-08-21 05:36:18;2021-09-25 08:47:04;2022-05-12 16:14:32;SO16617;35-6579-94037;33544;50;2679,62;318,01;385,66;15366,96;Comment 5003
80909;2021-02-12 19:31:51;2023-06-09 03:11:20;2023-10-26 16:10:05;SO19846;28-6393-31125;34583;13;8371,62;233,23;372,98;5837,16;Comment 5004
53146;2022-03-07 12:17:09;2020-10-04 08:21:36;2020-06-05 05:24:24;SO85481;48-2823-67639;31289;43;3099,85;432,73;607,16;11427,44;Comment 5005
82783;2021-08-26 17:14:47;2022-04-29 15:24:40;2020-09-15 18:41:04;SO13297;83-7954-63932;44722;46;8572,29;370,07;761,2;10581,93;Comment 5006
17551;2020-06-18 04:38:49;2023-12-22 19:00:52;2023-08-15 06:48:05;SO27124;69-8859-80035;57416;10;7828,44;429,59;555,13;856,14;Comment 5007
45392;2020-10-05 06:59:10;2020-12-13 21:59:13;2023-12-03 04:20:28;SO19933;61-5244-70735;54492;36;2347,21;25,26;71,83;11336,65;Comment 5008
18263;2022-02-14 14:35:59;2021-11-08 09:39:41;2021-09-04 02:43:32;SO96422;73-8844-80299;78643;25;2652,83;85,56;197,77;8585,7;Comment 5009
33408;2023-01-24 11:51:27;2022-04-02 14:03:34;2020-08-12 21:24:21;SO82351;71-9532-69420;85759;7;6851,18;114,19;123,19;7367;Comment 5010
30026;2021-09-24 06:01:55;2021-10-10 06:56:16;2020-01-05 07:24:42;SO82664;66-4277-92738;76722;37;2713,93;158,56;474,26;2771,12;Comment 5011
64018;2023-03-29 14:32:29;2021-03-10 07:31:35;2022-04-19 14:52:37;SO67292;69-8859-80035;85045;28;9318,13;361,77;885,43;5382,66;Comment 5012
96649;2022-11-03 15:00:09;2021-06-12 10:09:41;2021-05-13 10:37:32;SO46037;66-4277-92738;67505;18;6271,95;180,22;528,96;8271,89;Comment 5013
91631;2021-07-30 00:13:05;2020-02-16 07:37:13;2020-10-01 08:58:34;SO22791;57-9057-83653;25658;14;9929,67;102,37;838,8;13243,53;Comment 5014
16767;2020-11-17 00:59:02;2021-07-10 01:08:57;2020-06-30 09:03:58;SO33342;86-5535-57031;90844;20;7216,68;403,27;466,19;7901,12;Comment 5015
73977;2021-01-03 13:49:35;2020-10-04 15:43:01;2020-07-15 14:04:42;SO72032;74-2176-61667;57463;4;890,73;109,11;388,99;6263,93;Comment 5016
49062;2022-02-19 18:48:52;2020-04-28 00:24:11;2022-02-05 03:20:50;SO64718;51-7541-34141;36327;6;5036,47;475,34;619,99;16424,56;Comment 5017
25194;2021-05-04 09:05:18;2023-08-18 12:52:50;2022-08-28 10:54:28;SO93981;96-7105-64379;98299;1;3135,14;227,45;483,5;6031,51;Comment 5018
50461;2021-09-07 02:19:02;2020-02-13 10:15:17;2022-08-26 01:37:27;SO35218;22-4444-25264;48353;11;7626,49;76,02;671,36;10529,05;Comment 5019
26090;2023-01-31 18:12:17;2022-02-27 16:38:13;2021-05-20 11:45:48;SO90729;40-2409-67736;89118;32;6155,19;370,08;464,42;5922,06;Comment 5020
73694;2023-10-26 00:11:01;2023-06-28 19:46:07;2021-10-12 15:16:59;SO35132;44-6968-96958;68242;14;902,63;497,59;358,85;5383,01;Comment 5021
72791;2020-06-18 16:28:19;2023-03-11 19:29:55;2023-07-31 01:02:22;SO17342;61-5244-70735;95593;44;8701,26;158,92;92,23;17938,6;Comment 5022
56098;2021-03-23 04:54:17;2023-03-12 17:53:57;2020-03-09 05:58:09;SO23738;50-5389-75591;36340;9;5336,49;391,43;142,1;18227,72;Comment 5023
58509;2021-05-10 02:19:01;2023-06-04 16:41:54;2020-10-12 18:37:42;SO11489;75-3751-62094;58951;37;4079,5;122,7;365,44;1382,16;Comment 5024
22248;2023-08-18 07:00:40;2023-08-20 08:52:21;2021-07-22 20:24:05;SO23102;81-3143-56523;76428;48;965,46;203,34;14,05;7348,52;Comment 5025
90794;2020-09-09 06:51:23;2023-04-03 05:05:56;2023-10-20 11:27:41;SO43941;51-7541-34141;45311;15;9926,24;264,21;870,13;2295,99;Comment 5026
83762;2021-08-31 20:25:00;2020-09-16 18:56:00;2022-01-11 15:55:45;SO39893;23-8510-71623;60634;14;3637,29;356,18;969,97;5158,99;Comment 5027
72235;2020-10-19 16:00:35;2021-01-19 13:50:56;2020-07-24 08:36:24;SO18197;73-8844-80299;93121;15;2289,32;424,7;884,94;8382,5;Comment 5028
71343;2022-10-09 21:18:59;2022-01-04 13:10:42;2023-02-17 06:47:58;SO29559;22-4444-25264;89771;14;4409,34;474,92;277,4;6897,36;Comment 5029
94369;2021-01-21 07:46:33;2022-08-22 02:44:33;2023-01-07 16:54:12;SO68979;92-2389-56247;51204;5;965,77;309,57;669,35;8224,02;Comment 5030
91616;2022-03-13 09:55:57;2021-12-07 23:19:14;2022-12-27 03:21:32;SO17309;30-1489-79011;92213;35;4120,2;134,74;280,47;2393,8;Comment 5031
25158;2022-09-04 11:47:31;2022-04-15 07:58:16;2022-10-30 16:46:40;SO73311;75-7092-97988;38557;50;5366,02;157,76;931,16;11497,86;Comment 5032
99081;2022-01-01 00:42:37;2021-09-25 14:16:32;2021-03-19 02:20:29;SO77103;42-3255-58813;64125;28;4635,95;402,69;706,47;459,79;Comment 5033
96252;2022-03-28 09:05:18;2021-01-05 19:52:01;2020-12-24 08:03:43;SO48513;30-1489-79011;87113;33;2015,39;236,82;497,5;9762,27;Comment 5034
70647;2020-09-20 21:59:57;2020-05-11 20:20:19;2023-02-01 01:22:39;SO98545;75-3751-62094;63036;27;355,33;140,56;148,23;17101,43;Comment 5035
22160;2021-09-24 22:29:56;2020-02-12 15:43:14;2022-09-05 18:38:07;SO81412;17-6178-77430;32090;49;8915,22;144,89;890,8;7419,25;Comment 5036
79464;2021-12-29 23:54:38;2022-11-03 21:47:32;2020-04-20 22:52:22;SO87778;81-3143-56523;15817;18;8570,44;180,75;579,27;12911,79;Comment 5037
18674;2023-01-08 19:53:24;2023-03-27 04:36:10;2023-05-01 10:59:34;SO21015;96-7105-64379;77680;42;7278,19;280,37;511,23;190,75;Comment 5038
37956;2022-10-15 22:59:14;2022-04-13 16:04:50;2023-02-11 03:10:03;SO97153;75-3751-62094;20374;8;6010,22;278,81;555,61;700,48;Comment 5039
99704;2022-02-14 20:12:16;2021-09-01 10:09:55;2022-12-05 14:12:54;SO52748;30-1489-79011;50969;30;4654,04;156,88;768,58;4275,18;Comment 5040
16170;2021-08-31 13:33:09;2023-01-17 05:59:11;2022-09-18 07:46:51;SO20460;92-2389-56247;25868;2;2201,24;90,03;318,58;11032,4;Comment 5041
50250;2023-02-16 11:40:58;2023-09-04 09:17:29;2021-06-15 10:47:21;SO67947;51-7541-34141;92885;9;8190,52;250,44;475,67;16523,23;Comment 5042
38867;2020-03-27 11:16:46;2023-06-06 19:44:37;2021-04-06 21:25:28;SO83624;86-5535-57031;42272;48;582,97;431,44;957,82;19112,71;Comment 5043
66691;2021-03-29 18:43:38;2023-10-12 09:19:48;2021-07-02 23:55:09;SO60954;50-5389-75591;26072;50;1559,37;207,7;227,8;11582,8;Comment 5044
98644;2021-03-14 12:14:39;2022-03-13 22:25:04;2020-04-21 23:16:07;SO96779;29-3530-22517;55529;14;3634,52;354,35;987,87;12374,76;Comment 5045
54239;2023-02-23 20:56:03;2022-07-21 07:43:26;2020-01-06 08:48:48;SO53206;83-7954-63932;78031;10;7077;174,91;383,59;7699,55;Comment 5046
16590;2020-08-20 23:37:23;2023-04-12 08:09:34;2020-11-23 17:52:09;SO13191;40-2409-67736;37042;31;9700,37;27,99;147,89;8814,67;Comment 5047
79881;2021-08-04 06:21:23;2022-05-08 00:37:01;2020-01-20 10:09:42;SO89054;73-8844-80299;69210;37;9203,79;74,84;994,31;13322,56;Comment 5048
40073;2020-03-09 16:36:16;2022-09-05 17:49:44;2022-01-07 16:03:17;SO48645;17-6178-77430;12755;27;8844,38;341,23;256,45;18515,8;Comment 5049
97815;2023-06-03 20:15:49;2022-04-14 14:49:45;2023-05-23 15:53:09;SO35371;86-5535-57031;65726;15;9738,41;130,16;790,41;9010,67;Comment 5050
57035;2022-02-23 15:21:47;2020-07-28 17:13:32;2020-09-30 01:05:11;SO23805;44-6968-96958;17403;47;7053,33;23,24;937,62;17511,93;Comment 5051
63979;2020-01-24 09:48:48;2020-11-26 12:03:34;2020-10-08 12:55:27;SO11864;72-3440-90827;29374;6;7783,82;183,13;350,87;19760,5;Comment 5052
66815;2020-10-04 08:48:15;2022-11-12 23:04:51;2020-09-27 02:35:40;SO40114;92-2389-56247;52118;45;3672,24;308,97;280,79;9533,97;Comment 5053
65010;2021-04-13 07:09:36;2021-11-28 17:39:01;2023-02-14 19:35:03;SO48206;81-3143-56523;67997;25;2143,73;187,33;770,5;14049,87;Comment 5054
57199;2021-04-27 16:32:10;2021-04-16 18:43:00;2020-05-24 05:09:02;SO37006;49-7039-68376;81098;17;2876,62;31,1;777,39;13462,9;Comment 5055
85611;2020-12-04 20:45:07;2021-05-31 22:53:52;2022-09-28 19:06:42;SO77378;53-9319-74957;94299;16;1145,04;241,82;548,86;12842,75;Comment 5056
95512;2022-07-30 11:10:40;2020-04-28 17:46:17;2021-02-24 11:13:22;SO16474;66-2881-24904;15179;8;5408,74;121,06;298,64;15686,16;Comment 5057
36145;2021-11-22 20:59:34;2023-04-18 07:49:33;2020-09-07 22:50:37;SO35710;96-7105-64379;41878;41;2021,67;104,79;943,42;10322,35;Comment 5058
78340;2023-08-28 02:06:16;2020-07-23 17:21:02;2022-03-03 09:43:31;SO75682;74-2176-61667;32275;7;6889,92;359,72;559,81;12192,96;Comment 5059
12976;2022-07-02 08:17:47;2021-08-20 00:47:20;2021-06-11 14:37:07;SO57100;98-8354-24626;22019;22;6868,88;411,05;439,81;3523,29;Comment 5060
27991;2023-12-08 03:59:15;2020-02-14 06:16:59;2021-10-23 00:05:16;SO20229;51-7541-34141;23661;10;5816,3;118,52;527,97;11921,71;Comment 5061
25408;2020-07-05 04:15:26;2023-04-26 11:15:27;2022-03-05 02:52:59;SO89039;35-6579-94037;25115;14;936,67;481,45;402,84;17969,85;Comment 5062
55401;2020-08-25 22:29:06;2022-07-31 05:30:22;2020-01-09 22:32:46;SO35135;49-7039-68376;29020;30;4255,79;120,84;599,86;14478,23;Comment 5063
80944;2023-08-17 03:52:58;2022-11-22 03:09:26;2023-07-18 04:30:39;SO92666;57-9057-83653;62253;15;8007,99;231,23;77,47;12299,27;Comment 5064
24749;2020-11-12 09:42:37;2022-09-04 21:59:00;2021-06-06 11:30:41;SO33844;60-7449-26711;28957;27;8167,6;280,57;729,01;14879,13;Comment 5065
82296;2023-11-25 07:29:50;2022-03-14 20:48:10;2023-04-10 17:52:01;SO55312;48-2823-67639;84911;20;9725,98;217,01;751,3;13849,78;Comment 5066
59905;2021-05-05 18:24:22;2021-03-24 02:00:24;2022-12-25 16:57:07;SO28575;81-3143-56523;63436;7;771,18;460,95;380,54;15958,13;Comment 5067
42238;2022-05-27 03:23:59;2020-04-21 13:12:19;2023-09-25 09:56:26;SO26968;85-4116-52037;42365;6;7156,59;212,13;158,01;7596,91;Comment 5068
14191;2023-10-23 00:45:02;2021-05-15 05:25:18;2022-08-26 09:21:09;SO50032;53-9319-74957;30290;49;2072,39;147,33;644,92;7488,92;Comment 5069
21701;2021-12-26 05:33:04;2020-04-27 20:12:47;2023-04-09 01:59:00;SO36744;35-6579-94037;19593;10;150,04;277,83;78,84;1311,48;Comment 5070
57208;2021-01-25 22:39:32;2023-04-28 11:30:58;2022-02-01 02:17:48;SO32738;75-3751-62094;25840;35;570,95;370,42;819,17;976,55;Comment 5071
96776;2021-01-03 11:21:03;2022-11-23 01:13:44;2022-01-24 11:14:23;SO40058;73-8844-80299;54655;24;2389,08;498,16;663,06;2675,91;Comment 5072
40737;2020-03-02 03:52:50;2023-11-16 17:02:44;2021-06-17 09:09:41;SO88021;24-7081-87522;93599;32;8258,27;381,08;796,84;18935,84;Comment 5073
40950;2023-09-16 15:14:07;2022-10-03 02:09:48;2020-12-10 18:12:44;SO31844;66-4277-92738;13814;48;3596,53;496,88;342,38;10961,3;Comment 5074
51839;2022-03-08 05:37:57;2022-04-25 16:25:13;2021-10-13 01:23:28;SO92597;83-7954-63932;83024;43;8221,71;469,35;71,24;6006,43;Comment 5075
82509;2022-03-07 20:03:44;2021-05-08 06:17:07;2023-07-22 13:22:28;SO83331;42-3255-58813;91486;48;5637,87;305,39;112,14;19627,77;Comment 5076
19108;2023-06-11 22:24:07;2023-02-01 13:05:52;2023-08-21 14:55:14;SO59630;66-4277-92738;29181;32;7975,07;136,3;537,48;7079,18;Comment 5077
95406;2020-03-21 15:25:24;2022-02-09 17:47:08;2023-10-13 01:42:12;SO80834;74-2176-61667;97583;44;5694,88;438,1;627,07;17011,98;Comment 5078
94480;2022-02-04 15:14:33;2022-07-04 06:41:55;2021-04-15 14:56:56;SO87440;16-3417-49054;21361;4;3920,5;32;927,99;15885,9;Comment 5079
40331;2020-01-24 17:45:34;2020-04-10 15:42:10;2023-03-01 08:29:44;SO13303;96-7105-64379;89878;5;4288,61;114,34;301,03;8806,85;Comment 5080
82385;2023-01-01 14:55:20;2022-11-02 16:11:24;2021-03-19 08:57:03;SO71560;71-9532-69420;10719;3;7877,85;12,79;993,59;8237,11;Comment 5081
89956;2022-02-22 07:56:15;2021-02-07 08:31:20;2023-08-01 13:02:46;SO39297;42-3255-58813;59674;5;5228,75;477,48;839,82;16790,82;Comment 5082
98176;2021-10-19 20:57:36;2020-10-20 02:35:55;2023-02-18 11:26:21;SO13174;23-8779-93758;17858;41;1620,61;277,27;210,8;13763,08;Comment 5083
20384;2020-07-18 04:49:46;2022-07-12 03:39:31;2021-06-20 07:42:19;SO75963;28-6393-31125;17644;12;8243,02;116;345,08;11462,86;Comment 5084
36587;2023-08-12 06:11:15;2023-12-10 04:17:36;2023-05-07 03:29:04;SO61604;83-7954-63932;81663;26;8000,54;181,64;307,4;10303,27;Comment 5085
91192;2020-01-03 22:18:06;2021-04-17 12:24:13;2021-04-12 08:54:58;SO53246;78-5267-32468;93065;20;1267;350,4;483,7;10365,97;Comment 5086
74061;2023-02-06 03:47:54;2020-10-28 11:11:44;2021-03-16 07:08:29;SO80583;66-2881-24904;17181;20;8336,56;305,98;529,62;17058,74;Comment 5087
40121;2021-09-06 07:16:20;2021-07-12 07:41:02;2022-03-25 06:00:40;SO67370;63-4608-21366;11128;17;288,78;193,22;555,47;17857,3;Comment 5088
28925;2023-05-05 16:13:52;2020-07-18 16:56:34;2021-02-24 17:07:02;SO46721;71-9532-69420;30289;49;901,31;35,49;409;19303,24;Comment 5089
59344;2020-10-21 18:29:47;2020-07-25 14:11:31;2022-12-15 12:22:25;SO79318;24-7081-87522;87605;43;4709,73;317,12;719,42;13990,66;Comment 5090
44006;2020-11-23 04:33:41;2022-11-21 01:47:48;2021-03-17 05:51:53;SO30843;29-3530-22517;73811;50;8795,9;176,11;741,53;18765,43;Comment 5091
44393;2020-10-13 23:05:33;2023-02-23 09:38:10;2021-08-05 18:09:47;SO76454;84-7460-34357;99336;2;2105,98;256,69;333,29;13229,31;Comment 5092
68449;2021-04-09 03:24:32;2020-09-05 22:20:17;2023-07-07 14:36:30;SO89921;40-2409-67736;94770;25;7181,66;233,01;607,41;19220,37;Comment 5093
25907;2023-09-29 13:42:43;2020-08-01 23:59:16;2022-01-23 19:20:28;SO63450;60-7449-26711;28176;10;5127,47;361,57;488,52;14901,71;Comment 5094
51828;2021-04-01 05:11:06;2021-05-20 13:47:46;2023-09-10 16:54:45;SO81708;24-7081-87522;65705;35;5191,38;185,69;697,72;11905,61;Comment 5095
65900;2021-07-12 11:16:31;2022-07-20 15:56:45;2020-01-03 05:54:17;SO82422;69-1886-36823;80621;22;6474,41;220,91;413,08;11639,26;Comment 5096
75317;2022-10-05 16:25:51;2021-05-15 18:02:49;2020-12-19 03:42:27;SO47147;22-4444-25264;45422;20;2364,41;361,25;283,19;16581,61;Comment 5097
58018;2021-01-26 23:29:18;2022-02-01 21:04:48;2023-07-17 17:38:53;SO43779;86-5535-57031;79464;32;3409,13;168,14;6,88;5718,99;Comment 5098
68239;2022-09-21 11:58:22;2023-08-12 22:17:35;2022-05-16 20:46:21;SO46111;53-9319-74957;57798;6;9726,01;177;710,02;7792,41;Comment 5099
51300;2022-06-26 17:14:38;2022-12-12 19:00:20;2021-02-08 19:44:05;SO69231;49-7039-68376;53092;22;3520,85;23,7;191,3;14545,05;Comment 5100
14218;2022-02-19 18:37:27;2020-08-03 08:31:39;2023-05-27 09:42:32;SO33600;33-1973-80101;12173;17;7484,94;490,91;82,59;5791,26;Comment 5101
27894;2022-03-09 11:04:30;2021-02-17 22:29:00;2022-02-06 08:40:48;SO97733;97-9859-86247;86547;26;3179,62;253,79;218,81;7878,89;Comment 5102
74474;2020-02-09 08:27:54;2022-06-30 07:29:07;2021-07-30 12:01:53;SO89705;69-1886-36823;68090;23;6230,35;419,9;985,2;10694,69;Comment 5103
65004;2020-05-16 08:18:23;2023-05-02 02:18:54;2020-08-23 15:35:41;SO88566;51-7602-22642;32170;43;5991,23;66,35;110,81;13601,19;Comment 5104
50022;2020-12-02 23:44:56;2022-10-29 13:42:12;2022-12-27 14:30:52;SO79090;85-4116-52037;13411;20;4555,1;284,3;180,87;7484,59;Comment 5105
39250;2021-08-09 04:54:36;2022-11-13 10:54:34;2021-04-28 19:53:27;SO31166;48-2823-67639;28205;8;9729;487,49;547,69;5592,49;Comment 5106
30949;2022-11-23 11:47:31;2020-06-27 08:45:20;2023-02-13 01:34:03;SO67998;22-4444-25264;71471;5;6685,83;179,25;326,06;10896,44;Comment 5107
80929;2020-10-05 03:41:45;2022-11-02 21:07:29;2023-12-01 02:53:56;SO80630;48-2823-67639;17950;3;3985,39;352,2;272,18;13858,63;Comment 5108
17168;2023-10-30 02:36:30;2020-03-21 23:37:17;2022-12-20 15:45:30;SO77442;53-9319-74957;53896;49;7648,62;138,98;360,32;16563,12;Comment 5109
26131;2023-04-11 23:47:54;2021-07-31 06:21:45;2021-12-19 09:17:04;SO10619;76-6173-91169;30779;45;6190,04;414,77;691,6;15447,89;Comment 5110
75470;2020-02-21 03:59:26;2022-06-20 06:49:29;2021-10-12 17:16:47;SO66743;22-4444-25264;56111;37;2608,35;391,54;268,37;7645,25;Comment 5111
52853;2020-01-04 04:35:43;2023-02-19 10:10:30;2023-03-28 17:37:29;SO67701;17-6178-77430;66907;1;7046,14;385,39;671,74;17964,58;Comment 5112
60480;2020-07-11 03:18:07;2023-04-01 03:49:26;2022-08-14 18:12:54;SO13749;29-3530-22517;32072;11;3987,48;113,27;596,77;5184,23;Comment 5113
12484;2022-11-05 16:31:35;2022-11-21 05:38:58;2022-09-04 05:01:20;SO80462;35-6579-94037;91948;6;8118,88;219,3;248,76;9565,51;Comment 5114
22244;2020-08-06 04:05:09;2023-02-16 00:59:57;2021-11-22 12:20:09;SO44862;44-6968-96958;48301;32;1547,2;274,32;504,81;8609,67;Comment 5115
96154;2023-10-11 10:06:29;2021-01-11 07:27:39;2022-09-28 01:46:08;SO15817;57-9057-83653;57326;43;609,62;104,87;134,12;4458,27;Comment 5116
28431;2023-10-31 03:45:42;2020-01-25 17:41:37;2020-04-21 09:40:41;SO76438;61-5244-70735;68805;6;583,67;53,66;645,25;8045,68;Comment 5117
95280;2022-06-16 16:46:49;2023-04-01 23:50:52;2022-12-01 05:20:30;SO22848;69-8859-80035;62368;12;8297,3;310,27;434,05;6285,2;Comment 5118
49748;2020-01-02 05:17:24;2023-09-27 00:52:20;2021-08-27 18:21:40;SO86504;63-4608-21366;57841;23;9966,52;208,19;631,81;2597,71;Comment 5119
15337;2022-05-30 07:44:34;2022-03-27 03:12:46;2021-08-14 09:02:54;SO69108;86-5535-57031;63978;5;9333,25;215,63;31,49;17972,9;Comment 5120
69468;2020-01-09 22:19:42;2023-07-31 23:47:12;2020-11-02 12:43:28;SO95830;48-2823-67639;57816;19;7358,96;367,16;379,91;5174,97;Comment 5121
36218;2020-11-09 02:37:48;2021-03-04 08:48:13;2022-10-10 13:11:23;SO58572;33-1973-80101;15306;7;9948,51;208,9;991,98;18086,03;Comment 5122
90824;2022-09-28 01:42:52;2023-09-02 22:24:11;2021-08-07 01:53:35;SO70363;33-1973-80101;90803;7;4996,11;44,15;578,93;3575,16;Comment 5123
93580;2020-02-21 16:33:07;2023-06-11 06:49:44;2021-12-29 15:29:16;SO32637;97-9859-86247;99927;4;8166,7;225,71;956,12;10981,04;Comment 5124
30212;2022-04-28 03:51:12;2021-01-06 04:38:15;2023-12-21 01:16:25;SO48401;66-2881-24904;97208;19;6487,37;110,34;768,06;12603,2;Comment 5125
27802;2022-10-12 21:06:56;2021-10-30 11:14:06;2020-04-24 17:39:00;SO76288;73-8844-80299;75256;28;5494,37;341,9;200,01;16294,23;Comment 5126
22185;2023-12-24 05:27:41;2020-10-04 14:36:04;2023-03-12 02:17:03;SO24837;72-3440-90827;84857;24;6983,49;239,58;302,61;8341,91;Comment 5127
69027;2020-03-03 15:06:26;2020-10-18 15:49:21;2023-10-07 11:18:49;SO37021;76-6173-91169;80588;47;5139,41;477,97;799,12;15994,6;Comment 5128
18873;2022-09-14 00:42:56;2023-07-04 10:05:11;2020-01-11 06:31:14;SO32582;73-8844-80299;32563;9;2701,7;414,23;819,03;7112,96;Comment 5129
57460;2021-11-25 12:08:01;2023-08-08 09:55:54;2020-02-14 21:10:09;SO22867;75-3751-62094;21806;48;7592,98;178,09;325,12;10231,42;Comment 5130
66219;2021-06-14 17:38:08;2021-02-03 22:22:22;2020-04-26 05:18:41;SO79971;69-8859-80035;43292;7;6811,28;404,46;546,93;4391,59;Comment 5131
45809;2021-02-13 00:55:37;2022-09-14 18:25:27;2021-03-08 11:17:31;SO33606;40-5683-25279;88507;17;8714,92;456,94;986,59;6013,6;Comment 5132
64741;2021-12-14 20:57:28;2021-08-17 16:38:28;2020-03-03 19:08:28;SO89321;61-5244-70735;48380;4;2106,72;46,27;988,97;14598,99;Comment 5133
98423;2020-09-10 00:44:58;2022-04-24 22:16:29;2020-07-31 20:00:52;SO52067;92-2389-56247;14824;35;433,72;493,5;830,57;18267,08;Comment 5134
27665;2022-12-24 01:16:32;2020-02-11 14:43:34;2021-01-16 20:28:41;SO13835;86-5535-57031;46368;13;3408,08;477,55;407,79;2394,1;Comment 5135
57914;2022-01-23 00:47:07;2023-05-28 13:54:46;2020-04-09 14:43:32;SO73610;28-6393-31125;64458;12;8679,37;148,1;281,2;14105,99;Comment 5136
41783;2020-09-10 02:50:05;2021-03-05 00:13:00;2022-06-07 16:16:00;SO29361;73-8844-80299;24861;31;7859,26;405,07;560,96;2657,77;Comment 5137
63480;2020-05-31 03:55:51;2020-09-16 18:31:43;2022-09-10 09:46:53;SO80813;86-5535-57031;40577;2;3866,74;343,36;586,99;11670,95;Comment 5138
93917;2021-10-14 23:23:51;2021-04-30 11:55:48;2022-11-28 16:15:44;SO56358;17-6178-77430;17532;9;5422,4;109,92;430,86;13082,55;Comment 5139
52677;2022-08-17 10:02:47;2023-06-06 18:54:21;2020-05-31 19:56:51;SO50502;28-6393-31125;69418;17;5042,32;121,81;939,36;14593,38;Comment 5140
93005;2020-03-07 22:54:28;2023-01-12 17:38:52;2023-05-12 01:48:56;SO44111;66-2881-24904;27534;4;3439,03;13,82;800,52;7848,45;Comment 5141
83975;2021-08-07 13:15:10;2020-09-11 18:04:37;2023-12-07 21:11:45;SO85237;76-6173-91169;40097;17;661,68;127,09;823,4;15066,35;Comment 5142
71943;2020-08-31 12:31:07;2021-02-02 07:27:17;2023-07-07 05:49:03;SO64342;30-1489-79011;22161;18;5138,19;393,56;150,54;17905,72;Comment 5143
94282;2021-02-27 20:25:29;2021-09-21 15:46:38;2020-10-17 20:51:09;SO13939;33-1973-80101;84856;20;7546,5;188,15;591,74;15385,49;Comment 5144
51824;2023-07-15 19:10:57;2020-09-09 11:26:30;2023-07-28 12:19:22;SO54247;61-5244-70735;72680;41;960,22;248,88;767,17;16189,92;Comment 5145
65837;2020-07-04 07:55:35;2022-10-04 19:27:29;2020-11-15 16:36:59;SO94935;42-3255-58813;94539;39;8068,48;397,72;85,04;6768,69;Comment 5146
17288;2022-12-31 13:36:43;2022-03-24 02:50:47;2023-11-11 11:24:20;SO30099;92-2389-56247;98877;47;9957,88;415,68;633,77;16156,32;Comment 5147
53657;2023-01-30 09:45:26;2020-08-28 08:45:48;2023-05-29 23:35:49;SO22216;22-4444-25264;25705;27;8512,76;417,57;55,73;16692,84;Comment 5148
63603;2022-12-03 01:10:10;2021-10-09 23:03:31;2020-05-07 02:23:21;SO69227;49-7039-68376;48062;12;7203,17;143,65;533,62;13855,64;Comment 5149
97592;2022-04-06 00:45:21;2020-01-09 18:21:39;2020-08-30 13:03:29;SO99776;63-4608-21366;97416;37;9668,94;235,68;644,67;1903,4;Comment 5150
59878;2021-02-06 13:50:40;2022-03-25 05:37:52;2020-12-25 21:36:49;SO49835;78-5267-32468;76372;5;8115,07;147,02;413,12;1676,44;Comment 5151
58005;2021-07-14 00:44:08;2023-10-30 09:32:13;2022-12-24 10:14:29;SO81148;85-4116-52037;65123;49;5796,5;468,96;519,57;15378,86;Comment 5152
89445;2022-02-04 06:09:36;2020-12-11 10:47:33;2022-10-24 09:18:19;SO76220;63-4608-21366;51441;3;3390,19;22,27;157,73;4509,08;Comment 5153
81027;2021-09-19 20:30:01;2023-02-27 02:45:10;2021-08-13 04:58:39;SO92578;51-7541-34141;85671;16;4127,47;174,94;276,47;1819,55;Comment 5154
40659;2020-09-04 15:07:38;2021-07-29 07:45:32;2021-10-18 20:12:44;SO67158;23-8510-71623;90447;38;1065,47;432,86;675,2;11032,42;Comment 5155
29718;2021-09-25 18:58:37;2021-01-15 16:27:35;2022-07-17 10:03:44;SO75159;24-7081-87522;30053;48;2733,88;480;287,15;4572,37;Comment 5156
71711;2023-07-26 01:47:29;2022-05-06 04:46:12;2021-05-08 08:01:40;SO71694;33-1973-80101;62871;39;1916,86;145,3;263,65;2106,87;Comment 5157
33800;2021-03-24 10:57:57;2021-07-22 07:02:13;2021-09-01 17:19:29;SO74822;78-5514-83427;63338;38;1279,7;254,11;255,6;19642,17;Comment 5158
76663;2022-09-05 15:59:59;2023-09-29 16:16:13;2021-03-31 12:21:17;SO84001;23-8779-93758;80334;29;4502,9;41,13;538,09;12408,53;Comment 5159
16703;2023-09-09 14:33:27;2021-06-08 13:44:08;2022-12-04 06:25:12;SO44876;83-7954-63932;13402;41;5207,13;269,88;894,82;7511,86;Comment 5160
94308;2023-01-05 21:22:19;2023-10-08 20:02:08;2023-06-23 06:22:11;SO81337;53-9319-74957;10039;34;8876,5;216,33;880,69;13451,62;Comment 5161
67077;2020-02-20 16:41:51;2022-08-07 15:33:43;2022-02-25 12:43:53;SO61079;73-8844-80299;61298;20;3178,96;69,26;253,8;19581,97;Comment 5162
57322;2023-06-29 12:00:54;2020-01-16 19:15:04;2020-12-07 22:30:10;SO52067;57-9057-83653;53666;45;9202,19;242,95;985,31;15233,25;Comment 5163
42277;2023-03-27 14:40:03;2023-10-03 03:51:30;2020-06-22 10:54:26;SO18430;69-1886-36823;73126;13;3897,69;411,56;627,96;1292,61;Comment 5164
27660;2023-12-23 12:33:17;2020-09-29 17:43:03;2020-12-27 14:42:37;SO30161;84-7460-34357;64381;28;9225,57;377,67;913,28;16275,54;Comment 5165
78821;2022-11-20 02:31:23;2020-03-04 00:20:11;2021-12-30 22:23:09;SO15471;57-9057-83653;29809;9;5297,06;443,47;155,51;8777,3;Comment 5166
79251;2020-09-14 08:01:18;2020-05-24 12:06:23;2020-11-30 11:24:22;SO61131;96-7105-64379;76229;36;997,1;330,9;472,4;16271,46;Comment 5167
17580;2022-12-17 21:47:49;2021-11-28 08:26:06;2023-10-23 05:37:07;SO38506;17-6178-77430;79551;16;857,27;253,69;859,37;13937,99;Comment 5168
41968;2022-08-04 10:37:54;2021-02-16 21:07:00;2022-07-18 19:44:19;SO96985;49-7039-68376;50538;29;4235,69;421,6;394,01;19033,48;Comment 5169
73442;2022-01-23 09:24:23;2020-12-04 14:25:23;2021-12-27 14:47:43;SO46895;23-8779-93758;88167;29;3091,51;242,27;939,16;3228,43;Comment 5170
22397;2020-05-27 17:07:36;2020-09-11 08:34:17;2023-12-17 15:35:31;SO96637;49-7039-68376;28720;29;3260,33;217,11;69,61;5024,56;Comment 5171
34731;2022-07-12 22:46:42;2021-10-21 14:17:29;2023-07-24 18:24:39;SO44186;76-6173-91169;57556;40;8340,42;463,25;971,23;13405,14;Comment 5172
69782;2023-12-23 08:59:33;2021-09-30 15:42:31;2022-04-24 04:43:30;SO54255;78-5514-83427;64666;15;9261,84;47,54;9,88;2862,21;Comment 5173
74958;2021-08-18 21:52:01;2020-06-24 05:36:14;2023-05-12 01:44:48;SO39165;50-5389-75591;64004;33;4327,94;136,58;765,7;802,87;Comment 5174
28145;2020-09-18 07:32:14;2022-03-24 01:19:52;2020-02-27 09:45:00;SO73282;78-5514-83427;82579;25;4274,11;158,26;26,28;7168,86;Comment 5175
16348;2021-04-10 13:01:18;2022-04-04 14:03:26;2022-07-18 14:00:16;SO73430;30-1489-79011;74683;27;1896,84;464;889,74;5956,01;Comment 5176
43066;2020-10-25 04:23:34;2022-05-28 14:07:26;2021-06-21 11:12:07;SO82116;60-7449-26711;89083;4;236,99;478,65;367,16;5443,35;Comment 5177
83093;2023-07-13 01:41:04;2023-06-15 00:38:08;2020-04-19 09:50:03;SO60276;17-6178-77430;37574;19;1551,96;87,55;571,65;1828,08;Comment 5178
86863;2022-07-26 13:31:01;2022-10-18 10:54:16;2020-03-14 13:16:19;SO36046;69-1886-36823;85724;10;9865,08;83,31;949,07;1064,29;Comment 5179
90735;2022-03-02 10:20:42;2023-08-20 17:30:20;2021-05-22 20:07:18;SO14868;66-4277-92738;10984;26;1915,72;456,43;12,55;2316,22;Comment 5180
95671;2021-11-26 00:05:23;2020-10-22 14:00:47;2021-10-21 18:54:56;SO49147;49-7039-68376;53983;13;3782,04;288,35;144,38;10188,97;Comment 5181
33791;2023-05-29 15:37:32;2020-12-01 06:31:52;2022-03-21 18:57:39;SO39034;57-9057-83653;32559;34;7125,83;387,64;800,75;10751,46;Comment 5182
30234;2020-05-27 18:56:48;2023-09-12 17:43:23;2022-01-05 14:31:34;SO28870;49-7039-68376;58954;15;2757,81;480,16;709,45;19912,96;Comment 5183
58141;2020-10-06 05:09:03;2023-10-21 14:09:39;2023-12-29 13:37:06;SO62819;53-9319-74957;19277;50;9657,45;402,24;803,64;18959,4;Comment 5184
42337;2020-09-02 17:41:26;2023-12-22 07:52:39;2020-08-01 15:45:01;SO47954;69-1886-36823;49296;5;8470,18;441,53;612,77;16069,02;Comment 5185
62300;2022-07-04 06:51:49;2023-08-17 13:53:41;2023-11-18 21:21:36;SO99277;22-4444-25264;81320;4;6973,61;264,5;94,53;15672,68;Comment 5186
24217;2020-11-22 16:24:52;2022-04-07 14:33:48;2022-06-28 18:36:50;SO88284;48-2823-67639;33328;26;6206,62;201,21;942,13;737,83;Comment 5187
98020;2020-06-19 08:09:30;2021-02-01 20:26:02;2021-02-06 04:43:40;SO62465;86-5535-57031;95408;30;1565,21;432,25;319,92;4493,43;Comment 5188
30168;2021-06-30 18:02:09;2021-02-01 16:17:07;2022-09-08 10:11:41;SO70837;16-3417-49054;80474;17;4997,2;441,27;599,95;13691,12;Comment 5189
93400;2020-08-27 13:24:16;2020-11-18 15:46:13;2023-04-13 12:25:57;SO98662;51-7541-34141;76351;25;2518,28;203,51;968,83;16105,59;Comment 5190
12243;2023-12-25 05:48:09;2020-06-06 13:36:46;2023-09-16 09:35:03;SO15073;60-7449-26711;82117;3;3284,78;484,47;284,78;17371,4;Comment 5191
48779;2021-11-09 11:18:50;2021-06-19 21:21:58;2021-12-28 07:33:22;SO70701;78-5267-32468;28852;29;8045,55;296,25;448,25;3883,4;Comment 5192
94705;2020-06-10 12:22:35;2023-02-25 16:43:39;2020-01-11 22:56:33;SO11296;69-8859-80035;81459;21;4275,1;115,24;401,43;11174,87;Comment 5193
75649;2022-05-11 00:13:58;2022-02-13 08:03:29;2020-03-31 21:12:39;SO74401;84-8862-18518;17044;42;7603,69;320,1;774,14;7849,79;Comment 5194
28974;2023-09-17 01:32:31;2021-07-25 20:16:03;2023-10-12 09:47:27;SO94540;30-1489-79011;45200;9;1067,62;243,99;492,76;2578,11;Comment 5195
51487;2022-11-25 13:35:41;2022-09-08 18:37:38;2022-09-30 13:09:12;SO94146;78-5267-32468;73222;24;3791,23;235,34;449,27;19440,99;Comment 5196
79688;2022-03-05 07:00:46;2021-12-19 12:18:09;2023-11-07 04:51:38;SO19529;16-3417-49054;18379;12;390,52;114,29;35,46;6101,51;Comment 5197
37688;2022-06-04 08:25:21;2022-11-26 09:39:01;2023-05-28 19:56:29;SO37494;51-7602-22642;39598;32;7198,54;376,35;630,61;9264,87;Comment 5198
58207;2022-11-30 10:19:18;2020-08-20 15:17:20;2021-05-03 04:53:37;SO12555;33-1973-80101;71445;34;1666,32;82,22;312,45;6250,7;Comment 5199
66671;2022-04-11 17:54:31;2021-07-15 10:55:20;2021-11-29 00:01:05;SO62010;28-6393-31125;65672;20;9389,73;490,8;551,62;5297,94;Comment 5200
66836;2020-03-22 08:20:37;2023-09-02 06:19:30;2020-02-11 11:56:43;SO23290;92-2389-56247;40000;24;9334,27;180,45;140,24;11171,37;Comment 5201
35446;2020-02-16 12:52:10;2020-03-29 00:02:44;2022-08-25 09:04:21;SO41459;24-7081-87522;40717;30;259,38;81,38;261,66;17011,75;Comment 5202
45305;2023-10-04 05:05:01;2022-08-10 08:41:48;2022-02-17 08:52:39;SO54884;96-7105-64379;68299;6;145,14;487,33;331,77;14031,77;Comment 5203
35831;2023-10-10 10:56:41;2022-08-20 04:20:47;2022-03-29 03:39:30;SO63613;44-6968-96958;80770;29;1568,33;272,08;716,72;227,03;Comment 5204
43814;2022-04-22 16:51:49;2023-05-10 01:03:38;2020-11-13 07:35:08;SO62849;29-3530-22517;36493;6;9686,76;90,86;199,51;1723,86;Comment 5205
99491;2023-01-16 20:56:36;2021-11-21 13:15:07;2022-12-15 05:36:31;SO27704;60-7449-26711;44343;14;5892,8;149,38;538,14;15945,12;Comment 5206
74266;2022-02-17 22:34:47;2022-04-10 15:47:57;2021-10-08 23:46:48;SO43151;63-4608-21366;46921;10;2250,33;303,34;250,97;18065,15;Comment 5207
77755;2020-02-27 18:13:26;2023-07-03 04:07:52;2022-08-27 01:16:11;SO25887;74-3185-84739;84215;8;421,89;272,57;566,63;5632,59;Comment 5208
69167;2021-06-08 17:14:54;2021-06-15 11:49:42;2023-12-11 12:31:46;SO38214;63-4608-21366;41540;9;5962,45;262,95;629,04;15883,28;Comment 5209
75073;2020-10-15 22:10:55;2023-06-24 03:57:44;2021-11-13 16:53:29;SO10011;92-2389-56247;98788;23;6792,25;439,16;538,97;3497,72;Comment 5210
57647;2021-07-04 19:40:34;2021-05-02 17:37:43;2022-06-10 19:44:19;SO52617;23-8510-71623;22233;30;9537,65;270,82;577,23;3123,71;Comment 5211
70133;2022-10-13 04:23:29;2020-06-17 18:46:29;2020-06-15 21:51:16;SO30224;74-3185-84739;40370;12;4156,24;406,2;641,39;4696,28;Comment 5212
14219;2023-09-04 15:50:31;2021-11-24 06:43:55;2022-07-23 13:27:37;SO92949;30-1489-79011;15758;47;8296,73;192,68;376,19;3405,39;Comment 5213
55336;2020-05-29 04:27:25;2021-07-26 12:18:23;2021-01-08 06:17:54;SO52799;16-3417-49054;13602;10;4444,12;444,97;864,75;16632,24;Comment 5214
89684;2023-03-05 05:06:36;2022-02-10 20:46:23;2020-06-04 16:41:50;SO50709;50-5389-75591;42588;28;7969,92;224,03;336,45;6178,26;Comment 5215
80060;2022-11-12 23:01:56;2023-11-23 01:06:03;2023-03-27 01:32:18;SO54825;23-8510-71623;50939;42;2559,25;432,96;760,93;3108,77;Comment 5216
23564;2021-07-08 11:01:11;2023-11-10 16:46:11;2020-04-03 16:50:02;SO17551;75-7092-97988;10907;21;1426,8;80,43;991,6;1638,18;Comment 5217
64376;2022-04-05 07:07:22;2021-04-04 22:29:44;2022-07-14 11:07:50;SO63825;86-5535-57031;45458;48;3346,41;135,02;720,95;18599,59;Comment 5218
75151;2022-03-16 21:02:30;2022-05-24 00:47:39;2022-06-20 18:33:11;SO71076;61-5244-70735;48491;38;7663,62;130,08;507,55;9118,4;Comment 5219
46872;2023-08-18 10:57:27;2022-05-27 04:50:00;2020-08-28 22:49:10;SO78850;75-3751-62094;72025;6;6814,48;124,17;243,93;19463,48;Comment 5220
58089;2022-12-19 07:16:24;2023-04-09 12:11:44;2022-04-29 08:56:12;SO78359;48-2823-67639;83706;46;1246,66;40,12;99,8;6842;Comment 5221
30259;2020-02-09 13:20:32;2022-09-08 10:09:05;2021-12-08 04:05:55;SO21056;33-1973-80101;49601;38;8024,43;92,66;814,63;14837,03;Comment 5222
51335;2020-11-25 07:35:22;2021-08-23 03:56:11;2022-03-06 19:31:12;SO64626;16-3417-49054;46068;18;5696,07;447,86;502,52;14507,32;Comment 5223
93367;2021-08-07 19:40:30;2023-02-21 17:07:26;2020-11-26 04:33:15;SO40350;61-5244-70735;12024;29;4519,01;221;788,77;15126,28;Comment 5224
64983;2022-12-03 10:31:33;2021-07-04 17:44:14;2022-11-12 17:18:38;SO61576;35-6579-94037;99169;3;5496,06;110,76;961,11;9710,93;Comment 5225
30774;2022-10-13 18:05:18;2021-07-10 14:19:07;2022-03-12 05:36:15;SO65618;78-5267-32468;50123;16;9519,23;40,77;877,38;9019,46;Comment 5226
73204;2022-05-08 18:28:31;2021-07-15 12:25:01;2021-04-26 08:31:23;SO75115;98-8354-24626;10244;24;5626,66;322,86;848,83;14965,42;Comment 5227
20829;2023-04-30 06:41:32;2020-01-22 19:56:50;2023-05-12 01:41:52;SO21247;75-7092-97988;66114;8;6172,56;38,77;529,21;5580,99;Comment 5228
75847;2021-09-26 05:07:12;2022-12-31 15:41:50;2021-10-07 00:58:33;SO43218;30-1489-79011;34159;4;8789,53;356,44;225,95;17752,53;Comment 5229
56019;2020-02-07 16:40:10;2021-07-13 05:55:36;2020-01-06 21:00:46;SO39248;73-8844-80299;55138;6;8565,6;248,03;504,47;6456,71;Comment 5230
91426;2023-05-05 04:31:42;2023-05-18 13:59:52;2020-05-17 16:29:42;SO36733;53-9319-74957;97944;23;9537,34;341,33;328,62;9886,6;Comment 5231
44540;2023-02-02 16:07:23;2021-12-06 21:43:49;2021-08-14 05:20:49;SO20055;51-7541-34141;53303;39;3086,27;363,01;160,59;8111,65;Comment 5232
16155;2020-08-17 04:30:34;2021-09-04 13:10:23;2022-08-03 11:31:50;SO12357;33-1973-80101;15771;2;5630,03;198,13;412,2;11997,5;Comment 5233
65428;2020-11-07 06:17:17;2023-01-27 04:37:17;2022-05-12 01:14:41;SO26379;28-4123-84663;48601;29;3238,46;120,35;961,07;8207,21;Comment 5234
95031;2023-06-10 21:15:46;2023-11-20 01:00:50;2023-09-04 08:09:49;SO95349;72-3440-90827;98836;43;9963,37;131,72;178,82;15693,5;Comment 5235
57081;2023-05-06 21:39:19;2023-12-17 21:51:35;2023-06-20 14:39:03;SO18413;72-3440-90827;64832;43;2603,08;245,18;594,16;4430,7;Comment 5236
15270;2020-10-30 04:08:03;2022-09-12 04:11:40;2023-06-22 22:29:36;SO33330;71-9532-69420;26387;45;8866,59;369,01;467,36;19814,72;Comment 5237
57625;2022-02-01 20:55:42;2021-03-09 09:09:59;2022-03-19 05:44:56;SO46415;60-7449-26711;42910;39;6103,63;345,56;206,2;9244,49;Comment 5238
40206;2021-03-25 01:38:54;2022-08-02 18:04:20;2022-09-06 19:06:53;SO36380;92-2389-56247;12633;44;6729,7;237,1;351,8;5731,1;Comment 5239
10002;2021-10-24 04:45:37;2021-01-13 23:15:33;2020-11-19 03:38:40;SO62786;50-5389-75591;37298;48;1916,69;165,19;12,57;10323,54;Comment 5240
73656;2020-01-13 20:00:03;2021-11-10 02:06:48;2020-11-28 19:53:54;SO27886;69-8859-80035;56309;31;8835,44;141,36;208,31;11365,98;Comment 5241
83804;2023-01-31 04:07:23;2022-04-22 22:49:30;2020-03-02 07:30:42;SO86839;83-7954-63932;84814;15;3996,55;134,77;327,88;6481,33;Comment 5242
47450;2022-12-28 13:58:49;2022-02-18 13:52:08;2023-04-08 10:17:43;SO97697;60-7449-26711;74408;33;9462,85;341,88;217,16;14038,44;Comment 5243
97086;2021-09-25 15:17:03;2022-11-02 11:38:52;2020-05-14 18:26:43;SO27395;75-3751-62094;12305;45;493,93;89,28;966,1;363,17;Comment 5244
36534;2020-04-12 08:16:41;2021-07-25 05:19:43;2023-02-22 23:43:20;SO86428;30-1489-79011;23567;9;8709,91;83,99;257,93;16325,52;Comment 5245
84644;2023-10-21 08:17:52;2020-02-25 21:48:58;2022-11-16 07:18:27;SO62035;28-6393-31125;42726;26;1882,43;358,93;780,08;17725,77;Comment 5246
43180;2023-06-07 07:15:51;2022-07-03 17:50:31;2022-12-27 14:13:57;SO31877;92-2389-56247;75977;9;3450,62;442,82;418,21;2038,22;Comment 5247
79160;2023-09-12 12:50:50;2020-03-27 10:36:39;2022-07-03 15:40:21;SO38043;76-6173-91169;62504;10;5820,05;255,98;152,55;15138,42;Comment 5248
33986;2023-02-05 13:02:25;2020-06-30 02:27:02;2023-11-27 14:38:42;SO47505;50-5389-75591;69538;21;5564,21;225,76;521,53;4115,58;Comment 5249
13859;2022-04-06 03:36:10;2023-05-20 02:58:49;2023-05-12 19:03:53;SO47717;86-5535-57031;21788;28;6541,94;364,61;585,94;17079,81;Comment 5250
69631;2022-12-13 08:33:52;2022-08-27 00:49:26;2022-06-15 14:46:09;SO14317;74-3185-84739;99777;48;3071,02;359,26;835,98;1165,49;Comment 5251
49760;2022-03-14 11:29:13;2021-05-20 03:18:34;2020-09-03 01:58:58;SO64669;33-1973-80101;99255;39;4980,87;493,23;436,52;10071,53;Comment 5252
47215;2020-10-01 20:46:07;2022-07-29 21:32:09;2021-06-29 20:01:36;SO88132;78-5514-83427;88869;3;4342,94;234,07;338,21;11945,12;Comment 5253
20551;2023-07-23 04:17:33;2022-08-10 15:42:03;2022-12-26 16:27:20;SO99643;85-4116-52037;99749;13;4129,25;285,07;287,76;19352,77;Comment 5254
81254;2022-03-08 10:17:19;2021-06-17 14:32:44;2023-10-17 21:08:34;SO40446;61-5244-70735;41174;4;4858,48;81,97;295,5;6868,17;Comment 5255
10519;2021-03-25 16:51:46;2022-10-07 14:36:45;2023-08-06 20:01:21;SO72344;66-2881-24904;55739;28;7770,75;407,37;938,08;10830,8;Comment 5256
21644;2023-03-27 20:07:34;2022-12-04 12:21:06;2021-03-13 17:18:11;SO65918;66-4277-92738;18949;3;9142,47;125,77;80,16;19718,05;Comment 5257
43171;2020-02-06 22:25:30;2023-08-21 09:53:22;2021-09-23 02:47:47;SO61168;40-5683-25279;74592;39;2904,29;115,56;354,49;5099,41;Comment 5258
15331;2021-07-15 17:35:52;2023-07-30 14:54:23;2022-08-06 01:02:08;SO78008;48-2823-67639;99483;16;854,81;166,59;211,77;18442,08;Comment 5259
85275;2023-12-12 03:33:31;2022-06-16 02:25:15;2022-03-05 12:52:04;SO64367;84-8862-18518;99098;42;2441;284,61;609,56;19058,96;Comment 5260
22550;2023-12-16 20:24:17;2020-12-26 15:11:29;2023-12-15 19:08:31;SO52509;69-8859-80035;29450;20;7407,39;349,01;505,47;5454,2;Comment 5261
25814;2022-01-02 02:02:04;2020-11-25 20:42:15;2020-04-14 09:55:36;SO73725;74-3185-84739;84131;16;517,32;109,68;375,33;10523,14;Comment 5262
30022;2021-07-30 09:21:46;2022-01-29 00:34:36;2022-11-11 18:50:49;SO68452;57-9057-83653;19291;26;6768,56;473,05;316,19;1406,49;Comment 5263
48191;2020-08-27 18:56:29;2022-08-30 07:15:53;2022-06-22 13:04:33;SO92214;66-2881-24904;35202;23;4047,39;403,18;198,91;173,82;Comment 5264
38172;2022-12-30 15:58:56;2021-02-18 15:52:36;2021-01-15 06:19:10;SO88337;49-7039-68376;79147;8;9390,34;400,53;584,21;11273,47;Comment 5265
61319;2021-01-05 00:42:44;2022-09-19 00:49:47;2022-08-04 23:46:19;SO41199;75-3751-62094;41555;42;9837,57;415,01;254,61;13563,78;Comment 5266
96951;2023-03-09 19:21:38;2021-11-23 19:29:29;2021-08-18 20:19:20;SO63028;28-6393-31125;66448;16;3782,25;463,8;664,4;14562,79;Comment 5267
92846;2021-08-24 17:34:20;2020-09-01 23:40:34;2022-05-09 03:00:46;SO44670;69-1886-36823;55514;23;6937,66;372,86;644,74;19472,75;Comment 5268
19739;2020-01-16 21:48:43;2023-08-19 09:41:38;2023-05-30 14:13:05;SO85752;44-6968-96958;30531;46;6524,61;338,41;912,57;12220,77;Comment 5269
19479;2020-09-17 06:43:39;2021-12-24 16:11:30;2020-05-06 09:34:35;SO33998;86-5535-57031;94551;22;2704,44;318,97;767,18;2104,45;Comment 5270
28933;2023-07-31 23:20:03;2022-07-10 11:19:08;2022-08-12 15:40:38;SO59446;69-8859-80035;18313;10;7408,59;481,55;47,18;19205,79;Comment 5271
87291;2023-03-23 18:42:29;2020-02-14 01:07:28;2022-08-09 10:56:31;SO93834;57-9057-83653;31966;11;4428,97;334,94;285,92;7760,76;Comment 5272
50992;2021-08-24 06:30:23;2023-03-24 06:42:33;2021-04-15 14:26:52;SO72955;40-2409-67736;78106;19;9061,15;345,76;104,38;4898,19;Comment 5273
65113;2023-12-25 20:08:57;2021-05-13 02:05:19;2021-01-22 06:36:38;SO16315;69-8859-80035;54448;46;3108,84;229,14;899,61;1155,74;Comment 5274
52364;2020-09-19 19:00:53;2022-06-13 05:12:15;2023-07-24 07:45:43;SO71645;23-8510-71623;24052;31;3057,7;134,99;19,31;2454,59;Comment 5275
71067;2020-10-14 03:16:39;2020-04-03 03:25:54;2021-03-16 01:53:43;SO24937;97-9859-86247;98917;11;2582,4;474,56;275;15544,84;Comment 5276
87402;2022-01-11 01:30:26;2022-04-22 07:15:51;2022-10-16 14:45:34;SO80549;23-8779-93758;12661;22;939,76;416,71;35,73;8756,81;Comment 5277
94662;2021-09-09 08:06:51;2022-12-09 21:24:10;2022-03-01 22:33:26;SO47452;61-5244-70735;57296;22;4410,25;205,57;677,82;6613,36;Comment 5278
11846;2022-05-23 10:32:34;2020-06-03 11:00:43;2021-07-14 15:04:04;SO81774;29-3530-22517;83582;3;2290,86;342,64;131,08;15366,51;Comment 5279
41899;2021-03-13 00:04:39;2022-03-18 23:43:20;2022-02-26 06:56:49;SO73514;63-4608-21366;69108;36;8000,06;312,89;641,59;9748,63;Comment 5280
10315;2021-01-15 08:02:05;2020-08-27 10:55:45;2021-02-26 17:30:10;SO23853;66-2881-24904;47494;27;1499,33;252,42;526,92;7025,86;Comment 5281
81012;2021-02-12 09:20:32;2020-08-21 22:08:46;2020-11-07 04:46:39;SO10878;50-5389-75591;83287;40;380,64;342,32;691,2;8819,71;Comment 5282
17561;2023-02-12 20:34:55;2022-06-30 05:51:47;2022-04-01 16:38:25;SO47418;81-3143-56523;76364;19;7135,69;243,84;255,3;13186,11;Comment 5283
26241;2023-05-21 17:31:59;2020-06-07 08:18:24;2020-08-22 01:27:53;SO24274;76-6173-91169;30270;46;8968,8;343,23;894,4;12726,42;Comment 5284
85255;2022-05-05 12:24:43;2022-03-15 19:57:19;2021-08-01 12:12:50;SO77685;53-9319-74957;43690;37;4607,85;122,27;820,99;15926,36;Comment 5285
19218;2022-09-09 05:18:54;2023-09-16 10:49:28;2021-01-28 00:59:18;SO45529;30-1489-79011;68561;4;4288,85;454,83;581,37;2588,52;Comment 5286
14121;2023-09-27 12:22:32;2021-11-02 22:30:45;2022-01-28 14:02:24;SO39787;81-3143-56523;94101;46;9426,62;305,9;900,78;15702,13;Comment 5287
26378;2023-03-22 04:08:03;2020-01-16 05:16:17;2021-09-12 10:47:50;SO56229;57-9057-83653;65433;6;6196,99;369,92;983,71;8083,38;Comment 5288
96752;2021-04-11 09:54:20;2022-05-27 22:17:37;2021-01-31 22:27:09;SO24879;97-9859-86247;27833;30;5814,06;134;965,83;2715,19;Comment 5289
25181;2022-01-26 20:21:46;2020-10-05 07:00:45;2023-04-28 19:17:47;SO52449;42-3255-58813;85823;20;3932,02;33,89;887,48;17566,42;Comment 5290
15505;2022-04-28 11:23:39;2021-11-07 04:30:46;2023-11-20 23:51:58;SO75796;24-7081-87522;35844;46;6969,17;84,4;138,4;589,09;Comment 5291
74627;2022-11-08 08:15:42;2023-07-20 19:50:22;2022-03-14 05:34:46;SO92653;22-4444-25264;21865;19;8264,87;463,45;609,54;2336,71;Comment 5292
95359;2022-07-16 16:01:30;2020-04-30 14:35:36;2021-01-28 06:01:03;SO12273;81-3143-56523;79634;43;272,69;150,11;573,45;18325,46;Comment 5293
25182;2022-02-21 13:42:49;2022-03-01 00:14:30;2020-05-18 11:20:35;SO23276;30-1489-79011;31575;9;6383,44;193,33;70,04;12973,86;Comment 5294
44951;2021-12-13 08:26:44;2020-11-20 15:10:07;2020-12-05 16:15:54;SO27273;74-3185-84739;80049;16;5237,42;121,63;848,29;9080,57;Comment 5295
38012;2023-06-24 05:53:41;2022-07-25 11:30:29;2022-02-04 16:49:37;SO16763;69-8859-80035;88782;11;8431,08;273,99;335,03;19359,4;Comment 5296
90236;2020-01-25 19:31:41;2021-12-14 23:51:10;2023-03-24 20:58:31;SO84181;81-3143-56523;94619;11;7664,97;138,84;463,92;12199,97;Comment 5297
17204;2022-10-25 01:29:43;2020-02-26 05:35:34;2021-08-03 08:42:10;SO76008;66-2881-24904;78583;30;5973,74;171,37;842,66;7120,13;Comment 5298
71638;2021-05-03 07:09:15;2020-02-06 11:15:34;2023-09-03 18:55:29;SO56989;84-7460-34357;39636;26;2123,07;93,32;445,43;13042,76;Comment 5299
79584;2020-03-02 00:55:51;2021-11-06 15:02:52;2022-01-28 21:09:22;SO23261;28-6393-31125;42627;24;8384,6;291,28;619,74;5319,17;Comment 5300
25623;2022-10-01 01:01:24;2021-04-16 12:59:34;2023-09-07 20:26:01;SO65772;69-1886-36823;63219;37;5581,24;234,91;331,81;12825,02;Comment 5301
44261;2021-12-12 00:38:09;2020-06-24 08:31:44;2020-08-12 18:23:03;SO89514;86-5535-57031;54619;36;4992,94;123,15;157,51;8860,67;Comment 5302
35602;2021-08-12 07:02:33;2021-03-21 01:03:48;2020-01-12 11:38:40;SO92025;61-5244-70735;58631;13;875,35;461,56;186,05;1388,9;Comment 5303
99117;2022-12-31 01:45:13;2023-12-09 07:09:54;2021-10-23 16:38:15;SO33865;44-6968-96958;64187;24;4424,7;119,99;133,6;6911,4;Comment 5304
13011;2022-08-10 18:34:33;2022-01-25 10:36:18;2021-01-08 15:35:01;SO46665;63-4608-21366;22367;26;4959,09;38,27;241,77;14694,54;Comment 5305
43198;2021-12-27 04:08:27;2023-03-29 14:47:22;2022-04-27 03:05:34;SO59639;96-7105-64379;33003;23;5712,38;244,67;622,24;11442,55;Comment 5306
95931;2020-01-17 06:44:16;2022-04-15 04:31:32;2020-03-16 21:16:38;SO45777;69-1886-36823;78002;36;6580,18;21,86;674,63;816,26;Comment 5307
33841;2020-12-29 04:33:39;2020-11-13 02:26:05;2021-09-29 21:55:14;SO43499;86-5535-57031;13820;10;6201,35;31,53;510,42;18107,31;Comment 5308
70924;2021-08-11 06:45:08;2022-09-15 11:01:52;2023-10-16 21:15:32;SO83818;78-5267-32468;16160;14;1681,52;443,63;79,7;6593,24;Comment 5309
29801;2021-12-16 20:43:00;2020-10-11 04:41:59;2021-02-16 17:17:57;SO81902;60-7449-26711;36655;9;6966,67;28,35;91,54;19483,97;Comment 5310
94306;2020-11-25 09:37:37;2022-06-26 03:58:52;2020-11-16 09:29:42;SO12893;69-1886-36823;57565;7;2814,68;78,55;806,49;9749,26;Comment 5311
90230;2021-02-09 02:05:03;2020-10-22 04:57:43;2023-02-07 09:38:36;SO54502;40-5683-25279;13563;38;9053,41;201,63;28,14;12343,28;Comment 5312
98665;2023-07-19 19:27:08;2023-08-01 19:03:20;2020-04-18 21:43:50;SO56819;74-2176-61667;39954;18;3497,2;366,65;507,87;4201,34;Comment 5313
52712;2021-02-26 09:24:06;2021-03-02 16:05:47;2023-05-12 16:41:51;SO27557;48-2823-67639;28400;17;8202,13;16,85;33,59;8050,82;Comment 5314
75236;2022-10-30 09:13:46;2023-09-10 12:57:47;2021-12-29 16:47:59;SO24147;28-6393-31125;72875;20;1177;338,22;993,12;743,38;Comment 5315
26723;2022-10-26 01:17:04;2022-12-21 15:37:18;2021-02-24 15:36:38;SO92862;33-1973-80101;98164;34;9950,22;96,81;44,34;11090,83;Comment 5316
33702;2022-06-04 07:52:18;2023-10-06 10:31:00;2023-07-01 07:08:19;SO46261;40-2409-67736;95526;17;5377,12;482,76;334,33;9712,97;Comment 5317
72596;2023-04-04 07:51:35;2021-07-05 21:48:56;2022-05-17 19:30:16;SO79451;83-7954-63932;34491;19;6513,11;375,82;246,04;10702,09;Comment 5318
61649;2020-05-26 03:45:21;2023-05-07 12:42:33;2020-02-02 22:51:34;SO63250;61-5244-70735;71291;23;6090,15;186,16;568,61;18466,1;Comment 5319
11514;2021-07-09 05:00:11;2023-07-20 10:15:59;2023-10-05 17:36:00;SO40221;96-7105-64379;70175;9;732,74;22,54;844,88;11947,08;Comment 5320
92690;2021-06-03 22:41:56;2020-10-02 05:21:04;2021-10-28 11:22:28;SO90358;22-4444-25264;87973;27;6350,16;130,7;379,78;13449,84;Comment 5321
55781;2022-08-18 02:27:54;2023-03-17 14:45:04;2021-07-06 05:04:06;SO13987;71-9532-69420;28749;40;3304,36;72,11;330,45;10293,2;Comment 5322
99656;2020-10-25 00:46:43;2021-07-22 17:30:28;2020-08-11 09:22:03;SO34240;40-5683-25279;36686;18;6061,81;114,09;962,1;13862,94;Comment 5323
57218;2021-09-11 07:43:22;2023-04-11 05:13:46;2020-01-23 00:32:15;SO72844;33-1973-80101;78732;1;7489,99;16,25;269,83;14771,67;Comment 5324
99336;2021-05-31 10:19:22;2021-06-20 22:24:45;2023-02-12 23:59:54;SO86078;75-3751-62094;90229;38;1150,32;447,06;369,24;18389,24;Comment 5325
23255;2020-01-07 09:22:00;2023-05-18 05:02:55;2022-04-25 10:24:39;SO42916;33-1973-80101;14390;43;6276,14;66,08;949,23;18162,21;Comment 5326
35633;2021-09-13 22:37:26;2020-04-20 14:04:41;2020-01-21 10:19:24;SO13762;17-6178-77430;83312;32;4238,18;79,11;888,44;13225,86;Comment 5327
61364;2023-10-17 10:51:30;2021-04-28 18:48:34;2021-03-30 00:47:09;SO41163;75-3751-62094;96271;1;1357,89;167,17;899,58;10749,22;Comment 5328
78411;2020-01-26 14:18:30;2021-02-07 15:19:22;2021-12-05 11:32:58;SO89860;40-5683-25279;99590;38;5013,86;239,9;267,43;17804,22;Comment 5329
46242;2023-12-29 07:31:09;2022-06-09 11:33:54;2022-01-10 19:11:20;SO10414;97-9859-86247;36399;34;3706,18;172,61;244,33;14386,74;Comment 5330
62512;2020-08-22 21:44:56;2020-09-12 10:10:42;2021-06-14 02:02:24;SO12631;33-1973-80101;33962;40;4086,54;328,15;367,56;17046,39;Comment 5331
80400;2020-08-27 00:39:42;2022-09-12 22:27:19;2021-01-28 07:41:08;SO83471;50-5389-75591;30777;6;2841,91;155,48;894,43;10122,89;Comment 5332
62912;2020-02-02 02:53:13;2023-08-07 08:57:14;2020-06-14 01:06:34;SO73639;42-3255-58813;93760;10;7703,51;118,67;403,84;14515,9;Comment 5333
90735;2023-08-31 13:03:09;2020-10-10 21:36:53;2022-12-06 18:06:12;SO10435;75-7092-97988;82957;50;6271,81;461,35;745,32;15929,71;Comment 5334
14007;2022-05-05 17:17:28;2023-01-27 21:49:05;2023-07-04 20:04:14;SO33834;66-2881-24904;68285;36;4801,71;497,08;101,73;5640,82;Comment 5335
20209;2023-09-11 11:50:41;2021-10-06 04:51:22;2022-12-20 04:18:35;SO36940;97-9859-86247;91904;25;4418,8;195,21;220,11;15637,18;Comment 5336
69563;2023-06-04 01:44:36;2020-10-01 16:34:18;2023-05-11 07:03:26;SO98981;75-3751-62094;69299;42;7377,56;314,71;27,36;1032,3;Comment 5337
97279;2020-07-15 23:29:57;2022-01-01 22:25:10;2020-03-30 20:05:11;SO60621;96-7105-64379;32803;42;2366,32;123,86;220,37;7677,59;Comment 5338
10374;2023-06-18 04:02:38;2020-06-17 07:56:27;2021-09-12 14:30:57;SO26059;75-7092-97988;60408;47;8777,84;193,02;564,09;19709,71;Comment 5339
34891;2022-10-25 05:48:56;2020-04-24 04:04:49;2020-10-29 13:51:03;SO22620;53-9319-74957;18055;35;6993,61;276,31;482,06;19648,69;Comment 5340
51424;2020-06-01 05:03:04;2023-01-09 05:56:34;2020-08-13 04:32:40;SO69743;22-4444-25264;36363;32;6887,71;456,18;278,75;150,29;Comment 5341
71272;2021-06-13 04:17:43;2023-07-09 22:58:44;2021-09-01 02:22:57;SO82452;74-2176-61667;66657;17;5215,93;453,8;336,73;11765,42;Comment 5342
22760;2021-09-16 06:11:56;2023-09-13 19:01:58;2021-06-26 13:13:31;SO93367;97-9859-86247;28002;32;7595,41;454,56;812,05;16627,63;Comment 5343
45932;2022-02-22 19:54:26;2023-04-22 14:50:29;2021-02-25 23:57:20;SO91619;24-7081-87522;55087;6;7883,32;203,18;237,6;12561,36;Comment 5344
78480;2020-08-23 04:33:29;2021-10-15 21:04:58;2021-04-03 00:19:49;SO83579;74-3185-84739;66918;16;2426,8;236,64;625,65;8895,43;Comment 5345
88130;2023-06-14 18:43:59;2021-08-03 12:08:38;2020-11-14 15:07:01;SO53766;84-8862-18518;28855;42;3589,93;299,35;960,74;11108,73;Comment 5346
74329;2020-12-02 01:55:55;2021-01-20 13:52:34;2020-02-25 23:18:03;SO93529;24-7081-87522;37417;42;8669,62;463,66;154,74;19909,71;Comment 5347
47369;2021-04-11 19:20:46;2022-08-03 01:01:13;2021-11-25 20:56:20;SO35784;48-2823-67639;51833;6;2160,01;472,05;706,11;17996,82;Comment 5348
44731;2020-02-20 08:13:37;2021-03-28 10:54:41;2021-03-07 06:32:29;SO79618;92-2389-56247;99119;41;3577,84;187,08;800,37;6620,01;Comment 5349
12834;2020-02-27 15:57:22;2021-01-18 07:54:20;2020-04-11 11:14:28;SO52168;22-4444-25264;55817;37;8901,89;161,57;440,78;16535,74;Comment 5350
14266;2020-02-11 09:03:55;2020-08-19 21:01:26;2020-08-30 04:08:52;SO63904;23-8779-93758;46564;4;4753,16;13,43;518,03;10274,65;Comment 5351
85321;2021-02-08 09:42:36;2023-11-25 04:44:06;2020-03-06 07:48:58;SO95212;66-2881-24904;26420;44;5887,78;384,59;568,6;12982,92;Comment 5352
57517;2021-01-26 05:13:37;2020-06-22 03:19:18;2023-12-11 13:23:00;SO71199;75-3751-62094;12640;44;6523,25;53,82;900,42;18270,68;Comment 5353
84216;2023-07-29 20:09:04;2022-11-15 09:38:15;2023-02-23 22:48:07;SO91524;23-8779-93758;42472;25;7774,7;45,2;553,87;3336,14;Comment 5354
65602;2020-02-10 22:42:20;2023-11-13 01:44:01;2021-07-08 09:05:07;SO46770;71-9532-69420;22014;11;7444,65;24,29;947,67;1448,91;Comment 5355
71422;2022-09-24 19:40:50;2021-05-15 21:51:53;2022-06-08 14:49:39;SO74567;30-1489-79011;36021;37;8149,83;212,28;767,32;1689,85;Comment 5356
13524;2022-10-16 14:13:02;2021-09-05 23:20:02;2023-10-12 18:14:29;SO40124;51-7541-34141;65262;43;4451,78;491,94;333,22;2424,54;Comment 5357
77418;2020-11-11 00:53:52;2023-03-22 22:16:26;2022-08-17 19:50:27;SO68696;29-3530-22517;67133;41;8760,05;99,77;953,02;12921,22;Comment 5358
30177;2022-11-02 21:28:28;2022-08-27 23:29:50;2021-07-23 10:09:04;SO57245;84-7460-34357;28069;15;4759,74;316,21;150,44;2769,93;Comment 5359
85657;2023-03-04 00:47:15;2021-10-08 23:58:28;2023-11-16 14:52:43;SO95433;16-3417-49054;46247;32;3214,36;248,99;159,19;4345,21;Comment 5360
85601;2021-05-24 12:48:47;2022-07-23 20:28:07;2020-06-14 10:07:51;SO50121;66-2881-24904;61509;35;439,07;128,05;567,08;9115,32;Comment 5361
76351;2020-11-16 06:04:10;2021-03-04 02:37:16;2020-06-29 02:15:38;SO38490;75-3751-62094;33797;33;123,94;186,91;546,37;19494,54;Comment 5362
31192;2020-04-27 05:24:51;2021-08-02 14:58:25;2020-02-13 07:22:31;SO54622;86-5535-57031;57038;28;9680,98;61,94;54,21;8376,67;Comment 5363
71522;2020-03-24 18:51:24;2022-11-28 16:43:02;2023-06-09 03:33:14;SO57558;92-2389-56247;31450;38;2917,81;148,16;959,61;12717,06;Comment 5364
83963;2021-07-15 12:47:50;2020-01-23 22:57:09;2020-11-11 02:22:51;SO43451;66-2881-24904;66696;37;8670,18;35,71;730,96;4298,3;Comment 5365
30934;2020-02-15 12:08:58;2022-11-19 06:33:33;2021-11-06 18:11:57;SO80020;51-7602-22642;65983;43;8275,09;314,3;208,68;2709,89;Comment 5366
63007;2021-12-03 00:04:11;2022-12-28 18:07:08;2023-03-08 17:42:57;SO96654;17-6178-77430;14808;25;5651,1;386,25;112,24;15038,92;Comment 5367
75535;2023-07-12 04:43:03;2020-04-04 07:03:50;2021-11-07 08:13:25;SO65591;16-3417-49054;16180;22;8460,19;486,85;568,39;10116,73;Comment 5368
60711;2023-10-20 17:13:44;2022-06-08 16:46:00;2020-09-02 07:03:11;SO10060;98-8354-24626;70183;46;1663,24;466,15;185,25;2030,67;Comment 5369
15626;2021-07-21 22:03:11;2022-06-07 00:22:24;2022-05-25 08:37:39;SO35806;75-3751-62094;72206;3;2317,95;402,37;587,92;16672,52;Comment 5370
97967;2023-09-03 23:03:11;2023-11-19 19:57:14;2022-11-14 20:07:53;SO83670;23-8779-93758;14288;17;8077,46;481,08;884,61;6741,05;Comment 5371
66597;2023-11-21 22:29:35;2022-09-07 18:14:10;2020-09-26 11:19:47;SO61867;63-4608-21366;77357;30;5377,72;171,19;704,07;9887,85;Comment 5372
30114;2023-11-11 14:30:52;2020-08-18 05:48:17;2023-07-06 23:00:30;SO98946;84-7460-34357;70592;43;2139,5;351,49;145,07;10620,38;Comment 5373
43789;2020-10-21 20:27:57;2023-03-05 22:31:30;2021-11-02 21:33:47;SO20132;81-3143-56523;95348;48;4446,5;490,91;264,61;10635,18;Comment 5374
72080;2022-01-10 15:18:22;2023-08-09 02:33:22;2022-02-01 23:08:03;SO20545;51-7602-22642;90499;7;600,2;407;525,8;15617,62;Comment 5375
96442;2022-02-27 04:00:19;2021-11-07 00:41:58;2021-09-08 01:59:40;SO27339;63-4608-21366;91107;21;7699,15;388,23;682,86;17071,46;Comment 5376
31862;2021-06-02 15:07:26;2021-05-23 14:44:34;2021-05-11 21:22:20;SO65564;61-5244-70735;24680;2;2911,79;133,94;103,62;13160,64;Comment 5377
68571;2023-06-20 17:26:14;2022-06-19 11:54:36;2022-11-02 16:47:18;SO69825;78-5267-32468;39610;5;4377,99;159,53;378,6;1885,53;Comment 5378
48399;2020-08-31 23:51:13;2023-09-15 01:22:18;2022-04-22 21:37:44;SO44688;84-7460-34357;62688;46;2946,32;31;806,96;16238,78;Comment 5379
95119;2022-02-26 13:43:21;2020-09-19 09:08:03;2022-07-04 10:58:13;SO70449;84-7460-34357;78418;30;6220,26;254,04;180,84;7785,11;Comment 5380
66224;2020-01-22 17:41:23;2022-10-23 15:20:36;2022-07-06 14:49:05;SO66616;98-8354-24626;43951;39;5647,92;289,17;163,14;19012,02;Comment 5381
66821;2020-03-24 10:17:40;2022-05-17 07:58:02;2020-06-24 10:36:45;SO58255;24-7081-87522;52338;47;7502,52;263,59;458,24;1482,68;Comment 5382
31938;2021-09-28 22:07:48;2020-12-20 08:54:29;2022-04-03 01:58:39;SO85309;72-3440-90827;63470;37;3622,76;323,47;309,02;3843,66;Comment 5383
23482;2020-05-04 06:47:16;2021-04-06 07:05:31;2022-11-22 02:03:57;SO93136;23-8779-93758;78972;18;2052,1;62,91;806,68;9312,9;Comment 5384
42248;2023-08-17 22:12:53;2021-02-09 05:10:58;2020-06-06 02:59:17;SO87385;61-5244-70735;86653;38;9534,13;39,56;945,19;6722,68;Comment 5385
40204;2022-04-24 22:41:38;2023-03-05 08:28:48;2021-08-03 12:53:16;SO49859;86-5535-57031;76337;31;4413,15;261,28;984,87;16823,36;Comment 5386
80607;2020-01-02 03:03:28;2020-02-13 17:33:45;2020-12-23 23:51:07;SO93433;16-3417-49054;26458;18;9355,89;283,22;534,83;16893,33;Comment 5387
37789;2020-11-27 01:45:35;2022-09-13 05:06:57;2023-09-25 02:41:40;SO66341;61-5244-70735;39283;14;7142,38;332,33;104,89;13324,9;Comment 5388
18161;2023-12-18 16:31:42;2020-07-09 12:50:10;2022-05-24 00:22:13;SO71718;66-2881-24904;54802;15;9296,85;212,25;774,82;12804,84;Comment 5389
71923;2023-03-24 04:27:32;2022-03-26 12:19:38;2023-01-24 23:54:13;SO12992;23-8779-93758;91892;1;1412,17;420,85;610;9968,49;Comment 5390
28060;2022-03-29 05:26:28;2020-10-04 22:22:23;2022-09-17 12:40:05;SO15977;74-3185-84739;39855;14;3687,12;175,78;687,82;15755,99;Comment 5391
58319;2022-10-24 20:36:06;2023-06-14 02:46:54;2021-11-01 00:31:19;SO40482;40-2409-67736;77300;21;9088,93;417,68;981,61;11575,41;Comment 5392
42165;2021-08-06 07:57:37;2021-12-12 18:48:12;2021-05-06 23:31:22;SO83091;50-5389-75591;28087;34;9203,09;236,19;438,05;1432,09;Comment 5393
37290;2023-01-13 02:17:40;2022-05-23 23:43:09;2022-11-03 14:56:18;SO88450;51-7541-34141;35981;38;1635,42;440,24;628,79;14001,88;Comment 5394
81587;2020-05-21 08:20:39;2022-06-06 23:09:12;2020-08-10 18:08:58;SO41169;83-7954-63932;26003;6;4447,5;308,47;534,86;744,68;Comment 5395
75466;2020-01-22 15:51:00;2023-11-03 03:13:23;2022-02-24 03:01:01;SO45738;72-3440-90827;45387;9;3566,59;225,05;713,53;11991,4;Comment 5396
13594;2023-02-22 03:55:16;2020-02-23 02:58:18;2023-03-28 01:35:37;SO28256;71-9532-69420;56194;33;253,84;38,98;647,36;19692,44;Comment 5397
24208;2021-06-10 13:32:05;2023-06-29 21:36:17;2020-02-24 23:56:40;SO10036;83-7954-63932;17259;47;3943,87;332,31;564,4;980,87;Comment 5398
86167;2022-09-27 15:56:58;2022-09-27 09:52:30;2022-10-20 12:40:26;SO20668;75-3751-62094;80513;13;3837,7;480,07;117,58;8784,2;Comment 5399
40278;2023-07-20 10:30:29;2021-09-14 02:22:44;2021-01-27 17:04:57;SO10234;96-7105-64379;55636;29;1997,76;277,47;299,04;4846,86;Comment 5400
67486;2023-01-21 20:05:01;2020-04-04 14:03:03;2021-09-29 20:28:29;SO10347;75-7092-97988;18563;19;8751,73;55,48;942,06;4101,06;Comment 5401
66938;2021-03-12 14:44:34;2020-10-06 17:00:29;2023-11-27 20:42:36;SO63723;51-7541-34141;77093;9;604,08;205,43;686,76;5045,24;Comment 5402
82338;2021-11-03 11:10:34;2023-06-23 04:13:40;2021-06-07 10:32:32;SO93633;28-4123-84663;98712;45;2852,57;63,6;834,46;4596,52;Comment 5403
46391;2022-11-12 00:33:41;2021-01-12 11:24:35;2022-09-23 23:24:02;SO21425;84-8862-18518;80236;26;355,89;127,36;228,26;9065,16;Comment 5404
63624;2022-07-20 14:59:55;2023-09-14 11:26:49;2022-05-06 03:06:13;SO10480;49-7039-68376;70333;36;614,29;191,1;603,19;9136,15;Comment 5405
75349;2023-04-19 12:45:18;2023-05-05 16:59:22;2020-08-10 18:03:25;SO94896;66-2881-24904;97715;11;6037,37;253,72;990,96;16185,42;Comment 5406
73033;2020-05-13 10:29:08;2020-02-13 03:57:39;2023-02-08 05:05:22;SO55783;63-4608-21366;34044;8;9384,09;302,81;68,82;3297,13;Comment 5407
84933;2022-05-24 12:29:11;2020-06-01 21:46:38;2022-05-18 19:15:37;SO34429;50-5389-75591;94860;2;268,2;373,26;87,89;16744,5;Comment 5408
96958;2020-07-07 23:59:37;2023-02-05 21:07:34;2023-02-28 16:20:10;SO39437;40-5683-25279;32754;17;3309,2;341,51;27,57;5354,13;Comment 5409
73414;2020-12-17 15:08:36;2023-05-25 04:41:52;2021-03-12 11:51:07;SO81107;92-2389-56247;56628;4;8345,02;152,9;85,42;9348,27;Comment 5410
31347;2020-12-10 13:15:40;2021-08-05 03:52:33;2023-11-09 21:04:12;SO52257;28-6393-31125;74681;44;1760,71;213,46;50,39;14968,19;Comment 5411
53197;2021-12-05 20:59:24;2022-08-02 22:54:50;2021-08-17 03:18:20;SO28308;81-3143-56523;22965;47;7655,37;221,54;829,35;13757,16;Comment 5412
23598;2023-11-20 00:54:46;2021-08-17 09:58:57;2022-05-21 21:57:23;SO81626;42-3255-58813;13807;24;5578,88;321,31;747,75;17363,67;Comment 5413
68667;2023-12-27 11:52:18;2023-01-29 21:00:00;2023-09-22 20:57:31;SO76414;97-9859-86247;22173;5;5765,59;444,78;80,32;13224,26;Comment 5414
69030;2022-09-14 02:06:38;2022-07-13 07:33:59;2020-10-22 10:03:12;SO40713;78-5267-32468;13016;23;6148,62;127,32;251,75;6135,3;Comment 5415
30006;2022-05-05 15:10:21;2021-04-27 11:55:18;2020-02-27 08:16:27;SO39971;51-7602-22642;18451;5;8773,23;439,22;962,3;17885,5;Comment 5416
16016;2020-08-23 15:12:45;2020-10-25 13:27:23;2020-05-01 09:00:26;SO20709;71-9532-69420;32022;46;7545,96;368,7;953,25;11783,87;Comment 5417
92236;2020-03-22 02:10:25;2022-02-09 07:20:17;2020-02-17 19:36:39;SO28138;30-1489-79011;55783;16;5978,17;207,76;847,25;11977,18;Comment 5418
90331;2021-05-06 04:13:59;2023-08-26 23:45:45;2020-06-02 02:58:31;SO36989;28-4123-84663;39224;15;6778,03;498,38;816,95;13451,72;Comment 5419
36169;2020-06-22 12:21:50;2022-10-09 12:26:03;2021-07-11 07:29:35;SO15831;81-3143-56523;74979;1;7568,87;43,63;156,2;18589,86;Comment 5420
36874;2022-11-21 01:09:36;2023-12-29 15:55:59;2022-04-29 03:27:49;SO40106;72-3440-90827;23350;33;4052,8;255,27;474,08;1416,84;Comment 5421
62989;2021-10-16 18:31:07;2023-07-19 18:00:18;2022-02-05 11:11:23;SO98578;44-6968-96958;31266;26;1568,08;490,63;339,35;17610,07;Comment 5422
66353;2023-12-19 12:04:14;2023-01-23 19:59:05;2020-04-30 06:57:46;SO80409;35-6579-94037;36431;3;1237,78;142,5;168,35;13663,21;Comment 5423
14025;2022-07-25 16:12:49;2023-02-21 20:41:02;2023-03-29 09:20:43;SO42500;23-8510-71623;43651;22;631,33;229,28;309,15;15756,61;Comment 5424
51829;2022-11-29 06:54:41;2023-10-04 09:45:10;2021-10-27 23:52:19;SO54402;22-4444-25264;96891;33;9458,16;99,22;806,28;16314,16;Comment 5425
43145;2022-11-19 09:59:16;2020-01-07 00:17:37;2022-05-16 23:33:03;SO71680;97-9859-86247;96222;17;1007,19;444,58;447,32;1634,01;Comment 5426
80855;2023-11-18 00:42:20;2020-03-14 02:23:20;2022-09-24 22:34:30;SO39120;86-5535-57031;31138;27;7026,52;310,1;621,63;2409,66;Comment 5427
43453;2021-06-06 16:03:08;2021-02-17 11:10:08;2021-10-15 15:26:16;SO15672;40-5683-25279;82122;10;3190,05;353,91;832,86;1090,12;Comment 5428
21403;2020-07-01 06:02:22;2020-07-15 19:33:21;2020-04-25 19:24:39;SO78316;63-4608-21366;45000;50;8743,47;309,76;799,19;4153,37;Comment 5429
81966;2020-06-14 00:08:38;2021-06-03 10:21:55;2022-09-15 15:40:40;SO32180;57-9057-83653;66412;15;4508,14;240,41;879,36;9554,34;Comment 5430
84635;2023-10-16 19:52:35;2020-10-09 06:57:14;2022-02-05 03:32:02;SO64740;86-5535-57031;30461;14;7955,83;298,37;837,97;2176,35;Comment 5431
91153;2021-12-24 14:54:40;2023-08-21 18:48:35;2022-09-20 03:45:12;SO86607;76-6173-91169;60633;35;8689,97;128,44;962,31;13320,32;Comment 5432
76694;2023-11-28 10:59:28;2022-08-30 10:03:52;2023-02-15 21:24:36;SO70544;53-9319-74957;34646;24;2595,89;275,04;17,99;16753,61;Comment 5433
91147;2023-07-30 15:07:47;2020-10-01 23:22:00;2021-01-25 21:06:39;SO65029;53-9319-74957;86543;17;3840,79;268,61;875,58;10099,3;Comment 5434
28822;2023-06-13 20:08:22;2023-03-22 00:08:44;2022-06-05 22:43:08;SO16874;57-9057-83653;66831;11;1912,71;195,41;79,21;13641,56;Comment 5435
13319;2022-05-11 20:15:11;2020-12-02 15:24:33;2023-04-08 06:30:23;SO99955;84-7460-34357;85892;6;9051,03;492,48;432,25;16136,64;Comment 5436
11885;2020-10-16 07:25:12;2022-04-16 08:53:10;2021-09-14 05:16:33;SO22209;30-1489-79011;48022;14;8252,41;31,06;69,11;5319,9;Comment 5437
20491;2021-05-12 08:20:03;2021-11-10 11:49:25;2020-07-26 01:13:43;SO96924;96-7105-64379;13986;33;6626,95;341,77;230,51;10516,92;Comment 5438
86360;2021-10-23 15:06:36;2020-04-30 05:44:44;2020-04-25 06:34:17;SO29789;86-5535-57031;36441;32;2062,01;398,43;842,76;16958,43;Comment 5439
78863;2020-11-18 23:57:32;2020-11-21 08:31:33;2022-03-11 22:19:34;SO88304;84-8862-18518;81132;34;9289,24;300;351,41;16319,17;Comment 5440
10168;2020-08-25 13:40:07;2020-01-09 02:02:32;2022-10-28 09:52:38;SO54596;92-2389-56247;64089;31;5345,61;468,83;578,7;19544,76;Comment 5441
86449;2022-05-15 03:08:25;2023-12-17 08:11:00;2021-04-10 10:22:16;SO95102;66-4277-92738;67022;12;8985,24;43,57;874,9;16463,11;Comment 5442
39194;2020-02-03 14:07:01;2022-10-04 06:04:58;2022-12-29 00:54:22;SO94946;23-8510-71623;77488;46;3433,08;57,88;859,52;14864,47;Comment 5443
14881;2023-09-12 22:40:57;2022-11-08 03:48:08;2022-02-20 08:16:26;SO38544;71-9532-69420;51877;24;7193,1;163,65;822,16;3379,03;Comment 5444
18549;2023-10-09 16:32:38;2022-02-09 12:01:47;2022-11-01 08:28:10;SO14306;28-4123-84663;70381;17;3696,85;334,42;432,97;9862,88;Comment 5445
43640;2021-09-19 22:39:26;2021-05-16 13:23:16;2022-03-02 09:16:10;SO60516;60-7449-26711;61111;10;5484,71;89,04;935,6;17897,34;Comment 5446
33339;2022-02-28 18:03:31;2020-01-05 02:03:05;2020-04-11 10:48:26;SO25815;72-3440-90827;70766;12;6480,66;69,4;389,96;3232,79;Comment 5447
71010;2021-03-31 01:50:56;2022-12-12 09:20:16;2021-01-03 00:25:00;SO87870;51-7541-34141;14720;22;9366,44;176,75;55,13;11572,69;Comment 5448
72702;2022-10-08 16:57:22;2022-02-04 12:07:56;2021-08-25 07:59:40;SO26373;97-9859-86247;58368;42;4178,93;323,94;309,98;15574,35;Comment 5449
67053;2020-08-27 03:10:40;2021-08-21 20:03:59;2022-11-25 18:25:29;SO46585;53-9319-74957;30803;41;6727,16;342,72;307,34;9396,52;Comment 5450
62152;2023-01-31 11:20:50;2020-01-02 09:28:34;2020-12-14 20:54:25;SO62929;84-8862-18518;68114;37;6997,73;116,65;752,64;4562,64;Comment 5451
86609;2022-04-12 02:26:55;2021-09-04 14:07:58;2022-06-08 03:04:28;SO95659;61-5244-70735;21948;29;3768,52;253,77;478,55;16011;Comment 5452
87627;2023-07-29 13:17:21;2022-04-08 16:33:16;2022-07-30 19:59:22;SO88065;78-5514-83427;20960;24;592,97;36,91;705,79;478,55;Comment 5453
49043;2022-08-19 06:24:28;2020-06-26 09:37:58;2023-11-26 11:33:14;SO54420;40-2409-67736;61015;16;8338,33;75,78;333,61;2885,44;Comment 5454
63522;2021-05-06 13:16:49;2020-12-26 09:17:12;2021-04-23 18:50:09;SO68691;50-5389-75591;49180;32;9634,03;14,5;512,81;8164,54;Comment 5455
11647;2023-05-20 16:03:44;2021-02-25 00:31:37;2021-01-03 06:32:24;SO58349;63-4608-21366;80984;19;9426,56;100,09;272,66;6069,45;Comment 5456
39130;2022-06-14 22:08:05;2023-07-28 07:14:27;2022-12-26 09:34:20;SO11955;96-7105-64379;81194;47;9234,31;392,52;173,29;11765,07;Comment 5457
76544;2021-12-14 03:23:08;2021-03-05 15:26:38;2021-05-13 12:03:24;SO10477;86-5535-57031;60784;42;4546,64;154,73;956,99;15106,01;Comment 5458
43024;2020-07-17 12:15:38;2022-08-29 01:04:52;2021-05-15 18:47:39;SO85865;63-4608-21366;11015;20;483,62;498,97;48,15;3419,81;Comment 5459
39892;2023-02-06 16:10:09;2022-12-01 06:39:45;2023-07-16 08:19:24;SO15692;74-3185-84739;58344;47;7586,59;78,46;158,53;5780,63;Comment 5460
39697;2021-08-01 09:18:32;2023-01-28 15:13:28;2020-04-02 03:35:15;SO99101;48-2823-67639;97810;1;2644,49;371,95;435,13;7702,41;Comment 5461
75619;2023-04-30 16:53:59;2022-03-13 11:33:43;2022-08-24 16:24:56;SO12812;23-8779-93758;94478;25;4531,32;85,28;957,46;17052,95;Comment 5462
85245;2021-02-27 13:45:17;2021-01-30 04:55:42;2022-12-19 09:42:56;SO72459;69-8859-80035;66290;42;8281,6;289,58;746,34;2648,05;Comment 5463
18385;2021-11-03 03:29:06;2023-03-29 21:31:09;2022-03-24 14:29:48;SO71236;96-7105-64379;23058;2;8864,08;187,62;934,09;17483,87;Comment 5464
64792;2020-05-25 23:39:39;2022-09-27 15:34:24;2021-04-07 17:24:55;SO85306;78-5514-83427;23618;21;5597,23;19,38;499,8;6890,87;Comment 5465
10386;2022-06-14 09:53:33;2020-02-08 09:45:49;2021-08-28 23:06:07;SO11015;53-9319-74957;15781;48;1508,31;425,74;309,86;1919,86;Comment 5466
20290;2022-08-16 18:13:19;2023-09-15 03:06:03;2023-07-03 03:07:36;SO64165;84-7460-34357;62692;48;2533,39;258,17;298,46;15215,45;Comment 5467
77993;2023-10-01 05:08:11;2022-07-03 05:18:36;2023-07-24 01:36:19;SO44775;60-7449-26711;22127;41;3374,9;66,64;258,7;15676,76;Comment 5468
79449;2020-08-07 14:37:31;2022-07-30 06:47:11;2020-05-23 15:53:45;SO63435;74-3185-84739;17893;46;696,23;213,81;164,46;2946,28;Comment 5469
74110;2021-10-17 01:50:08;2022-11-16 01:25:57;2021-04-03 10:53:09;SO36152;81-3143-56523;70981;31;6284,19;124,97;137,99;13872,52;Comment 5470
13309;2021-09-03 13:43:00;2020-09-30 15:43:58;2021-06-25 15:02:51;SO28161;73-8844-80299;88943;28;252,05;414,48;469,73;1679,59;Comment 5471
72539;2020-12-27 16:49:21;2021-04-19 09:53:50;2022-04-26 20:12:46;SO77931;23-8779-93758;36348;33;4012,7;460,63;248,92;9303,95;Comment 5472
91555;2023-07-14 14:47:41;2023-04-17 00:31:01;2021-06-07 04:35:59;SO91288;75-7092-97988;11435;44;6888,61;23,82;831,38;5906,24;Comment 5473
29461;2023-09-27 17:14:46;2022-04-02 23:52:10;2021-06-05 14:50:07;SO56907;35-6579-94037;78211;25;4639,02;336,42;940,62;7920,43;Comment 5474
86350;2023-06-10 20:00:44;2023-12-01 13:24:37;2023-06-25 19:51:29;SO30985;71-9532-69420;10823;32;5484,23;11,81;910,87;7170,99;Comment 5475
23063;2020-10-05 09:54:59;2023-08-06 08:47:40;2021-03-14 08:18:55;SO40285;69-1886-36823;51632;30;8451,5;20,46;724,49;11452,25;Comment 5476
81204;2020-04-28 13:40:51;2022-10-18 05:23:28;2023-07-05 17:58:52;SO57764;23-8779-93758;93217;12;3148,01;324,59;964,81;16207,13;Comment 5477
16486;2023-01-28 06:50:02;2020-02-10 16:00:30;2021-09-03 20:55:37;SO45501;60-7449-26711;51520;11;7756,4;49,36;112,83;18187,92;Comment 5478
73256;2021-12-16 18:07:32;2020-10-16 13:27:06;2020-01-02 17:01:13;SO59210;63-4608-21366;28046;5;4832,52;298,15;718,52;9506,8;Comment 5479
56190;2023-01-16 00:40:55;2020-03-10 10:29:06;2023-07-10 10:49:38;SO78281;84-7460-34357;22536;11;3905,81;356,48;19,76;13758,39;Comment 5480
99885;2023-07-06 22:14:08;2020-04-03 20:51:58;2023-10-10 13:57:36;SO70244;40-5683-25279;26963;46;2893,83;62,45;627,39;14860,39;Comment 5481
58853;2023-04-11 15:42:05;2021-12-28 08:07:49;2021-04-24 05:38:58;SO58855;66-2881-24904;18360;15;4425,88;295,89;993,26;17403,99;Comment 5482
46475;2022-04-23 00:17:37;2020-04-07 07:40:39;2020-11-28 10:10:45;SO31641;28-6393-31125;95382;33;5511,1;161,64;954,24;135,57;Comment 5483
55138;2023-04-15 05:03:00;2023-07-13 11:15:12;2020-12-09 20:00:57;SO54530;66-4277-92738;11495;13;5036,95;183,44;642,96;3936,71;Comment 5484
41043;2023-04-06 18:52:11;2020-12-03 00:05:05;2022-01-17 05:40:35;SO89920;28-4123-84663;75270;50;5321,41;487,86;596,46;10112,32;Comment 5485
24351;2020-10-10 14:54:12;2020-08-11 03:46:34;2021-11-16 05:30:20;SO62566;30-1489-79011;84426;19;8467,61;146,93;100,65;8566,66;Comment 5486
42649;2021-05-31 01:03:14;2020-10-17 12:10:02;2020-05-04 04:55:24;SO88638;30-1489-79011;60777;21;7550,14;189,2;794,86;18229,41;Comment 5487
46592;2020-08-28 02:17:06;2022-03-08 00:40:01;2021-12-03 09:08:42;SO14783;74-2176-61667;97543;3;736,03;334,73;978,09;9741,38;Comment 5488
59156;2020-09-15 07:54:12;2021-08-14 19:26:29;2020-11-02 23:00:28;SO73935;78-5267-32468;56239;47;9837,79;211,45;594,3;6346,94;Comment 5489
13365;2020-09-26 23:45:13;2023-07-27 18:18:24;2022-10-11 06:22:33;SO34701;35-6579-94037;76160;28;6151,9;145,31;601,96;19752,38;Comment 5490
72962;2023-03-10 08:48:04;2021-04-07 16:02:33;2021-10-26 03:13:10;SO10857;35-6579-94037;15170;24;8543,13;395,81;562,08;18844,04;Comment 5491
95291;2023-02-26 12:02:02;2021-07-06 01:22:36;2023-05-14 05:26:29;SO82004;29-3530-22517;53319;24;4122,11;212,58;347,23;18608,64;Comment 5492
55793;2023-09-07 11:43:00;2020-07-08 02:55:23;2022-09-25 02:43:11;SO33710;78-5267-32468;95225;36;3810,6;331,95;234,18;9989,95;Comment 5493
44715;2020-07-05 19:45:30;2020-04-07 22:17:02;2020-09-17 15:39:07;SO18334;35-6579-94037;56286;23;8916,01;79,05;680,57;6369,75;Comment 5494
60326;2022-09-12 16:11:22;2020-07-16 16:47:25;2021-02-14 11:24:08;SO74626;49-7039-68376;45571;32;3189;388,09;480,34;1985;Comment 5495
49560;2021-09-01 08:47:33;2021-10-14 16:48:05;2020-04-03 19:34:48;SO68927;24-7081-87522;88896;47;9227,96;246,25;679,08;10430,21;Comment 5496
82840;2022-08-28 12:42:22;2021-12-07 04:23:34;2023-03-30 08:10:02;SO53036;16-3417-49054;42212;16;7332,25;116,28;577,72;2705,71;Comment 5497
66544;2022-10-10 05:45:52;2020-04-12 04:55:01;2021-07-19 12:45:00;SO74920;71-9532-69420;70149;5;8002,93;244,08;80,98;8947,55;Comment 5498
64144;2020-05-21 15:43:59;2021-01-06 05:28:30;2022-03-14 06:20:22;SO47608;57-9057-83653;90906;5;5300,93;384,76;505,07;4040,74;Comment 5499
30421;2021-11-21 12:16:21;2022-12-11 04:58:08;2022-02-02 20:16:13;SO91151;78-5267-32468;74473;47;6785,01;131,45;169,55;8715,53;Comment 5500
32961;2020-11-27 11:17:18;2021-07-21 00:19:09;2021-05-25 14:56:32;SO10180;84-7460-34357;47654;34;2602,27;34,42;652,56;18773,91;Comment 5501
26162;2022-02-27 12:50:15;2023-11-05 05:21:41;2022-01-07 05:59:36;SO42471;60-7449-26711;49869;29;3800,9;179,46;625,5;19296,9;Comment 5502
91699;2021-07-26 10:52:35;2020-10-04 14:40:15;2020-04-03 10:59:25;SO16254;40-5683-25279;97923;42;3606,63;58,09;188,96;10521,72;Comment 5503
21967;2020-05-24 21:26:58;2020-01-08 13:35:46;2022-10-09 07:02:15;SO47075;75-3751-62094;49569;14;9976,38;271;282,99;8918,48;Comment 5504
68297;2023-01-21 10:20:09;2020-09-24 19:02:54;2022-01-21 21:12:52;SO12922;78-5267-32468;36855;16;7091,49;354,45;257,51;14721,57;Comment 5505
17161;2021-10-18 09:05:13;2023-05-20 21:38:17;2020-04-10 07:12:09;SO78675;60-7449-26711;29135;9;1922,07;146,98;145,42;15848,64;Comment 5506
80136;2022-10-08 15:25:31;2020-03-24 06:14:30;2022-10-03 06:29:20;SO83832;76-6173-91169;42318;21;2348,91;316,61;314,09;11668,31;Comment 5507
60698;2021-04-25 15:40:51;2023-03-08 17:19:01;2023-12-05 12:38:43;SO72298;22-4444-25264;78507;33;4152,13;479,3;963,78;1759,63;Comment 5508
41529;2022-11-30 04:29:40;2022-11-05 00:11:50;2023-09-09 10:41:55;SO74288;57-9057-83653;59407;34;6369,02;234,26;571,68;12012,45;Comment 5509
46354;2021-11-10 15:47:12;2021-05-26 04:44:12;2021-03-06 17:12:52;SO49069;51-7602-22642;39932;11;9980,54;116,23;754,48;12641,96;Comment 5510
34317;2020-09-16 05:37:03;2023-03-01 13:17:13;2020-07-31 04:02:03;SO71930;17-6178-77430;98842;33;2944,03;331,25;758,28;8301,35;Comment 5511
71014;2022-09-30 10:43:45;2020-09-09 16:05:32;2023-11-27 07:40:40;SO39621;49-7039-68376;79898;24;6020,63;232,82;881,55;7394,42;Comment 5512
24251;2021-11-30 05:13:05;2020-01-26 07:18:46;2021-03-14 19:59:18;SO36533;97-9859-86247;72357;25;7452,86;70,47;820,28;1229,03;Comment 5513
45268;2021-06-22 08:24:18;2022-02-09 08:17:07;2020-02-27 16:30:27;SO42117;44-6968-96958;70664;22;3120,56;485,79;809,33;10187,24;Comment 5514
57795;2021-07-31 10:07:00;2020-01-04 01:49:05;2023-08-14 14:46:55;SO26164;76-6173-91169;52466;3;7983,69;104,55;816,16;17371,6;Comment 5515
68319;2022-08-10 12:50:27;2023-08-13 18:30:20;2020-05-26 23:27:34;SO24429;84-8862-18518;27439;8;1134,87;442,63;48,8;7083,71;Comment 5516
27591;2021-06-16 03:51:13;2023-03-27 03:41:54;2023-07-20 03:43:21;SO16252;81-3143-56523;20512;19;4505,22;51,78;472,78;11558,11;Comment 5517
61263;2022-02-07 10:24:34;2022-01-28 17:52:43;2020-10-23 09:46:01;SO25105;98-8354-24626;39060;29;5979,11;377,02;792,72;17724,33;Comment 5518
17265;2022-07-09 05:22:37;2021-11-22 20:11:36;2023-05-01 08:05:34;SO20613;92-2389-56247;86716;46;2114,12;248,09;304,43;17457,25;Comment 5519
32550;2021-09-13 06:50:04;2023-05-05 21:35:53;2021-05-01 23:25:19;SO69495;69-8859-80035;56882;12;7897,29;345,46;453,81;19400,65;Comment 5520
54166;2023-09-28 05:51:00;2023-02-13 21:42:51;2023-12-12 12:01:13;SO43731;76-6173-91169;89065;26;3763,32;438,49;637,24;16193,36;Comment 5521
68751;2020-01-24 21:12:35;2023-01-15 15:32:50;2023-12-09 15:08:06;SO57569;83-7954-63932;15213;1;566,43;452,48;996,71;19013,04;Comment 5522
88847;2022-07-13 12:56:23;2021-07-14 00:36:10;2022-02-16 13:20:30;SO17499;51-7541-34141;28825;11;9373,01;30,22;368;9766,02;Comment 5523
77298;2020-09-26 17:13:57;2022-07-21 13:55:38;2023-03-19 05:01:10;SO55059;96-7105-64379;95460;4;2607,05;229,74;969,57;2262,32;Comment 5524
55704;2021-10-15 09:12:38;2020-01-22 14:01:13;2021-03-10 09:29:35;SO61144;44-6968-96958;80767;1;4916,39;25,38;270,18;12401,3;Comment 5525
21841;2023-10-25 01:47:13;2023-04-04 14:18:09;2021-10-13 15:03:38;SO58655;84-8862-18518;32604;33;7475,04;93,46;424,65;4442,22;Comment 5526
89849;2021-12-17 19:52:23;2022-02-21 13:14:17;2021-01-29 14:15:38;SO65528;16-3417-49054;68894;29;7855,93;273,5;68,64;9255,48;Comment 5527
10233;2022-06-26 22:16:02;2021-01-12 01:10:39;2021-06-27 07:15:07;SO15386;30-1489-79011;21782;1;2793,57;101,94;30,72;1699,29;Comment 5528
77844;2023-12-18 18:33:36;2021-12-10 07:59:03;2020-03-15 06:50:51;SO59969;75-7092-97988;28180;2;1268,99;159,88;779,94;18881,08;Comment 5529
56180;2021-03-09 07:31:10;2023-12-04 16:50:31;2021-06-16 15:42:32;SO95291;73-8844-80299;69674;23;433,28;24,53;78,92;19862,36;Comment 5530
62224;2023-01-30 09:46:49;2020-02-29 11:07:32;2022-03-16 16:50:09;SO28537;66-2881-24904;14930;29;8667,06;231,48;373,26;8678,81;Comment 5531
95308;2021-06-15 20:33:18;2023-02-27 09:20:05;2022-07-11 05:28:29;SO50994;51-7541-34141;33716;41;6363,23;386,17;37,5;18947;Comment 5532
42010;2021-05-11 20:35:52;2023-02-12 07:24:38;2023-08-08 07:06:25;SO60971;60-7449-26711;88884;37;8716,73;447,98;510,74;2673,56;Comment 5533
41694;2021-07-28 09:31:14;2020-10-11 15:56:51;2022-04-07 05:27:41;SO62533;44-6968-96958;57285;48;9948,76;221,28;236,42;10332,17;Comment 5534
82314;2022-09-16 06:17:06;2023-06-13 10:19:17;2020-04-05 15:04:35;SO42316;86-5535-57031;17972;36;6846,4;58,99;204,28;16888,1;Comment 5535
43986;2020-06-26 19:33:51;2021-05-12 06:02:40;2023-06-24 02:05:02;SO44237;40-5683-25279;20604;37;5019,51;336,88;903,21;6679,81;Comment 5536
56689;2023-06-07 07:59:09;2022-04-17 20:47:04;2023-03-20 14:08:18;SO60158;17-6178-77430;57886;16;1133,23;385,78;362,88;17249,41;Comment 5537
35660;2021-11-16 13:46:43;2020-11-15 11:19:41;2020-09-10 22:28:23;SO45938;51-7602-22642;30121;1;925,71;41,68;437,37;13385,96;Comment 5538
80651;2023-01-24 06:32:54;2020-02-02 23:13:12;2020-02-25 06:28:55;SO59745;69-1886-36823;31089;23;7768,47;434,75;220,04;13907,54;Comment 5539
58028;2020-08-25 20:02:19;2021-02-17 07:07:46;2023-03-05 11:38:32;SO88567;57-9057-83653;27995;40;243,11;245,99;384,34;178,29;Comment 5540
48726;2020-07-04 16:52:58;2021-11-15 22:54:12;2022-01-25 19:52:10;SO34671;42-3255-58813;47832;33;3161,58;129,04;435,16;14695,91;Comment 5541
86145;2023-11-24 09:32:09;2023-09-09 13:49:35;2022-01-06 07:37:55;SO66938;85-4116-52037;55787;23;289,02;427,67;843,23;11767,78;Comment 5542
96517;2023-04-30 23:36:42;2023-05-06 19:54:15;2022-02-14 13:27:55;SO65095;66-4277-92738;23943;33;3386,25;109,8;871,78;15485,2;Comment 5543
37976;2021-10-27 13:45:35;2020-01-13 00:46:09;2023-04-01 16:39:05;SO74392;81-3143-56523;28949;30;3208,24;381,88;695,14;3521,82;Comment 5544
82629;2023-04-13 04:25:39;2021-11-21 03:07:35;2020-09-15 22:12:16;SO89347;74-2176-61667;52036;12;9343,54;148,25;202,87;11925,42;Comment 5545
47868;2021-03-14 06:37:50;2022-10-02 10:53:19;2020-08-10 10:09:54;SO92754;75-7092-97988;10887;14;9518,08;106,39;43,36;4430,46;Comment 5546
89806;2022-02-12 17:31:32;2020-04-17 14:36:41;2023-12-08 15:12:56;SO56720;23-8510-71623;51200;11;5410,13;45,29;81,53;12477,42;Comment 5547
27012;2023-05-30 18:31:59;2023-01-05 02:21:10;2020-01-16 01:41:43;SO44950;69-1886-36823;88002;14;8405,44;296,48;996,08;1738,86;Comment 5548
13226;2023-03-18 04:34:16;2020-03-18 05:00:49;2023-06-22 20:14:57;SO26259;28-6393-31125;88526;13;9131,36;344,39;110,08;10958,03;Comment 5549
23653;2022-06-07 08:55:46;2020-04-03 19:09:22;2023-06-01 11:16:31;SO41136;53-9319-74957;91654;33;8240,26;482,74;856,79;17528,18;Comment 5550
48740;2023-07-29 19:38:47;2023-11-13 19:40:32;2020-07-05 11:13:45;SO56693;84-8862-18518;61484;36;5623,38;354,95;982,67;8671,69;Comment 5551
30800;2020-03-30 00:03:07;2022-08-03 07:23:20;2023-04-08 01:50:50;SO52290;53-9319-74957;71779;32;1885,2;416,19;200,98;16855,49;Comment 5552
57777;2022-07-15 12:36:18;2023-12-24 05:08:28;2022-02-18 10:03:44;SO84087;44-6968-96958;33343;28;3139,32;295,48;921,99;11050,98;Comment 5553
64340;2020-09-16 22:45:33;2020-09-18 12:59:21;2020-06-30 06:04:07;SO45378;23-8510-71623;98331;47;9549,74;174,62;196,93;768,89;Comment 5554
77908;2022-05-09 05:52:24;2021-01-01 21:08:17;2022-12-22 20:59:52;SO64516;48-2823-67639;34036;44;4245,34;153,63;383,33;8556,39;Comment 5555
95042;2023-02-17 06:47:15;2022-02-15 21:48:42;2020-03-01 13:32:01;SO90287;75-3751-62094;57404;6;1755,1;244,67;557,01;12747,03;Comment 5556
46053;2023-05-20 19:25:13;2021-04-18 20:14:11;2020-10-27 08:54:34;SO87913;29-3530-22517;92592;33;9700,75;383,42;474,06;19875,23;Comment 5557
94750;2023-11-20 20:59:17;2020-08-21 14:24:25;2020-06-01 07:09:34;SO36490;74-2176-61667;53520;32;5188,42;83,42;441,47;17656,63;Comment 5558
20220;2023-11-15 06:25:16;2021-09-05 19:54:41;2021-05-09 20:41:08;SO88587;44-6968-96958;64288;44;4403,08;480,91;680,83;13645,2;Comment 5559
77313;2020-08-28 09:33:03;2023-12-04 07:40:30;2023-02-14 16:24:04;SO34091;40-5683-25279;62452;16;5421,67;82,16;513,5;11671,38;Comment 5560
23360;2023-06-20 22:19:57;2023-04-30 14:21:19;2020-09-16 21:26:48;SO39926;74-2176-61667;29572;29;4285,16;43,57;807,4;6560,2;Comment 5561
67025;2023-06-23 08:23:11;2021-04-04 11:04:43;2020-05-14 12:14:02;SO24069;30-1489-79011;44368;31;5959,7;263;802,29;3847,02;Comment 5562
98658;2023-11-26 22:01:51;2020-12-03 06:18:59;2020-05-29 07:26:38;SO80119;22-4444-25264;39264;24;758,26;124,65;540,73;7148,45;Comment 5563
80767;2023-01-30 17:00:13;2023-04-23 17:14:10;2022-08-11 07:09:15;SO84185;33-1973-80101;92191;30;8250,29;348,99;74,07;4681,59;Comment 5564
33131;2020-01-21 14:17:10;2020-06-18 01:26:01;2022-03-16 10:16:02;SO27979;73-8844-80299;25596;25;9484,1;305,42;534,09;18554,48;Comment 5565
68284;2023-06-30 05:41:01;2020-01-15 21:36:43;2021-02-18 23:22:28;SO12744;61-5244-70735;36105;3;8788,58;214,05;530,23;772,25;Comment 5566
73589;2020-04-15 00:35:49;2020-01-30 16:32:16;2021-07-23 06:13:44;SO40337;49-7039-68376;22844;39;3800,9;199,84;126,18;5346,58;Comment 5567
88013;2020-11-04 12:31:18;2020-06-06 21:59:52;2020-08-31 17:38:28;SO96601;96-7105-64379;35174;20;8406,37;185,66;238,68;13170,03;Comment 5568
57875;2022-11-16 01:29:38;2020-08-24 05:57:52;2023-03-01 02:35:40;SO10548;40-5683-25279;21702;50;4622,08;335,75;903,86;14784,5;Comment 5569
99631;2020-02-09 14:09:56;2021-05-06 05:48:55;2021-08-19 11:31:41;SO96219;44-6968-96958;17577;40;8877,05;205,09;500,53;9690,78;Comment 5570
25424;2022-07-02 05:52:19;2020-05-16 09:38:18;2022-05-17 15:10:23;SO36570;75-3751-62094;51864;17;8680,69;186,41;161,49;2930,77;Comment 5571
51805;2020-12-02 04:45:17;2020-08-22 17:55:34;2020-05-23 19:11:05;SO89831;33-1973-80101;55175;21;4321,03;371,19;247,87;856,84;Comment 5572
91131;2023-09-17 22:33:17;2021-11-09 12:21:14;2021-10-25 22:45:17;SO24818;72-3440-90827;66787;13;8953,64;311,55;658,58;16592,35;Comment 5573
43905;2023-03-26 07:08:57;2021-07-08 23:00:43;2023-05-17 14:18:34;SO41992;40-2409-67736;74103;19;7088,8;188,22;817,11;12459,87;Comment 5574
14083;2020-08-20 15:58:53;2023-11-02 17:40:08;2022-05-02 20:24:33;SO49256;30-1489-79011;13636;46;8830,03;443,17;342,33;16780,61;Comment 5575
56763;2021-10-11 04:30:58;2022-03-05 23:03:06;2020-05-09 17:25:11;SO69433;61-5244-70735;93770;5;933,5;455,22;257,74;14718,46;Comment 5576
97797;2020-11-04 17:30:09;2021-06-19 18:40:10;2023-01-16 11:19:37;SO84767;75-7092-97988;54695;7;7477,92;153;184,11;16701,23;Comment 5577
55052;2022-10-09 10:28:20;2020-06-26 02:12:22;2021-06-26 03:17:31;SO48918;51-7541-34141;70134;37;6242,08;428,86;69,54;9300,69;Comment 5578
65337;2020-10-30 10:22:49;2021-05-29 07:29:56;2021-12-27 02:47:07;SO52259;49-7039-68376;90066;2;487,16;394,14;418,4;5692,03;Comment 5579
98950;2023-03-26 05:32:41;2020-02-13 23:05:01;2022-10-15 12:21:12;SO19913;78-5267-32468;52927;3;5438,96;293,23;722,33;15385,44;Comment 5580
90395;2022-03-03 20:47:58;2023-12-16 21:31:19;2023-10-27 04:09:50;SO54884;75-7092-97988;20311;34;3685,97;306,63;187,73;14692,96;Comment 5581
43252;2022-11-05 20:23:26;2020-09-11 03:26:45;2023-07-29 23:40:11;SO19260;61-5244-70735;39251;28;2463,26;234,88;735,67;18294,34;Comment 5582
11211;2022-02-01 14:56:03;2020-12-29 23:32:52;2023-06-17 14:01:35;SO36019;28-6393-31125;28407;19;4512,24;493,84;861,55;1694,46;Comment 5583
46947;2022-05-24 21:35:17;2022-04-14 07:30:28;2020-01-31 15:03:39;SO89668;29-3530-22517;25068;36;1987,5;303,05;565,22;7741,3;Comment 5584
18812;2022-03-18 19:30:39;2023-07-09 20:06:35;2023-04-07 17:53:59;SO12154;29-3530-22517;63878;38;838,76;59,91;644,05;12611,4;Comment 5585
50703;2023-12-01 18:43:23;2023-11-20 11:45:45;2020-03-16 01:53:25;SO65602;57-9057-83653;19211;45;4829,71;421,45;238,64;16167,29;Comment 5586
43544;2020-05-02 02:16:04;2023-07-04 05:18:19;2020-10-30 20:12:37;SO43597;29-3530-22517;67322;39;3078,26;490,24;693,47;8007,68;Comment 5587
80707;2023-06-21 05:39:37;2023-12-01 08:52:30;2021-05-03 10:45:59;SO63765;16-3417-49054;49613;7;6421,34;227,55;352,95;13482,56;Comment 5588
34613;2021-07-20 14:03:17;2021-09-05 04:31:17;2021-06-12 11:10:26;SO53866;28-4123-84663;78397;20;3665,5;346,64;305,72;2996,29;Comment 5589
78608;2023-05-30 00:50:04;2020-07-09 10:06:11;2023-05-21 00:07:22;SO19243;40-2409-67736;77363;28;4920,72;93,28;558,45;1923,62;Comment 5590
76921;2023-07-25 17:55:37;2023-07-12 23:26:17;2022-10-01 20:10:56;SO67136;28-6393-31125;21607;43;7758,77;361,79;703,46;12583,72;Comment 5591
29121;2023-07-06 20:51:24;2023-12-26 13:37:02;2020-08-27 10:18:09;SO76186;40-2409-67736;69697;29;9185,43;448,72;367,18;8436,72;Comment 5592
82480;2022-12-11 17:47:41;2022-08-09 03:53:01;2020-04-16 02:44:35;SO36119;63-4608-21366;48871;29;6362,17;382,66;778,74;16317,4;Comment 5593
71545;2022-04-13 03:41:19;2020-10-14 12:37:52;2022-06-05 11:00:41;SO82260;98-8354-24626;33092;38;3681,42;129,57;854,84;6854,68;Comment 5594
57977;2022-11-28 22:49:26;2021-03-01 06:33:20;2023-12-22 03:17:12;SO16927;33-1973-80101;82111;31;3814,4;26,48;343,17;17088,91;Comment 5595
94122;2022-01-29 11:50:28;2020-03-22 23:15:06;2021-09-11 20:16:22;SO27259;81-3143-56523;72127;46;9769,76;261,96;532;796,96;Comment 5596
40506;2023-03-10 08:33:20;2023-06-18 15:49:01;2020-11-12 13:09:49;SO24871;40-5683-25279;68959;21;8544,07;12;728,13;16208,81;Comment 5597
69940;2022-09-09 16:49:20;2023-06-19 06:29:17;2020-09-10 23:53:54;SO51244;96-7105-64379;45724;23;3439,7;367,34;92,75;6809,95;Comment 5598
83481;2020-07-25 13:59:53;2022-08-15 06:40:38;2023-06-13 03:52:01;SO76406;42-3255-58813;18330;14;8392,75;362,17;382,57;15296,11;Comment 5599
36389;2020-07-05 18:52:53;2022-03-14 04:11:26;2023-02-13 14:20:16;SO24395;78-5514-83427;20426;9;6052,46;423,02;714,18;1282,29;Comment 5600
99065;2022-07-17 09:37:34;2023-01-11 11:20:03;2020-05-03 20:32:19;SO25687;51-7602-22642;44732;6;9083,14;308,09;706,3;15407,64;Comment 5601
57251;2023-07-23 00:24:30;2023-05-15 14:25:47;2022-05-28 05:01:45;SO99778;40-2409-67736;77552;8;4972,91;230,12;120,97;2448,61;Comment 5602
54947;2021-09-08 12:27:55;2022-01-30 06:47:30;2021-11-28 20:38:30;SO14057;74-2176-61667;76054;30;8201,31;125,81;246,62;7569,41;Comment 5603
92785;2020-01-21 16:35:46;2023-12-12 06:26:27;2020-12-02 06:31:55;SO18250;40-2409-67736;55040;39;9207,91;75,17;300,68;3983,43;Comment 5604
76205;2020-04-19 14:05:05;2022-11-16 11:13:29;2020-01-10 09:43:19;SO50682;98-8354-24626;49963;26;9463,64;357,62;422,2;2890,49;Comment 5605
30194;2021-12-09 07:16:56;2023-09-08 08:06:45;2022-03-02 09:13:57;SO55359;29-3530-22517;74479;8;5987,95;473,41;772,89;16429,55;Comment 5606
74073;2022-12-24 15:34:49;2023-06-18 23:40:39;2021-10-15 07:35:24;SO89543;85-4116-52037;88911;50;6021,72;370,68;781,97;16972,61;Comment 5607
74403;2022-11-09 10:46:30;2021-12-02 02:16:38;2023-06-15 17:40:52;SO25858;73-8844-80299;55043;30;2299,67;440,89;726,09;16563,18;Comment 5608
85676;2020-06-14 18:35:56;2023-11-14 20:43:09;2022-06-22 11:10:36;SO11829;28-6393-31125;76112;11;5777,08;349,16;981,67;3159,56;Comment 5609
64899;2021-08-07 03:17:06;2023-06-09 02:13:42;2023-12-04 02:25:30;SO50880;86-5535-57031;99934;47;8791,72;484,94;103,78;1278,22;Comment 5610
18430;2023-02-03 20:18:25;2021-03-17 08:07:42;2020-10-31 22:29:13;SO85477;40-5683-25279;79122;30;5356,6;75,57;666,84;19827,96;Comment 5611
24927;2022-07-10 18:42:14;2021-11-21 15:20:18;2020-11-09 12:23:34;SO11285;44-6968-96958;61176;30;2673,53;95,49;808,05;12595,51;Comment 5612
50063;2023-02-13 20:52:10;2022-05-27 17:10:58;2023-08-10 12:50:00;SO49717;24-7081-87522;10407;11;6018,71;428,39;7,92;3500,82;Comment 5613
24125;2021-03-28 14:33:40;2022-04-19 02:29:11;2023-11-17 11:04:52;SO66344;51-7602-22642;32546;1;7117,76;329,79;309,5;15089,8;Comment 5614
94171;2021-11-28 16:30:55;2021-11-19 04:05:31;2023-05-23 02:49:55;SO72695;83-7954-63932;37554;34;9122,96;293,89;400,82;15820,73;Comment 5615
62792;2022-10-18 09:40:09;2020-05-02 04:50:45;2021-01-20 18:42:50;SO69045;84-7460-34357;52510;18;8530,89;36,69;489,19;4181,61;Comment 5616
77913;2023-12-24 01:49:18;2021-06-13 21:24:42;2020-01-15 04:31:56;SO92306;83-7954-63932;52434;16;1632,24;205,71;318,27;398,59;Comment 5617
36037;2020-10-09 19:15:25;2022-01-10 04:15:11;2021-12-03 23:54:45;SO28647;69-1886-36823;22034;31;6546,78;395,95;573,57;8082,22;Comment 5618
86020;2021-05-16 06:09:45;2023-02-01 08:11:09;2021-02-17 01:43:55;SO15256;29-3530-22517;75654;40;2774,29;47,71;156,58;12370,92;Comment 5619
30333;2021-10-09 21:20:49;2023-01-03 15:46:38;2022-10-14 16:10:48;SO27176;53-9319-74957;37576;37;3873,75;264,8;823,36;17921,49;Comment 5620
65717;2023-03-10 23:50:24;2023-11-21 22:44:34;2023-01-19 16:29:59;SO91736;98-8354-24626;39996;39;1118,05;483,11;91,98;19294,43;Comment 5621
75859;2021-06-22 02:22:04;2020-11-23 15:04:12;2023-12-25 20:32:00;SO17829;53-9319-74957;61285;35;3756,34;257,67;589,19;19354,35;Comment 5622
11565;2021-07-17 08:59:17;2020-01-23 20:56:50;2023-03-17 12:26:19;SO10325;16-3417-49054;40805;31;4238,09;46,51;455,48;5397,49;Comment 5623
95748;2023-12-07 08:17:13;2022-10-13 09:21:07;2020-06-06 06:24:01;SO41469;73-8844-80299;68140;21;2243,63;482,81;107,93;5771,27;Comment 5624
18869;2022-04-19 21:06:41;2020-01-08 02:41:41;2020-08-01 08:54:15;SO30237;17-6178-77430;51712;45;1089,33;60,09;498,54;3109,53;Comment 5625
78198;2022-01-18 05:28:52;2020-05-18 11:16:42;2021-12-28 12:11:26;SO46464;75-7092-97988;16600;41;422,47;400,42;497,19;18778,21;Comment 5626
31673;2022-08-18 14:29:09;2021-03-15 02:40:39;2021-11-07 11:29:48;SO57879;98-8354-24626;91968;33;8293,49;306,52;539,93;15455,22;Comment 5627
28682;2021-01-06 22:49:57;2021-04-23 17:49:39;2023-11-21 06:39:27;SO47100;71-9532-69420;75219;23;3737,92;326,36;114,44;11955,67;Comment 5628
74503;2021-11-13 15:52:23;2021-03-20 22:42:20;2020-04-23 06:05:03;SO88173;61-5244-70735;13394;37;2992,85;326,56;238,43;18060,03;Comment 5629
39157;2022-08-12 18:02:33;2021-04-25 00:54:45;2020-02-05 13:20:30;SO83151;49-7039-68376;24268;3;2317,44;480,79;171,57;17669,39;Comment 5630
86457;2022-12-04 16:36:44;2020-11-03 13:15:16;2020-04-22 11:17:19;SO77593;28-4123-84663;44316;20;5220,96;93,2;968,63;5768,97;Comment 5631
92401;2022-05-17 11:36:52;2020-01-03 06:20:42;2022-08-30 03:16:46;SO44880;66-2881-24904;11957;21;9793,24;463,03;421,79;19568,86;Comment 5632
99739;2022-10-17 11:27:18;2020-12-08 14:13:28;2023-03-25 12:03:09;SO51222;78-5267-32468;71407;1;2662,52;188,78;323,53;10262,5;Comment 5633
61096;2020-05-01 08:49:25;2023-04-22 00:33:13;2023-02-26 15:29:16;SO22695;33-1973-80101;50699;32;794;321,09;711,34;17094,36;Comment 5634
64762;2022-04-06 12:56:25;2023-09-03 08:03:34;2020-01-11 13:08:41;SO16125;40-2409-67736;82994;8;9983,73;337,71;488,3;8402,15;Comment 5635
30008;2021-10-11 08:34:20;2020-03-02 17:21:48;2022-12-04 23:34:29;SO52050;22-4444-25264;43875;7;230,3;26,23;268,51;15926,91;Comment 5636
18949;2022-08-19 07:39:12;2022-11-09 09:31:45;2020-09-14 12:22:26;SO96186;53-9319-74957;92643;7;1302,19;197,4;802,49;3912,89;Comment 5637
35343;2023-11-30 22:46:00;2023-02-11 08:06:53;2023-10-15 04:19:34;SO70616;75-7092-97988;74859;27;9198,01;347,02;480,43;3938,91;Comment 5638
42697;2021-02-18 14:18:30;2023-11-05 06:50:03;2022-07-22 23:39:35;SO21822;28-4123-84663;30482;34;5151,07;223,62;539,86;6843,84;Comment 5639
68644;2021-07-10 00:50:08;2023-12-10 07:05:33;2020-11-14 01:12:12;SO72119;84-7460-34357;91537;48;5897,73;74,34;263,1;19186,32;Comment 5640
94619;2020-03-08 15:03:29;2022-02-06 08:18:00;2021-09-15 16:37:47;SO26273;75-7092-97988;26665;11;6357,51;464,37;279,44;10709,36;Comment 5641
28807;2021-07-20 16:18:06;2023-02-08 16:12:33;2023-08-02 07:09:09;SO32477;85-4116-52037;79099;40;4388,02;57,56;260,35;12529,26;Comment 5642
94673;2020-03-13 04:35:52;2020-05-31 00:56:04;2022-11-17 07:05:44;SO82313;72-3440-90827;13292;22;9833,72;54,38;228,98;18385,11;Comment 5643
49645;2020-03-23 21:40:06;2023-03-20 05:26:34;2020-01-02 14:50:34;SO63519;51-7541-34141;37777;24;9915,6;244,4;663,51;17757,78;Comment 5644
79582;2020-04-26 21:46:40;2021-05-25 09:48:22;2023-10-03 12:25:18;SO73175;51-7541-34141;62000;25;4755,59;95,71;40,35;12177,49;Comment 5645
14257;2023-05-20 16:09:03;2021-07-31 04:29:34;2022-04-28 15:17:25;SO32542;35-6579-94037;78658;22;7140,85;390,17;343,01;110,76;Comment 5646
24318;2023-02-01 09:25:34;2022-03-28 01:27:45;2020-07-27 04:16:12;SO44533;63-4608-21366;80563;45;5842,27;454,26;993,51;6228,33;Comment 5647
86721;2021-10-11 00:46:53;2022-04-29 10:19:34;2023-11-21 23:29:02;SO95064;73-8844-80299;42065;37;6596,03;88,57;187,41;18878,78;Comment 5648
99363;2023-03-30 15:35:17;2020-04-23 01:44:03;2023-09-12 09:26:30;SO59454;78-5514-83427;64455;40;3791,89;90,05;829,15;19342,44;Comment 5649
90847;2021-02-06 19:03:23;2022-05-17 11:46:50;2021-12-11 16:48:28;SO19476;73-8844-80299;33067;44;2868,08;219,54;387,85;19765,25;Comment 5650
24431;2022-04-13 00:10:33;2022-07-08 23:58:00;2023-08-10 16:23:31;SO45912;85-4116-52037;21088;16;4277,64;297,76;211,01;648,55;Comment 5651
20729;2021-02-13 22:31:53;2021-12-18 03:45:35;2021-08-15 08:45:36;SO98084;72-3440-90827;52427;48;4375,88;147,85;532,61;19709,55;Comment 5652
65445;2023-06-01 02:41:43;2021-03-30 23:21:24;2023-12-04 02:44:58;SO17910;75-7092-97988;13264;24;8652,28;53,59;989,55;11713,82;Comment 5653
55469;2020-11-09 05:42:26;2022-05-11 22:49:49;2020-10-29 15:38:39;SO14718;30-1489-79011;90168;23;3560,41;493,61;670,68;14633,63;Comment 5654
54339;2021-11-25 21:55:27;2020-10-14 12:24:50;2021-01-25 18:28:52;SO85856;30-1489-79011;51370;5;7160,71;57,81;189;17002,39;Comment 5655
84411;2022-08-27 11:45:07;2021-04-08 01:59:58;2021-11-05 23:03:50;SO36289;16-3417-49054;99938;40;1958,4;226,07;203,61;19533,37;Comment 5656
17087;2020-09-22 20:35:53;2023-11-21 01:29:49;2023-10-29 11:56:00;SO30943;71-9532-69420;67430;31;636,27;131,45;64,08;4921,34;Comment 5657
40976;2023-06-13 21:56:42;2023-05-04 03:27:39;2022-04-23 13:20:56;SO63989;57-9057-83653;42149;33;235,23;418,44;981,59;12608,21;Comment 5658
94340;2020-05-20 07:19:47;2021-09-29 08:48:43;2022-02-22 17:22:04;SO91146;69-8859-80035;74934;47;2281,87;180,19;913,62;19929,74;Comment 5659
96382;2022-03-04 14:05:38;2023-04-29 21:59:16;2022-02-13 11:12:35;SO56539;23-8779-93758;15444;8;5134,11;26,22;955,23;17769,31;Comment 5660
97417;2022-02-25 04:24:04;2023-03-17 21:59:26;2021-05-14 00:43:52;SO56202;92-2389-56247;11045;29;1301,75;498,11;131,07;19463,96;Comment 5661
54523;2022-02-13 23:25:31;2021-07-24 00:31:41;2022-05-23 09:39:01;SO71115;30-1489-79011;35507;42;8390,57;328,91;84,04;18815,7;Comment 5662
72102;2020-12-09 13:23:04;2023-05-27 09:19:24;2020-09-13 19:10:56;SO26722;60-7449-26711;13285;23;5922,41;232,11;994,84;5337,85;Comment 5663
57095;2022-03-11 01:39:08;2021-09-01 20:09:20;2023-11-30 13:45:08;SO95964;83-7954-63932;98930;28;5041,01;205,97;413,14;5505,23;Comment 5664
20579;2023-11-28 13:35:03;2020-07-06 06:16:01;2021-08-15 20:04:53;SO68903;96-7105-64379;16537;30;4143,16;337,78;63,76;5505,2;Comment 5665
97756;2023-07-24 16:05:43;2020-04-27 13:35:21;2023-03-24 15:19:25;SO58979;63-4608-21366;50935;8;5106,72;347,96;213,81;7389,9;Comment 5666
53170;2020-07-26 20:04:52;2022-03-30 16:47:25;2021-07-20 00:04:29;SO24931;63-4608-21366;95435;35;6099,32;120,34;575,88;5612,24;Comment 5667
79176;2020-07-06 23:21:20;2021-07-29 19:48:32;2020-08-27 16:04:42;SO46337;60-7449-26711;57073;30;5393,16;260,21;657,57;9936,74;Comment 5668
88094;2021-04-02 15:37:25;2023-11-09 22:45:57;2021-12-29 21:55:18;SO54596;22-4444-25264;36114;21;234,83;158,03;129,13;2424,63;Comment 5669
32099;2022-10-11 03:20:31;2023-02-14 17:23:36;2021-05-08 13:50:21;SO22812;72-3440-90827;78938;49;7353,51;447,12;634,06;508,64;Comment 5670
62860;2023-02-26 07:20:56;2020-03-25 08:22:06;2020-11-13 22:49:31;SO84612;69-8859-80035;81859;31;7181,11;279,46;5,53;12379,84;Comment 5671
89863;2023-06-03 00:54:36;2023-03-21 09:04:58;2020-07-12 00:28:34;SO49142;66-2881-24904;75158;16;3134,68;312,5;859,36;7618,1;Comment 5672
66773;2022-03-02 23:59:25;2021-09-30 10:04:43;2023-04-26 06:21:03;SO37242;23-8510-71623;56947;2;478,86;498;706,46;2617;Comment 5673
57090;2023-03-25 00:06:21;2022-02-07 15:13:43;2021-01-10 19:48:23;SO37897;28-6393-31125;23727;43;8855,33;106,1;587,38;19317;Comment 5674
83735;2023-11-10 04:46:23;2023-12-08 11:43:22;2023-08-07 02:00:37;SO62008;78-5267-32468;23430;24;6940,16;293,42;88,48;5176,55;Comment 5675
47308;2023-03-18 09:28:04;2020-11-05 14:14:36;2021-07-16 07:18:16;SO45857;92-2389-56247;97737;12;9910,92;109,36;833,47;7057,2;Comment 5676
46378;2022-04-27 12:03:58;2021-03-19 15:00:14;2023-11-30 22:32:47;SO48098;30-1489-79011;98144;3;8234,94;149,43;344,95;19455,46;Comment 5677
13301;2023-10-21 05:58:53;2023-01-31 07:00:40;2022-10-20 05:02:48;SO31012;23-8510-71623;18870;24;6646,68;140,84;633,96;2804,01;Comment 5678
40441;2022-10-14 15:54:47;2021-12-10 03:54:05;2021-03-05 20:31:42;SO99894;75-3751-62094;72957;3;4587,69;190,42;768,47;13361,12;Comment 5679
91913;2022-08-19 18:01:16;2023-05-22 20:45:48;2021-07-16 04:10:09;SO67598;71-9532-69420;21569;30;8149,1;33,17;852,62;12257,33;Comment 5680
93752;2020-11-19 12:24:05;2023-12-24 07:33:22;2020-08-09 20:44:03;SO72665;84-7460-34357;36225;4;7721,7;82,79;457,3;1581,91;Comment 5681
43159;2022-03-19 20:20:32;2020-07-14 22:37:49;2023-01-10 02:51:06;SO47249;29-3530-22517;40346;23;3562,34;432,18;809,52;9229,05;Comment 5682
67481;2023-11-12 10:45:13;2020-11-25 02:07:54;2022-10-20 13:57:45;SO16221;66-4277-92738;85567;5;3597,07;111,03;505,04;4056,99;Comment 5683
20353;2022-10-17 18:58:57;2021-09-27 23:09:48;2021-06-09 23:37:48;SO79099;24-7081-87522;45757;32;1372,53;121,7;340,57;14619,84;Comment 5684
57866;2021-01-11 03:23:42;2022-08-25 22:03:24;2020-06-22 05:09:06;SO49595;53-9319-74957;71579;25;4710,36;489,95;967,81;19125,21;Comment 5685
87163;2020-08-09 14:15:28;2022-05-26 18:53:21;2023-06-11 04:35:13;SO44315;44-6968-96958;82469;9;8477,18;60,51;612,68;10331,56;Comment 5686
56194;2020-10-15 02:15:01;2020-09-12 01:39:14;2020-03-02 03:46:49;SO50117;35-6579-94037;99943;21;5257,59;316,65;191,66;2244,86;Comment 5687
98966;2022-08-03 15:56:10;2020-06-27 09:54:28;2021-04-05 20:03:35;SO57280;61-5244-70735;37882;12;8265,14;102,85;752,8;17250,23;Comment 5688
62148;2023-06-26 05:01:16;2021-11-15 04:38:29;2020-08-29 05:31:25;SO45615;22-4444-25264;81468;3;1085,51;496,57;345,65;3551,82;Comment 5689
63302;2020-08-19 01:29:47;2022-05-02 07:31:40;2022-11-08 06:59:29;SO42792;40-2409-67736;71017;20;3400,06;45,76;742,99;7710,65;Comment 5690
24874;2023-03-20 11:36:04;2022-03-13 03:43:53;2023-12-23 17:23:48;SO77344;28-4123-84663;57167;19;9705,23;41,59;266,96;9824,57;Comment 5691
27690;2020-02-11 22:09:29;2022-01-28 03:30:03;2020-12-15 15:59:39;SO15276;28-4123-84663;39403;20;9483,71;289,54;621,89;18024,05;Comment 5692
61329;2020-04-21 00:19:54;2023-03-27 23:56:05;2022-09-25 14:14:08;SO85896;30-1489-79011;44056;26;3085,24;372,66;498,36;3422,37;Comment 5693
91962;2021-08-16 15:01:40;2020-08-16 13:55:27;2020-06-08 13:14:34;SO73735;86-5535-57031;44912;20;9851,07;255,66;187,31;12247,15;Comment 5694
10978;2020-05-17 04:24:21;2021-06-09 05:04:25;2023-12-01 02:20:16;SO26076;50-5389-75591;65334;25;7548,99;406,79;697,3;11531,47;Comment 5695
54906;2023-04-29 20:11:36;2020-04-21 07:18:10;2022-02-16 23:27:32;SO46862;71-9532-69420;55831;27;5919,56;125;806,2;1265,56;Comment 5696
66198;2023-10-16 10:14:56;2021-01-10 16:30:54;2020-07-10 11:13:59;SO50690;92-2389-56247;55474;13;4517,08;307,94;355,83;10991,32;Comment 5697
11468;2023-08-15 08:08:32;2020-05-01 12:27:05;2020-05-13 08:26:33;SO15331;60-7449-26711;52394;31;4266,14;113,93;541,47;17155,25;Comment 5698
58208;2022-01-12 17:38:29;2020-09-12 09:45:11;2021-03-10 01:30:21;SO58612;97-9859-86247;48140;36;4196,97;144,16;375,26;9704,46;Comment 5699
62644;2023-08-05 06:30:03;2021-07-27 12:20:26;2021-05-10 14:23:05;SO74387;74-2176-61667;62668;32;3849,97;80,33;392,7;4896,14;Comment 5700
13450;2022-05-16 22:51:17;2023-07-19 13:10:11;2023-05-29 09:35:53;SO87945;33-1973-80101;95066;20;3404,05;481,34;373,68;12004,84;Comment 5701
35118;2020-05-21 00:50:16;2023-03-28 16:08:24;2022-07-04 10:34:25;SO20371;42-3255-58813;67548;24;6364,39;427,34;923,97;4895,38;Comment 5702
89516;2021-06-02 22:21:36;2020-05-22 05:47:38;2021-02-20 22:17:04;SO95511;69-8859-80035;39882;4;2352,49;173,26;492,25;3042,26;Comment 5703
23252;2022-06-25 19:45:27;2020-08-01 23:14:35;2023-11-09 10:50:07;SO36269;44-6968-96958;48187;18;9517,09;193,29;216,85;17926,28;Comment 5704
36260;2023-03-06 02:30:52;2021-07-15 05:48:02;2021-10-22 18:47:45;SO45286;96-7105-64379;91601;2;6278,51;271,6;901,46;5448,02;Comment 5705
41217;2020-12-17 15:12:41;2021-03-30 07:21:30;2022-09-15 21:01:18;SO60097;69-1886-36823;10538;37;2856,43;261,71;742,4;19194,78;Comment 5706
65426;2023-08-20 05:48:57;2022-06-08 22:28:06;2023-08-28 11:50:02;SO52049;49-7039-68376;36980;23;9541,53;272,28;719,79;14124,61;Comment 5707
96722;2020-07-04 14:11:56;2022-10-08 20:41:37;2022-05-14 06:23:41;SO26051;86-5535-57031;27816;7;212,45;276,33;815,52;1730,61;Comment 5708
11151;2022-08-20 14:01:38;2020-09-03 14:18:03;2022-01-03 13:41:42;SO28352;84-8862-18518;55156;46;342,26;33,09;93,91;8346,05;Comment 5709
63720;2022-05-30 11:19:30;2020-02-22 17:06:31;2020-11-09 17:44:51;SO44773;75-3751-62094;41366;50;5165,99;100,9;633,46;966,49;Comment 5710
71376;2023-07-24 00:23:58;2020-04-03 16:54:02;2020-07-28 08:09:21;SO19908;44-6968-96958;99844;15;7200,95;28,84;912,04;13075,74;Comment 5711
97877;2023-07-04 19:20:21;2022-01-06 09:09:05;2022-07-17 06:08:01;SO77019;42-3255-58813;19164;14;2648,94;129,45;543,1;15538,99;Comment 5712
25010;2023-11-24 02:31:46;2022-11-30 00:44:01;2021-10-01 09:07:44;SO71319;72-3440-90827;85788;9;1994,25;151,23;67,98;14827,46;Comment 5713
58167;2023-09-30 09:05:52;2021-07-09 20:23:23;2020-03-27 03:35:13;SO10094;74-3185-84739;63281;31;9002,15;367,17;887,1;7117,66;Comment 5714
99843;2023-01-19 23:33:38;2023-09-06 14:29:32;2021-01-14 15:40:12;SO10427;35-6579-94037;81276;38;3140;251,52;608,41;19501,15;Comment 5715
14256;2021-07-25 14:07:22;2022-04-05 05:11:34;2020-02-21 18:19:51;SO10973;97-9859-86247;34627;39;6024,87;339,78;479,8;9032,77;Comment 5716
15646;2020-05-03 05:07:42;2021-06-13 03:44:42;2022-07-04 02:25:12;SO86631;74-3185-84739;61882;22;7570,88;418,46;297,67;10760,81;Comment 5717
73004;2023-08-02 15:01:51;2021-01-19 04:54:32;2020-07-30 21:30:14;SO84691;51-7602-22642;84178;25;5489,35;448,35;317,74;12994,36;Comment 5718
88940;2021-12-15 02:51:24;2020-03-04 16:37:18;2022-01-16 08:54:48;SO18659;53-9319-74957;55784;9;4466,12;108,31;465,1;229,89;Comment 5719
86535;2020-09-06 07:40:04;2022-03-08 03:12:55;2020-12-17 17:19:25;SO73375;51-7541-34141;23617;20;6397,02;203,49;374,21;19352,73;Comment 5720
80411;2020-07-06 07:38:28;2022-03-25 13:53:18;2022-04-08 14:01:40;SO24877;84-7460-34357;60993;47;3798,1;85,32;68,17;11556,55;Comment 5721
95899;2023-03-06 04:47:20;2023-04-14 04:17:35;2020-05-16 11:49:43;SO20849;83-7954-63932;59821;19;5368,81;292,36;844,19;3475,47;Comment 5722
47813;2022-03-24 13:07:53;2022-06-25 09:07:31;2020-01-16 10:04:44;SO38340;24-7081-87522;96616;24;8719,31;17,83;476,07;11299,35;Comment 5723
18472;2020-10-21 03:37:04;2021-01-20 10:05:53;2020-12-30 08:32:35;SO52785;28-4123-84663;28789;33;1215,48;393,11;428,86;7718,39;Comment 5724
28376;2021-12-25 16:47:06;2021-11-17 02:31:54;2021-12-23 23:24:59;SO78621;98-8354-24626;85544;20;9049,23;128,17;450,4;10197,12;Comment 5725
83767;2021-10-31 05:04:24;2020-10-29 02:53:06;2023-07-30 13:16:27;SO44028;66-4277-92738;58380;36;5598,36;488,75;252,47;12659,52;Comment 5726
53255;2020-02-25 11:40:55;2022-10-24 05:35:28;2020-07-07 21:26:12;SO46783;22-4444-25264;25316;38;2624,16;249,45;8,93;12972,06;Comment 5727
74991;2023-03-30 23:31:14;2023-03-21 07:14:31;2020-12-07 22:37:50;SO43574;24-7081-87522;17528;13;2635,38;423,48;110,43;18174,52;Comment 5728
78591;2022-04-04 11:54:51;2023-11-13 07:31:25;2022-04-13 02:32:26;SO59881;81-3143-56523;35105;18;7045,12;480,86;957,09;17252,83;Comment 5729
96998;2021-01-09 17:58:22;2020-01-11 21:46:42;2020-10-07 07:05:05;SO45378;63-4608-21366;22308;7;8434,22;86,48;997,01;14244,96;Comment 5730
83077;2023-05-07 16:21:35;2021-04-26 08:45:24;2020-12-17 12:54:52;SO86404;24-7081-87522;91522;6;2045,13;311,71;5,54;5668,98;Comment 5731
56061;2020-05-01 14:14:53;2020-08-21 03:37:21;2021-02-06 09:31:33;SO55747;81-3143-56523;20014;38;1278,55;203,54;676,93;10275,67;Comment 5732
26643;2020-06-20 22:43:23;2020-01-14 02:05:45;2020-04-16 12:24:13;SO81156;74-2176-61667;94869;8;7757,66;319,3;615,45;2129,35;Comment 5733
91648;2020-11-27 23:45:11;2021-07-04 01:31:06;2020-04-08 06:10:05;SO25343;49-7039-68376;76847;2;2508,26;80,27;97,74;14770,61;Comment 5734
99930;2020-12-21 19:44:33;2021-05-29 00:55:50;2021-12-06 00:47:41;SO13954;86-5535-57031;74478;50;7771,64;439,03;736,36;18655,32;Comment 5735
21137;2022-10-31 05:25:15;2021-12-17 01:22:45;2022-01-14 21:19:22;SO58138;57-9057-83653;23699;11;4707,07;410;631,76;14604,73;Comment 5736
62557;2020-08-27 22:55:20;2022-03-04 04:33:45;2021-09-23 17:10:47;SO53555;84-8862-18518;88947;18;7319,77;108,06;254,92;17002,47;Comment 5737
48662;2021-03-16 01:45:02;2021-05-22 00:13:29;2020-03-09 12:06:53;SO83574;23-8510-71623;83961;18;4749,26;323,83;215,94;4114,04;Comment 5738
50678;2021-06-22 05:29:57;2020-08-26 04:10:30;2023-06-07 14:23:31;SO68362;28-6393-31125;73996;13;6179,4;189,25;683,37;533,57;Comment 5739
10046;2020-08-08 07:12:18;2022-04-10 23:39:25;2021-01-13 03:35:18;SO71518;44-6968-96958;67208;15;7000,56;62,05;655,85;3430,86;Comment 5740
85945;2020-04-26 09:12:47;2022-07-08 00:23:37;2022-04-16 19:24:37;SO39116;78-5267-32468;24882;43;6371,62;106,28;373;1470,88;Comment 5741
64289;2023-03-08 23:42:46;2022-02-23 09:31:11;2020-06-04 01:06:13;SO34263;33-1973-80101;18376;31;7016,75;477,01;932,34;8021,52;Comment 5742
47730;2022-09-08 01:27:57;2021-06-19 20:54:20;2022-01-19 03:03:48;SO55650;85-4116-52037;34070;16;1313,2;275,9;93,79;19469,56;Comment 5743
99118;2023-02-22 15:07:43;2022-02-26 21:45:00;2023-09-22 02:46:55;SO95389;96-7105-64379;87673;24;4438,62;330,44;915,52;4675,74;Comment 5744
34230;2021-10-20 17:37:02;2021-01-01 10:22:04;2022-06-29 15:34:16;SO16346;75-7092-97988;43194;25;6130,64;236,81;539,82;9816,29;Comment 5745
74217;2021-01-24 15:02:28;2023-06-03 07:03:40;2020-02-12 14:05:56;SO36040;69-1886-36823;91295;3;1455,9;81,2;991,26;10616,14;Comment 5746
54513;2023-12-15 06:30:41;2020-08-09 15:44:21;2022-02-13 07:42:48;SO47438;30-1489-79011;91067;6;3098,75;153,28;413,59;11357,73;Comment 5747
16597;2021-01-28 11:47:32;2020-04-30 18:03:01;2021-02-08 11:53:14;SO54763;96-7105-64379;20264;1;6598,29;158,35;252,62;17856,6;Comment 5748
15681;2022-12-16 12:03:17;2021-12-01 01:13:10;2022-06-08 18:20:07;SO95787;44-6968-96958;55190;47;3609,97;490,3;295,86;356,34;Comment 5749
18464;2022-09-07 03:54:31;2023-10-22 21:46:21;2021-01-04 06:54:38;SO66375;28-4123-84663;92038;23;1094,75;345,32;629,59;17636,85;Comment 5750
37648;2023-12-09 20:31:43;2022-03-13 07:56:47;2020-05-21 12:56:44;SO49275;61-5244-70735;77489;39;6258,79;19,71;588,38;12901,41;Comment 5751
58823;2022-04-26 17:10:40;2020-04-04 11:04:06;2023-10-10 13:54:18;SO94582;17-6178-77430;67968;1;5524,27;140,37;535,09;15414,46;Comment 5752
56141;2023-04-29 22:24:40;2020-08-14 07:16:54;2023-02-24 12:47:10;SO73330;51-7541-34141;43777;2;7335,52;432,26;699,37;6393,79;Comment 5753
26511;2020-04-07 22:53:03;2023-02-07 11:30:58;2021-12-03 01:05:11;SO37894;84-8862-18518;31320;25;8951,06;274,93;822,13;858,28;Comment 5754
66986;2023-04-01 00:32:17;2023-03-14 01:29:14;2022-11-03 09:22:00;SO67442;84-7460-34357;34799;7;9122,87;482,27;849,86;14802;Comment 5755
23390;2022-07-28 17:07:15;2020-12-23 00:37:34;2021-07-14 20:56:02;SO33950;81-3143-56523;79637;30;3477,93;343,16;744,11;5610,53;Comment 5756
55841;2022-07-05 11:20:53;2021-12-28 15:59:38;2023-09-18 10:32:08;SO18931;84-7460-34357;79922;47;7000,51;499,23;686,51;4872,78;Comment 5757
40425;2023-06-04 21:51:23;2021-08-24 14:51:56;2020-02-18 10:13:30;SO71640;17-6178-77430;23915;37;8705,71;457,53;154,08;1931,5;Comment 5758
77337;2023-03-14 19:25:55;2023-04-30 11:20:35;2023-05-09 23:32:25;SO84850;72-3440-90827;67722;36;4598,41;498,31;257,76;402,75;Comment 5759
89179;2020-01-16 07:31:14;2023-05-08 20:21:40;2020-03-02 05:04:50;SO70882;35-6579-94037;54294;21;1849,47;17,8;674,07;6440,04;Comment 5760
20622;2022-09-27 09:09:46;2023-03-10 08:35:04;2023-12-08 18:47:35;SO25920;98-8354-24626;85539;2;5048,14;265,32;317,36;162,48;Comment 5761
24512;2021-12-06 03:34:30;2022-10-24 12:31:32;2020-05-10 05:59:00;SO17326;17-6178-77430;72293;30;573,24;315,06;801,8;8169,52;Comment 5762
89062;2023-02-10 08:22:56;2022-06-24 02:28:57;2021-09-14 08:24:00;SO73591;71-9532-69420;22329;3;5869,63;479,43;226,54;17184,96;Comment 5763
45310;2022-10-29 15:38:00;2020-03-22 07:50:40;2023-04-29 10:15:34;SO85685;33-1973-80101;89565;42;4626,87;311,02;549,11;17773,18;Comment 5764
98980;2023-09-23 19:58:08;2021-01-06 18:08:28;2023-04-10 09:23:21;SO18614;78-5514-83427;33265;41;7123,35;118,02;161,8;1076,34;Comment 5765
14068;2022-04-03 04:39:49;2020-09-18 22:50:55;2021-01-20 03:33:37;SO30943;23-8510-71623;45744;16;3369,7;189,78;41,72;10710,09;Comment 5766
55555;15/10/2024 22:46;15/10/2024 22:47;15/10/2024 22:48;SO33333;12-3456-78901;54321;15;2536,75;142,3;326,15;4652;Comment 5767
